med_id,medicine_name,type,months_to_expiry,unit_cost
F74V467869,Atcillin,Diuretic,12,80
S0C339434,Watervir,Antibiotic,12,500
V20Q699021,Avoidvir,Antihistamine,12,105
G88J77491,Afterzepam,Immunosuppressant,12,60
V34E712510,Reasonstatin,Antidepressant,12,50
N32Z47583,Playervir,Steroid,12,300
Y94X587014,Withoutol,Antipyretic,12,150
K78N229140,Internationalstatin,Cardiovascular,12,70
M1D613025,Policystatin,Antidepressant,12,600
B62D577498,Patterncillin,Respiratory,12,100
O73T30219,Mentionzepam,Vaccine,12,300
U76X424808,Riskstatin,Steroid,12,550
H8B963476,Choiceol,Antipsychotic,12,50
N13W799827,Servicecillin,Diuretic,12,300
H43L260809,Pullvir,Antidepressant,12,550
J58Y630872,Storyzepam,Antibiotic,12,400
F34Q646097,Receivevir,Antiviral,12,600
B60C938598,Courtzepam,Antipsychotic,12,300
R20J514421,Windzepam,MuscleRelaxant,12,300
P14Q257502,Waitcillin,Diuretic,12,250
A62Q707587,Specificol,Anti-inflammatory,12,85
W4T418264,Thanstatin,Diuretic,12,400
O53R731540,Nextin,Vaccine,12,200
E17E777184,Thusvir,Cardiovascular,12,55
M53M425920,Describecillin,Anticonvulsant,12,90
B11W538643,Outvir,Steroid,12,450
C76H801170,Recentol,Anticoagulant,12,60
K41Q718129,Passzepam,Diuretic,12,500
Q30G434836,Receivevir,Diuretic,12,120
E5A46512,Secondvir,Anticonvulsant,12,105
J43S483861,Seatstatin,Vitamin,12,70
D3O743469,Oncezepam,Analgesic,12,300
L53U989068,Thusstatin,MuscleRelaxant,12,300
M90M542498,Networkin,Vaccine,12,550
V7I81730,Reducevir,Anticonvulsant,12,75
R10C218362,Artvir,Steroid,12,90
B75O722108,Mindin,Antibiotic,12,80
A84K548114,Patternxone,Antifungal,12,50
D88B652412,Evidencestatin,Antipyretic,12,200
T65J13478,Hairzepam,Anti-inflammatory,12,95
A98W386419,Figureol,Steroid,12,550
K36A672024,Barin,Antihistamine,12,95
T0J281879,Ownol,Vitamin,12,450
M88Z815999,Thenol,Antifungal,12,300
G15D743257,Colorzepam,Antihistamine,12,95
X73G975373,Havexone,Antihistamine,12,95
M69U970634,Appearol,Respiratory,12,85
M84X533374,Agentxone,MuscleRelaxant,12,250
F98X635742,Theorystatin,Antifungal,12,115
U12R98861,Wouldzepam,Antibiotic,12,110
W52W315220,Securitycillin,Antiviral,12,75
S55U763138,Newsvir,Vaccine,12,200
R59Q61321,Fatherol,Cardiovascular,12,600
V8E601567,Imaginecillin,Diuretic,12,110
L11C147492,Opportunityxone,Antibiotic,12,450
N30F56709,Surevir,Antipyretic,12,70
Z50G611835,Fullstatin,Antipsychotic,12,150
H66B701105,Learnol,Antipsychotic,12,650
V96Z476779,Writein,Vitamin,12,50
L37D664116,Productol,Diuretic,12,50
A96C936329,Ourin,Anti-inflammatory,12,70
J78C10246,Fishin,Analgesic,12,45
N15R273664,Conferencezepam,Antihypertensive,12,95
C23L696855,Headvir,Antipyretic,12,500
I65P683902,Barstatin,Anti-inflammatory,12,300
A73B23411,Onlyin,Vitamin,12,600
X67I577685,Thingvir,Antipyretic,12,600
T74D783629,Continueol,Anti-inflammatory,12,130
E38B620290,Abovecillin,Antifungal,12,600
T55Y895099,Writezepam,Vaccine,12,200
K24K334625,Bestin,MuscleRelaxant,12,500
Z13F849830,Offol,Vaccine,12,550
G98R483190,Goalxone,MuscleRelaxant,12,50
J71H869476,Regionzepam,Respiratory,12,105
V26S291755,Capitalin,Antihistamine,12,400
N84J95802,Shoulderol,Anticonvulsant,12,650
P46I983206,Pricezepam,Vaccine,12,600
Z22T345578,Democraticzepam,Antipyretic,12,80
X39W350106,Authorol,Diuretic,12,135
Y76G27586,Winin,Respiratory,12,70
S73B500504,Threatin,Antifungal,12,600
C7L472478,Mouthxone,Anticonvulsant,12,300
I92G735937,Teachxone,Antifungal,12,150
E78O562213,Effectxone,Anti-inflammatory,12,550
U38Q111198,Guessxone,Antifungal,12,600
O16K271267,Newszepam,Immunosuppressant,12,50
X14Q901275,Spendzepam,Diuretic,12,65
V16N258803,Churchol,Vitamin,12,600
X58U768313,Sharein,Antidepressant,12,200
B0M207521,Whatevercillin,Anti-inflammatory,12,500
O46P350595,Rateol,Anticoagulant,12,95
F36L874767,Firmin,Anti-inflammatory,12,90
V57N430219,Freexone,Antipsychotic,12,120
I24Q584517,Simplein,Cardiovascular,12,650
U35K702611,Pickstatin,Anticoagulant,12,90
T76Y682639,Firevir,Respiratory,12,250
D19S237935,Allowol,Anticoagulant,12,65
Y84P200916,Democratxone,Antidepressant,12,105
A85K129736,Servicexone,Steroid,12,300
V61S576515,Continueol,Antipsychotic,12,200
Z78A347603,Wellzepam,MuscleRelaxant,12,550
R63T821529,Somethingstatin,Steroid,12,100
X69W175958,Existcillin,MuscleRelaxant,12,75
P89I43268,Leavexone,Antifungal,12,90
Q52Y873210,Thousandstatin,MuscleRelaxant,12,650
J66U514693,Firmxone,Anticoagulant,12,105
O46B994222,Benefitin,Antipyretic,12,550
Z75R657370,Theyxone,Antibiotic,12,105
X85Y523735,Lawyerstatin,Antipsychotic,12,450
P58I683536,Materialstatin,Antifungal,12,250
T18C625111,Audiencein,Antifungal,12,500
E57L220891,Forxone,Cardiovascular,12,550
K99D188517,Environmentstatin,Immunosuppressant,12,300
S72B971206,Actuallyxone,Anti-inflammatory,12,450
Z60G159503,Prettyvir,Antipsychotic,12,500
W0M712424,Centralin,Steroid,12,90
H26J961419,Tostatin,Antiviral,12,55
Y0W359779,Churchzepam,Anticonvulsant,12,70
W65Y553435,Mostin,Vitamin,12,100
M62P329303,Interestingstatin,MuscleRelaxant,12,500
G76D368517,Federalol,Steroid,12,95
K1L750494,Weightol,Antiviral,12,60
H58T134460,Carrycillin,Antipsychotic,12,250
V8X675805,Countryvir,Respiratory,12,75
N73C571518,Safestatin,Anticoagulant,12,300
V14F848878,Finevir,Diuretic,12,300
O82E193901,Employeestatin,Antihypertensive,12,70
V79L728736,Thankol,Respiratory,12,450
O30E395123,Eachstatin,Vitamin,12,120
Z28U485571,Rockxone,MuscleRelaxant,12,300
C11M748254,Downstatin,Antipyretic,12,110
Z76M679092,Thankzepam,Antihypertensive,12,55
S29H713417,Cameraxone,Antipyretic,12,450
I38Y853380,Girlzepam,Cardiovascular,12,55
Z59F732730,Weightvir,Immunosuppressant,12,55
X61T466186,Growthol,Anticonvulsant,12,75
Q17W13426,Acrosszepam,Vitamin,12,70
J99C830815,Leftin,MuscleRelaxant,12,100
G19P560272,Meetcillin,Diuretic,12,450
W98Y958265,Makeol,Vaccine,12,600
U60T605175,Majorvir,Analgesic,12,80
D13W988754,Needin,Antihypertensive,12,250
G38I966618,Authorcillin,Anticonvulsant,12,80
Q98W88788,Twocillin,Steroid,12,650
G6L881473,Upstatin,Anticoagulant,12,150
H49L382013,Girlvir,Antihypertensive,12,550
N64E112203,Deepzepam,Antidepressant,12,450
L14W178710,Happyin,Antifungal,12,120
O95O208434,Monthin,Vitamin,12,250
Z99P432730,Floorstatin,Vaccine,12,350
E90K306921,Storevir,Anticoagulant,12,300
K95D787518,Energyxone,Immunosuppressant,12,95
G78D852923,Socialvir,Diuretic,12,550
W15Q657640,Stagecillin,Vaccine,12,105
T64J41804,Magazineol,Antidepressant,12,500
C54J176343,Toxone,Respiratory,12,65
K22O33610,Analysisin,Antipsychotic,12,200
V22Q610099,Pickstatin,Antihypertensive,12,55
A68F481568,Politicsin,Antipyretic,12,110
F36K514871,Roadcillin,Antifungal,12,600
R62E165593,Hearxone,Antibiotic,12,300
U59H444060,Tablevir,Antidepressant,12,650
V28U945913,Physicalstatin,Antihistamine,12,400
A42W509459,Focusxone,Antipyretic,12,250
P56C639999,Peoplezepam,Antifungal,12,650
W89R581178,Leaderstatin,Antihypertensive,12,550
H78A176483,Candidateol,MuscleRelaxant,12,130
V23U961192,Almostvir,Anticoagulant,12,90
O92J204634,Partxone,Antidepressant,12,250
R15O989453,Ballxone,Antiviral,12,55
T78I428662,Variousxone,Diuretic,12,250
Q89M482551,Hospitalol,Immunosuppressant,12,115
A41W422450,Orderol,Vaccine,12,250
J49Q689540,Instatin,Analgesic,12,300
F27F631601,Herselfxone,Steroid,12,95
E41V116735,Executivevir,Antiviral,12,500
V57N173967,Somethingzepam,Anti-inflammatory,12,600
J82H376101,Certainlyzepam,Anti-inflammatory,12,95
K93F808509,Weekol,Analgesic,12,300
Z82O638809,Almostcillin,Antipyretic,12,100
H50L595421,Fivezepam,Anticoagulant,12,150
F63M313190,Noticecillin,Antifungal,12,650
J81H634997,Smilevir,Antifungal,12,200
Q42T167912,Realvir,Vitamin,12,65
R7E864301,Manycillin,Cardiovascular,12,95
Q40Z717350,Addresscillin,Antipsychotic,12,300
P86T429084,Meol,Vaccine,12,350
P28Z661614,Myxone,Analgesic,12,95
U20Z948376,Interestingvir,MuscleRelaxant,12,300
T90N301789,Themselvescillin,Antidepressant,12,300
Y7G883541,Cameraxone,MuscleRelaxant,12,125
R97Q705587,Losevir,Respiratory,12,80
N63R291676,Onezepam,Vaccine,12,350
S65K843606,Duringstatin,Antipsychotic,12,400
X45I513712,Givestatin,MuscleRelaxant,12,80
K67Q320373,Taxxone,MuscleRelaxant,12,95
O24P607434,Itselfxone,Vaccine,12,85
J19O936027,Particularcillin,Anticonvulsant,12,65
D55Q34445,Mattercillin,Respiratory,12,70
E87A764864,Centralin,Antihistamine,12,450
I35U350089,Needxone,Antifungal,12,80
S37B741222,Supportzepam,Anti-inflammatory,12,50
K88G788569,Reallyvir,Antihypertensive,12,450
P30M548234,Avoidcillin,Antihypertensive,12,400
G52M563344,Takezepam,Antihypertensive,12,200
L55C108038,Goodol,Antifungal,12,250
T90F895948,Studentcillin,Diuretic,12,300
L57I251712,Newcillin,Steroid,12,55
V19A755512,Differentin,Diuretic,12,55
J9B989418,Requireol,MuscleRelaxant,12,95
K41S682946,Thenzepam,Antiviral,12,115
S27W287033,Societystatin,Cardiovascular,12,55
J88U143628,Wrongvir,Antipyretic,12,75
V58Q183865,Focusol,Steroid,12,70
G19J138162,Neverzepam,Analgesic,12,95
K45S990063,Buyxone,Steroid,12,300
G92X779653,Successfulzepam,Antipyretic,12,80
R89Q762054,Womancillin,Antihypertensive,12,500
D78D354723,Kindvir,Immunosuppressant,12,115
Z47Z254449,Mentioncillin,Antipsychotic,12,55
H59H333295,Tryin,Steroid,12,250
Q41E633582,Politicsol,Antiviral,12,90
Q89X423980,Directionzepam,Cardiovascular,12,140
U25S874861,Hereol,Antidepressant,12,550
D64P253482,Memoryvir,Anti-inflammatory,12,200
P18Z769524,Hezepam,Analgesic,12,650
N11B598074,Specialol,Antifungal,12,450
M28S75673,Turnvir,Antiviral,12,65
D69T411306,Thezepam,Steroid,12,300
K47B430186,Differencevir,MuscleRelaxant,12,70
A40V2061,Coldol,Anticoagulant,12,150
K14Z969081,Ideaol,Steroid,12,300
N30G703198,Nationalxone,Respiratory,12,85
M88U997280,Agein,Antihistamine,12,650
X14X457653,Carxone,Analgesic,12,80
S17P152080,Chaircillin,Anticoagulant,12,200
C73A107756,Andcillin,Antipyretic,12,650
T47U995492,Testzepam,Antibiotic,12,150
L75J1802,Publicol,Immunosuppressant,12,500
R74L474867,Takestatin,Analgesic,12,250
A91J786107,Kidzepam,MuscleRelaxant,12,150
F39N634913,Sitzepam,MuscleRelaxant,12,300
Q88J845136,Goodstatin,Cardiovascular,12,85
A9G559062,Classstatin,Anticoagulant,12,70
R87A931142,Figurecillin,Steroid,12,55
A97Q976161,Costzepam,Antipyretic,12,150
P98C692428,Buyvir,Antidepressant,12,50
P79S200538,Qualityvir,Steroid,12,650
P45T654955,Sectionxone,Vitamin,12,150
U40H554101,Mediain,Antihistamine,12,110
P35E162544,Ideain,Diuretic,12,250
I13A604649,Middleol,Antihypertensive,12,105
J16M288496,Involvexone,Antidepressant,12,500
R42Q589259,Optionvir,Antihistamine,12,650
G7Z520291,Articlestatin,Antifungal,12,300
A92X401927,Himol,Respiratory,12,250
X66D8602,Voicevir,Vaccine,12,65
R19X66576,Treatmentxone,Cardiovascular,12,110
Z89L284744,Somebodycillin,Anti-inflammatory,12,150
D84A919174,Experiencexone,Anticoagulant,12,70
I32F691644,Maintainol,Antihistamine,12,90
V4U451295,Rulestatin,Antiviral,12,150
U3Y21752,Specificin,Antipsychotic,12,300
Y41C672363,Improveol,Immunosuppressant,12,60
Y2Q197671,Samezepam,Vaccine,12,300
Z38O641651,Jobol,MuscleRelaxant,12,135
O25W204962,Hezepam,Antifungal,12,250
N89X922108,Workerol,Antipsychotic,12,80
N59G191953,Suchol,Antihypertensive,12,500
S81P331666,Policein,Antipsychotic,12,400
A71H454921,Networkxone,Antihistamine,12,550
I41I492000,Momentstatin,Immunosuppressant,12,90
X44Y419288,Televisionol,Antihypertensive,12,300
E15E72941,Identifyzepam,Cardiovascular,12,350
Y34P429371,Politicalol,Antipyretic,12,115
I68F167782,Arguestatin,Anti-inflammatory,12,105
I4X229227,Daughterstatin,Cardiovascular,12,250
I67Y878590,Indeedol,Antidepressant,12,100
C76S594864,Bodyxone,Respiratory,12,600
I40N300841,Noticeol,Antihypertensive,12,100
F60T428507,Feelvir,Cardiovascular,12,45
T50D330476,Choosecillin,MuscleRelaxant,12,120
F83B906785,Laterin,Antiviral,12,60
S66M449402,Laterzepam,Antipsychotic,12,100
U6R99569,Gunol,Anticonvulsant,12,300
O90C785701,Sisterxone,Antidepressant,12,500
I71S627326,Identifystatin,Diuretic,12,400
C92U805428,Becausein,Antihypertensive,12,120
E76E797998,Westernzepam,Antifungal,12,75
V74M156937,Responsibilitycillin,Antiviral,12,80
M5F350538,Decidezepam,Antihypertensive,12,105
A23U435496,Checkstatin,Cardiovascular,12,90
V47L385486,Crimezepam,Vaccine,12,550
C94L281733,Communityin,Antibiotic,12,300
R95Z50146,Tellstatin,Diuretic,12,55
U83T993970,Ain,Vitamin,12,350
P27S81809,Faststatin,MuscleRelaxant,12,350
J15I808994,Starzepam,Diuretic,12,60
B66A732573,Rightzepam,Anti-inflammatory,12,100
T88R708256,Truthvir,Antipyretic,12,350
Y90V397520,Pressurecillin,Antidepressant,12,65
R28P678164,Sensecillin,Vaccine,12,450
E76J561311,Nextcillin,Immunosuppressant,12,125
M62I341585,Thoughol,Diuretic,12,300
K68A824404,Decidevir,Antibiotic,12,600
C75Z906642,Changestatin,Vitamin,12,250
B62O876034,Townstatin,Vaccine,12,115
C11X255301,Foreignvir,Vaccine,12,100
S38Z869555,Happenzepam,Antiviral,12,200
T36Y975908,Variousol,Antihistamine,12,85
H51E972753,Paststatin,Diuretic,12,350
H70B449456,Eightol,Antifungal,12,550
I37N113591,Westin,Anticonvulsant,12,75
H22M111512,Seasonvir,Antihistamine,12,50
T73B127929,Thisxone,Antihistamine,12,80
I63X676873,Checkin,Anticoagulant,12,65
D31S810256,Avir,Respiratory,12,200
J21X378880,Experiencein,Analgesic,12,150
D29F787987,Kindxone,Anti-inflammatory,12,300
B34P769373,Doin,Vitamin,12,650
H15P949960,Oncein,Antihistamine,12,75
Y6J945093,Artcillin,Respiratory,12,110
G72R956698,Forol,Anti-inflammatory,12,200
U50G147036,Happyvir,Anticoagulant,12,500
U52B709612,Fineol,Antiviral,12,200
I7W437720,Hospitalin,Immunosuppressant,12,600
E90V477060,Thoughtzepam,Cardiovascular,12,450
B98K25018,Securityin,Antiviral,12,115
K46E751428,Bothcillin,MuscleRelaxant,12,85
I11I571993,Upol,Antidepressant,12,115
T11F373685,Bagcillin,Antidepressant,12,500
B3Q343150,Talkcillin,MuscleRelaxant,12,50
S30M828408,Keepcillin,Antipyretic,12,200
W91B406807,Fieldin,Vitamin,12,300
H11Z65786,Timestatin,Anticonvulsant,12,200
L18Q245375,Enjoycillin,Anticoagulant,12,75
R88W974714,Artistzepam,Immunosuppressant,12,300
T88R961411,Putol,Antipsychotic,12,600
U79W187107,Occurxone,Analgesic,12,55
A4W163024,Participantcillin,Diuretic,12,150
H97H616753,Managementxone,Vaccine,12,80
F96R446229,Orstatin,Anti-inflammatory,12,350
H79M324055,Realvir,Vitamin,12,55
D72Y675560,Writexone,Analgesic,12,200
X43U532764,Oftenxone,Antipyretic,12,110
D24C973004,Stateol,Antifungal,12,145
E62L864541,Centuryin,Antiviral,12,85
H77N656968,Actol,Antibiotic,12,650
B0W158339,Foodol,Antihypertensive,12,250
V57Y647495,Cupin,Respiratory,12,450
E58P680625,Possiblecillin,Antibiotic,12,80
E62S86038,Inol,MuscleRelaxant,12,120
J94K107913,Groupin,Steroid,12,200
D37S887158,Chairol,Steroid,12,300
F6F612199,Politicalvir,Diuretic,12,200
V84Z849833,Formerol,Antipyretic,12,600
M74K446831,Placezepam,Antifungal,12,120
Q93T762389,Pickvir,Antibiotic,12,400
W68P839310,Directorvir,Antidepressant,12,200
X83K591552,Gasxone,Respiratory,12,80
Q91C867536,Smallcillin,Antiviral,12,65
S96Z702702,Happyin,Antipsychotic,12,500
Q27P526585,Yesvir,Analgesic,12,600
B77L536700,Perhapszepam,Vitamin,12,90
J68I396969,Democraticol,MuscleRelaxant,12,350
Y51W162172,Howeverol,Anticoagulant,12,75
Y57E849503,Finishzepam,Anti-inflammatory,12,350
Q74W45199,Measurexone,Anti-inflammatory,12,80
D71Z195978,Formstatin,Anti-inflammatory,12,110
S47H871496,Behindxone,Respiratory,12,500
H31Z11954,Traditionalol,Immunosuppressant,12,650
V59V749303,Increasecillin,Immunosuppressant,12,150
H44Q378730,Republicanzepam,Respiratory,12,300
B7Q266421,Mightol,Antipyretic,12,105
O2O830910,Entirein,Analgesic,12,150
O67A603844,Coldol,Antipsychotic,12,75
F65I342630,Thousandxone,Vitamin,12,100
F12C535578,Clearin,Antifungal,12,600
D22W231613,Redvir,Cardiovascular,12,95
X23K28744,Fearzepam,Respiratory,12,115
A12Z288533,Existol,Antihypertensive,12,90
K29P760377,Lookcillin,Antiviral,12,200
N76B802183,Termol,Antibiotic,12,70
X23H760822,Despitezepam,Antidepressant,12,300
K82P410382,Developvir,Antidepressant,12,350
J56S560489,Democraticol,Anticoagulant,12,120
Z32D243343,Possiblexone,Respiratory,12,350
K99R805037,Darkzepam,Anticonvulsant,12,400
D20W583939,Directorxone,Antiviral,12,90
T40H643106,Chargecillin,Antihypertensive,12,400
L9X327490,Dropzepam,Anti-inflammatory,12,400
G49U984435,Forwardzepam,Vitamin,12,115
K17H841986,Morningzepam,Antifungal,12,60
Y27M994221,Mustol,Antipyretic,12,350
N0Y659840,Thanzepam,Antipyretic,12,450
G15Z722741,Pagezepam,Cardiovascular,12,250
X59J608674,Establishol,Respiratory,12,55
Z12H484677,Ontocillin,Analgesic,12,75
D70J972757,Conditionstatin,Antifungal,12,450
R80Y483031,Interestingxone,Antifungal,12,90
G30M721122,Republicanvir,MuscleRelaxant,12,600
Q16O749682,Openstatin,Steroid,12,350
S56P739478,Bothin,Anti-inflammatory,12,300
F15C782836,Onin,Vitamin,12,80
A57A337496,Chancexone,Antiviral,12,90
N80C220367,Popularxone,Immunosuppressant,12,450
C0M305964,Stagein,Antipsychotic,12,105
H58K735006,Audiencevir,Respiratory,12,85
F5B271597,Onceol,Antibiotic,12,115
U54D396880,Oftenvir,Vaccine,12,400
X29O726969,Adultxone,Vitamin,12,550
F50O756044,Himin,Analgesic,12,350
D84A754620,Fillol,Antifungal,12,200
M8U902415,Duringcillin,Diuretic,12,550
H41I297756,Classzepam,Antihypertensive,12,90
W20H131713,Specificxone,Antihistamine,12,350
X27A81002,Modelol,Antihistamine,12,120
P57Y467172,Dreamol,Diuretic,12,600
E45N655740,Westvir,Antidepressant,12,95
M64H304514,Writestatin,Antipsychotic,12,70
H21L537643,Generationcillin,MuscleRelaxant,12,650
B0I581458,Wezepam,Antipyretic,12,300
W73L65047,Largexone,Antidepressant,12,95
D31N924921,Performin,Antipyretic,12,115
V25J759977,Mein,Antifungal,12,400
K66Z157374,Listvir,Antibiotic,12,70
A6Y291217,Ofzepam,MuscleRelaxant,12,120
C49Q820074,Firmol,Analgesic,12,300
H78G32474,Dropvir,Cardiovascular,12,650
M92Y167448,Certainlyvir,MuscleRelaxant,12,95
W26S841793,Yourol,Antipsychotic,12,400
L3I937957,Rateol,Immunosuppressant,12,200
W46S20437,Fillcillin,Respiratory,12,650
B50U575328,Wantcillin,Antibiotic,12,400
C66N115897,Approachvir,MuscleRelaxant,12,300
W67Y929817,Forwardvir,Diuretic,12,75
Q2L245905,Opportunityxone,Cardiovascular,12,150
V59O334458,Opportunityzepam,MuscleRelaxant,12,105
M49U112728,Artcillin,Steroid,12,75
E14L33890,Othersin,Antiviral,12,350
G27K722930,Clearol,Anti-inflammatory,12,500
Y50J29468,Millionzepam,Anticonvulsant,12,100
N98B965042,Foodol,Antiviral,12,450
C5R902285,Risevir,Antipsychotic,12,300
B93E606068,Standardzepam,Analgesic,12,65
F75R488481,Eachol,Vitamin,12,500
X57I983968,Possiblecillin,Vitamin,12,75
E76R807625,Withvir,Antidepressant,12,60
F18D174643,Hitstatin,Antiviral,12,500
B63T430748,Sourcevir,MuscleRelaxant,12,85
E11P150967,Currentvir,Antiviral,12,300
O66S929992,Cutol,Immunosuppressant,12,115
J89V189036,Revealol,Antipsychotic,12,350
Z80Q368578,Coverin,Antipsychotic,12,150
F5A879054,Sixin,Antidepressant,12,120
P60L594087,Maycillin,Antihypertensive,12,600
V56D404483,Consumerin,Anticonvulsant,12,90
F67M198755,Necessaryol,Anti-inflammatory,12,105
E3G977184,Wholevir,Vaccine,12,250
V59G319299,Personstatin,Analgesic,12,80
J40P68802,Improvecillin,Antihypertensive,12,200
E34G875524,Beforevir,Vitamin,12,115
Q5Z559437,Authorityzepam,Antifungal,12,65
E49F937544,Internationalstatin,Cardiovascular,12,350
V78H642391,Howcillin,Anticonvulsant,12,400
O69Q522090,Fightvir,Vaccine,12,90
O7N651239,Okvir,Antihypertensive,12,500
F69L342697,Firmol,Antipsychotic,12,300
D21I247427,Probablystatin,Diuretic,12,75
T32E559456,Researchol,Antiviral,12,50
J51Y785710,Beyondzepam,Antibiotic,12,90
U5T707347,Mouthstatin,MuscleRelaxant,12,200
R1K49126,Tendstatin,Antipyretic,12,250
L72M731559,Areavir,MuscleRelaxant,12,300
E21V841220,Projectol,Antifungal,12,65
M16C99010,Latervir,Anti-inflammatory,12,115
Z24W675896,Politicalstatin,Antidepressant,12,300
M70G822503,Missin,Antifungal,12,150
D61L805215,Starcillin,Antihistamine,12,90
A77X611527,Modelin,Vaccine,12,80
A38S670581,Ableol,Antihistamine,12,105
E19W253444,Streetstatin,Steroid,12,125
F31E194938,Intostatin,Anticonvulsant,12,115
A99O622259,Comparexone,Antifungal,12,200
T99A132785,Soldierol,Anticonvulsant,12,200
S54T374624,Assumevir,Anti-inflammatory,12,90
F31Q374483,Billcillin,Diuretic,12,105
A78E552320,Breakin,Anti-inflammatory,12,60
L56Y714091,Considerin,Antidepressant,12,450
F11Z385562,Humanzepam,Analgesic,12,75
T91O299877,Layin,Antihistamine,12,115
X12B321306,Leadvir,Antibiotic,12,400
B10Y35831,Racein,Steroid,12,85
C55B711999,Fishzepam,Steroid,12,650
H70V571721,Ablecillin,Antidepressant,12,450
G48U597043,Degreexone,Antifungal,12,350
Z65W788684,Recognizezepam,Diuretic,12,400
Y2J783046,Occurvir,Antiviral,12,550
P3R946054,Finishstatin,Vitamin,12,350
E93W934132,Stockol,Antihypertensive,12,300
U8V454633,Everythingxone,Antipsychotic,12,450
T82U770965,Checkcillin,Antifungal,12,150
V86C469798,Nonecillin,Anti-inflammatory,12,145
S4Y506222,Bornstatin,Anticoagulant,12,150
J83Q877596,Waitstatin,Analgesic,12,350
B8Z945033,Whichol,Vaccine,12,150
I80T77109,Clearin,Respiratory,12,600
O74J448610,Plantstatin,Antidepressant,12,150
S31S330574,Candidatein,Antipyretic,12,95
W53G800783,Actionin,Antidepressant,12,250
B72P594188,Responsestatin,Antihypertensive,12,90
I29X740441,Herselfin,Antipyretic,12,70
Q97C367660,Weightvir,Anticoagulant,12,120
T74L661900,Gardenin,Antipsychotic,12,75
R35O670784,Middlezepam,Antibiotic,12,300
P82E688484,Everybodyin,Antidepressant,12,145
F90L466449,Agreementvir,Antifungal,12,400
F35L437676,Comparein,Vaccine,12,300
M37I830168,Ownervir,Steroid,12,550
F64G596695,Allowin,Antidepressant,12,400
K12J206738,Regionxone,Steroid,12,60
U85J483656,Pagexone,Antihistamine,12,350
Y89P800329,Drawol,Respiratory,12,75
O54K243840,Downcillin,Antibiotic,12,450
K24V6060,Babycillin,Antifungal,12,65
M53G597841,Raisein,Vaccine,12,115
U34H546140,Voicexone,MuscleRelaxant,12,65
B14T780947,Doxone,Antipyretic,12,450
B65P409759,Radiovir,Anti-inflammatory,12,300
G86W957823,Importantol,Antipyretic,12,80
J90M126751,Myol,Steroid,12,110
R40C200912,Reallyin,Antiviral,12,400
T81C196475,Easyvir,Diuretic,12,400
O95T717454,Outin,Antibiotic,12,80
C11X180842,Leaderstatin,Respiratory,12,250
P86B348190,Commonvir,Immunosuppressant,12,200
O95H397147,Leftin,Respiratory,12,150
K53D721723,Behaviorxone,Antihypertensive,12,85
W47D573169,Religiouszepam,Anticonvulsant,12,140
N23J814001,Economyxone,Antiviral,12,140
V9T697928,Approachvir,Antiviral,12,120
C82E316733,Takestatin,Antiviral,12,85
W84N493229,Assumein,Anticoagulant,12,200
I68G196002,Kitchenstatin,Antifungal,12,400
Q57P430711,Severalin,Antibiotic,12,105
K91H343832,Seniorxone,Vitamin,12,65
K75G99146,Goin,Antifungal,12,70
A66O24614,Countryzepam,Anticonvulsant,12,50
U94R443779,Stationin,Cardiovascular,12,650
V80C49599,Stopol,Immunosuppressant,12,90
C35H586201,Professorxone,Vaccine,12,650
V12F944767,Considervir,Cardiovascular,12,65
E93U307812,Buildin,Anticonvulsant,12,150
U37D210864,Requirevir,Vitamin,12,450
K60O78911,Visitzepam,Antifungal,12,150
X50F19773,Needzepam,Antidepressant,12,450
W83I168523,Piecevir,Antipsychotic,12,500
N95Z7276,Considerol,Antihypertensive,12,650
P61Q221933,Gunzepam,Anti-inflammatory,12,350
B28C819608,Unitstatin,Antihistamine,12,55
V68H508836,Leavexone,Respiratory,12,500
R73I147474,Collegein,Anticoagulant,12,600
E57L29108,Boardzepam,Vaccine,12,65
O82T628959,Abilitystatin,Vaccine,12,300
B90Z491412,Careerol,Antihistamine,12,500
Y78W421773,Imageol,MuscleRelaxant,12,650
D24I157796,Fromxone,Respiratory,12,135
R40M446193,Aroundxone,Antihypertensive,12,300
Z95H219687,Centralin,Anticoagulant,12,600
Y16C348748,Culturalxone,Antipyretic,12,200
X71H111091,Eveningin,Anticoagulant,12,450
K69Q160573,Aftercillin,Analgesic,12,95
T88A663119,Appearcillin,Analgesic,12,600
J42G977261,Dropin,Immunosuppressant,12,110
Y73H355706,Mrxone,Analgesic,12,120
R33I168017,Seniorstatin,Antipyretic,12,400
S73D380403,Seasoncillin,Vitamin,12,90
G61X945282,Adultol,Antipsychotic,12,75
H64Z303255,Herevir,Diuretic,12,400
R72V347147,Finishcillin,Antihistamine,12,105
E29W882716,Beautifulvir,Anticonvulsant,12,550
A67H148568,Comparecillin,Antihypertensive,12,200
J29R167117,Sufferxone,Analgesic,12,115
S81V883072,Collegexone,Antibiotic,12,650
L23E161124,Worryxone,Anticoagulant,12,70
C61A756473,Reallyvir,Vitamin,12,50
C52L355668,Actuallyin,Antifungal,12,85
I65P558715,Possiblevir,Anticoagulant,12,110
A61M23854,Otherscillin,Vitamin,12,60
Y2N142192,Energyzepam,Antipsychotic,12,400
F0M435550,Totalstatin,Cardiovascular,12,200
Q62B767009,Closexone,Antiviral,12,70
F99N554609,Attentionstatin,Antifungal,12,150
J95X186253,Indicatevir,Antibiotic,12,120
E61K721855,Meetingin,Antibiotic,12,450
U7W250198,Wifeol,Cardiovascular,12,400
G13J586054,Certainlyzepam,Vaccine,12,50
V6Y820932,Onvir,Respiratory,12,300
S17W435577,Termvir,Anti-inflammatory,12,70
L90C650383,Mightzepam,Vaccine,12,250
F18C699693,Racevir,Antifungal,12,650
I95U363639,Modelol,Vaccine,12,550
F24M960405,Democraticvir,Vitamin,12,450
R70J915316,Expertcillin,Analgesic,12,500
E85B310895,Collectionin,Cardiovascular,12,75
P80I717052,Filmstatin,Anti-inflammatory,12,450
J28T524488,Yearstatin,Anticoagulant,12,80
D3S626241,Forwardin,Antibiotic,12,450
S80J236552,Cupcillin,Antifungal,12,450
H73J77812,Stockvir,MuscleRelaxant,12,70
W39C857369,Bringstatin,Antipyretic,12,350
R70G970669,Sometimesxone,Steroid,12,70
P60G695993,Positivexone,Antipsychotic,12,250
M50D806449,Notol,Diuretic,12,300
E98H146994,Icillin,Antihypertensive,12,115
D0A131246,Laystatin,Antidepressant,12,350
O49R705902,Certaincillin,Vaccine,12,95
C87J95180,Dreamcillin,Antihypertensive,12,90
B44Z339519,Morecillin,Antipyretic,12,450
M46P639814,Missioncillin,Vitamin,12,75
E95F725005,Basexone,Anti-inflammatory,12,350
P61V995723,Socialzepam,Antiviral,12,650
J29B689349,Nevercillin,Antihistamine,12,105
V33D413559,Tendvir,Antihistamine,12,65
L15C17710,Lastin,Antipyretic,12,650
E63D255578,Onevir,Diuretic,12,75
T52M842252,Eaststatin,Cardiovascular,12,650
B83G949777,Darkvir,Antihypertensive,12,400
Y33O283640,Educationstatin,Respiratory,12,80
Q63C968497,Sciencein,Antiviral,12,85
V81C222731,Latestatin,Antihistamine,12,55
K26E260034,Weightin,Antidepressant,12,70
E99D219884,Majorzepam,Antihypertensive,12,70
W71Z189841,Twool,Analgesic,12,600
N16X549495,Providecillin,Respiratory,12,250
T94O908595,Teamin,Anti-inflammatory,12,85
M15P567989,Concernol,Antibiotic,12,550
C13C639023,Foodol,MuscleRelaxant,12,550
V79D528534,Militaryol,Vaccine,12,450
F3A680105,Namestatin,Antibiotic,12,500
G50U428709,Checkzepam,Anticoagulant,12,105
C30T828416,Processzepam,Cardiovascular,12,500
T75F559661,Timein,Anticoagulant,12,250
O59Q159943,Measurevir,Diuretic,12,85
B54J940070,Storezepam,Respiratory,12,50
A76V270391,Afterin,Antiviral,12,90
K63T283668,Throwzepam,Respiratory,12,150
R37N780800,Wrongol,Anticoagulant,12,70
V49Y342521,Suddenlyxone,MuscleRelaxant,12,60
Z39E885873,Orin,Steroid,12,120
L93C466627,Chancexone,Antidepressant,12,50
E27E445927,Nationalol,Anti-inflammatory,12,75
D47V564039,Sitzepam,Vitamin,12,350
H3J59533,Materialstatin,Diuretic,12,500
X60B227619,Fathervir,Cardiovascular,12,135
H95X108881,Pushstatin,Anti-inflammatory,12,200
P35H649821,Heartstatin,Immunosuppressant,12,600
S62L493934,Maincillin,Antiviral,12,120
T74I941307,Fillvir,Diuretic,12,65
K86M985904,Couldzepam,Steroid,12,105
Z50Q810479,Questionxone,Immunosuppressant,12,85
N65X911213,Withoutzepam,MuscleRelaxant,12,45
Y65M190865,Towardstatin,MuscleRelaxant,12,500
E76X787737,Evenstatin,Immunosuppressant,12,80
G50L283233,Aftercillin,MuscleRelaxant,12,45
I43D684114,Todayxone,Antidepressant,12,300
K66S540070,Simplyvir,Steroid,12,400
U18Z203497,Bedzepam,Antidepressant,12,85
F60M752784,Suggestin,Antipyretic,12,300
X53M395849,Riskxone,Immunosuppressant,12,300
F10Y176742,Propertyzepam,Vaccine,12,250
V54N108909,Culturein,Cardiovascular,12,550
X41R134998,Visitvir,Analgesic,12,110
T18R479063,Filmzepam,Cardiovascular,12,300
J42V273737,Youzepam,Cardiovascular,12,500
R87I193492,Informationol,Antipsychotic,12,150
C3X371805,Prettystatin,Antipyretic,12,300
K62F730738,Couldin,Antihistamine,12,450
G10G84052,Audiencezepam,Antidepressant,12,400
Q11U184888,Researchxone,Diuretic,12,300
U84S890115,Discoverxone,Respiratory,12,50
V52O733821,Budgetstatin,Antiviral,12,65
K83P507389,Frontvir,Respiratory,12,95
P9U450506,Eitherol,Vitamin,12,650
I87P636449,Specificzepam,MuscleRelaxant,12,600
P41I698706,Finalol,Antipyretic,12,450
U5P807669,Admitxone,Anticonvulsant,12,75
Q53P924737,Identifyin,Steroid,12,50
I23E447030,Nearlystatin,Anticonvulsant,12,600
O69X582238,Motherzepam,Antipsychotic,12,250
W10Q436420,Pmxone,Anticonvulsant,12,300
S71D607697,Presentstatin,Analgesic,12,150
K72T196712,Eveningvir,Antihistamine,12,600
X73T133515,Eveningzepam,Immunosuppressant,12,65
C51M94473,Believeol,Vaccine,12,600
R46J825628,Adultin,Anticonvulsant,12,75
R24E229130,Couldin,Immunosuppressant,12,550
E51T830960,Centralol,Antidepressant,12,80
A9H606511,Maybeol,Anti-inflammatory,12,70
H59N664632,Dayxone,Cardiovascular,12,150
G42J344531,Dropin,Antifungal,12,60
F33P558333,Happyxone,Antihistamine,12,650
K76H487288,Forcillin,Analgesic,12,650
P97R825478,Presentol,Anticoagulant,12,400
R19B863294,Dealzepam,Antibiotic,12,300
X63T818741,Impactzepam,Steroid,12,65
J31T158038,Centervir,Anticoagulant,12,85
S9M825005,Notxone,Diuretic,12,130
D59C653888,Detailxone,Diuretic,12,110
W93T479672,Wholestatin,Respiratory,12,125
F62S433898,Approachzepam,Antihypertensive,12,120
D99L649728,Gool,Antidepressant,12,450
S76X396783,Occurin,Antipyretic,12,85
R31I687439,Memoryvir,Antifungal,12,70
M87F643097,Guyzepam,Antipyretic,12,350
G20O668019,Datavir,Analgesic,12,200
U11F454522,Backvir,Antibiotic,12,250
S92Q684366,Legvir,Antiviral,12,300
D90U807614,Moneyzepam,Respiratory,12,250
I55E540178,Peoplevir,Anticonvulsant,12,45
Q2V998350,Togetherstatin,Cardiovascular,12,650
Q5N59611,Joinvir,MuscleRelaxant,12,600
K44H436345,Everythingcillin,Diuretic,12,450
P8Q442670,Militarystatin,Antihistamine,12,50
A1Y364188,Schoolstatin,Antihistamine,12,200
O94O468861,Involveol,Antihypertensive,12,250
B44M322583,Differencevir,Analgesic,12,600
Z25O188287,Marriagexone,Immunosuppressant,12,450
K61H482784,Highxone,Antihypertensive,12,95
J60L46685,Loseol,Antipyretic,12,400
B15S750310,Mattercillin,Diuretic,12,550
P85V185173,Offerstatin,Cardiovascular,12,300
F88Z89252,Productionin,Diuretic,12,650
U33T705208,Amountstatin,Antifungal,12,55
F58M279501,Beforein,Antipyretic,12,650
P29K907602,Crimecillin,Antihypertensive,12,105
T81J427189,Humanin,Vaccine,12,450
I88E768909,Taskvir,Diuretic,12,300
W81R15277,Bringol,Antihistamine,12,50
H13A505312,Singol,Antiviral,12,115
X28Z889409,Putstatin,Diuretic,12,60
C84J749697,Createxone,Cardiovascular,12,50
T21O508527,Lifein,Analgesic,12,90
W47Q993335,Religiousxone,Antidepressant,12,650
U0A948338,Structurein,Diuretic,12,85
D38Q588590,Personalol,Analgesic,12,200
L35R198183,Hospitalvir,Antidepressant,12,70
C92J102506,Budgetzepam,Anticonvulsant,12,150
B11Y520534,Studyin,Analgesic,12,100
K55V471758,Chaircillin,Anticonvulsant,12,105
P67F131732,Paystatin,Diuretic,12,300
V76Q936329,Theirzepam,Antipyretic,12,600
N8A328545,Airxone,Diuretic,12,650
F32T784039,Underzepam,Antihypertensive,12,95
X96A129624,Qualityol,Antihypertensive,12,550
C28B492057,Musicstatin,Antidepressant,12,400
H44R241261,Landol,Diuretic,12,60
Z42G53135,Audiencestatin,Anticoagulant,12,85
M99U393605,Billionstatin,MuscleRelaxant,12,120
R13G49123,Notvir,Steroid,12,50
G58B534838,Drawvir,Immunosuppressant,12,105
R16K888229,Forol,Antidepressant,12,145
D55T397569,Naturexone,Antidepressant,12,650
G33I45730,Experiencevir,Anticonvulsant,12,50
A0G473107,Justxone,Cardiovascular,12,300
U87M90088,Meanxone,Antifungal,12,150
L57O816375,Humanvir,Steroid,12,65
S25F128172,Lawyerxone,Antihypertensive,12,450
V48O898506,Everyvir,Vitamin,12,650
G33J531347,Happenxone,Antiviral,12,350
C42I296618,Sourcecillin,Antihistamine,12,80
W54R638700,Situationin,Anti-inflammatory,12,85
F77R362407,Nationalol,Respiratory,12,60
K48J925541,Pointvir,Analgesic,12,400
K16Q184156,Bloodol,Vaccine,12,120
B13L29533,Highin,Diuretic,12,150
K80Q974511,Buildingol,Immunosuppressant,12,50
R41E246037,Comparecillin,Antipyretic,12,250
A45Q22404,Secondzepam,Antidepressant,12,650
S27H45997,Growthin,Antipsychotic,12,450
L76L457276,Warin,Antidepressant,12,250
N95C695848,Duringstatin,Antidepressant,12,55
K4Z902333,Smallzepam,Antidepressant,12,120
S41Z975871,Degreeol,Cardiovascular,12,85
J1C864844,Animalvir,Analgesic,12,115
D55X408472,Womanzepam,Antihistamine,12,115
N8Y560458,Windxone,Respiratory,12,60
J81Q981731,Indeedol,Anticonvulsant,12,115
T27J560316,Figurein,Anti-inflammatory,12,95
A25G12755,Oncezepam,Vitamin,12,60
F97S10029,Whiteol,Anticoagulant,12,150
G57R45007,Buildingol,Diuretic,12,400
R48M197558,Decidestatin,Antifungal,12,100
G17T940595,Centuryvir,Antidepressant,12,550
O22D306606,Smilein,Antihistamine,12,150
R59U359689,Createxone,Anticoagulant,12,115
X59O474523,Actuallyvir,Anti-inflammatory,12,300
V20O462351,Azepam,Anticoagulant,12,550
B84L178531,Scenevir,MuscleRelaxant,12,500
W49L486087,Naturalvir,Antiviral,12,400
Z78B326827,Yetzepam,Antiviral,12,95
S67D639102,Currentzepam,Diuretic,12,400
M54I154558,Capitalstatin,Vitamin,12,50
S51I588849,Finestatin,Anticoagulant,12,550
J49B7115,Starzepam,Anticonvulsant,12,115
Q13I614918,Runol,Antifungal,12,75
M86P552664,Girlin,Antifungal,12,200
B34L572479,Growin,Antiviral,12,105
B61B489683,Economicin,Immunosuppressant,12,75
E37K21012,Raisezepam,Analgesic,12,45
Q82J194477,Riskin,Antihypertensive,12,300
A87F48899,Southvir,MuscleRelaxant,12,500
A82O547990,Cityol,Anticoagulant,12,80
B11D155475,Morningxone,Antihistamine,12,200
W49T941633,Determinevir,Antibiotic,12,95
V66H891044,Oilxone,Antiviral,12,550
R20C22013,Rulecillin,Antipyretic,12,150
S5C590542,Democratzepam,Anti-inflammatory,12,80
C95T37770,Jobin,Diuretic,12,65
V7T714282,Someonevir,Antidepressant,12,120
Y71E275904,Therestatin,Vitamin,12,60
L1J633395,Impactol,Anticoagulant,12,400
Q42D132405,Intool,Analgesic,12,450
J31G437851,Singlevir,Antidepressant,12,65
M1P608992,Beginxone,Vaccine,12,500
H90E758684,Customerxone,Antidepressant,12,250
N76T98193,Thankzepam,Diuretic,12,150
H89N259231,Thatol,Cardiovascular,12,550
E93I213957,Establishin,Vitamin,12,500
V89O210951,Pullstatin,Anti-inflammatory,12,95
J76Y241305,Smallol,Vitamin,12,105
C80Y594641,Planin,Antipsychotic,12,300
T70F268932,Experiencestatin,Antihistamine,12,110
I64T516257,Landxone,Antidepressant,12,95
W87E785010,Clearzepam,Respiratory,12,550
X82F6996,Singlevir,Analgesic,12,105
X17E566776,Itszepam,Antihistamine,12,500
H55J972358,Includingol,Respiratory,12,550
H42S354360,Budgetol,Antifungal,12,105
B12M491047,Partin,Vaccine,12,400
J96T39527,Careerxone,Anticonvulsant,12,350
E11Z686331,Seasonol,MuscleRelaxant,12,400
A88R235581,Redzepam,MuscleRelaxant,12,55
A73P605803,Easyin,Antipyretic,12,350
I35K120332,Sourcecillin,Immunosuppressant,12,100
L85T379693,Groundzepam,Immunosuppressant,12,110
Z94V293440,Thingxone,Cardiovascular,12,500
C24R419544,Thesecillin,Antifungal,12,55
U9O391592,Lightvir,MuscleRelaxant,12,300
Y91P789357,Naturexone,Antidepressant,12,450
K87D634269,Interestingvir,Anti-inflammatory,12,450
Q15D287036,Educationin,Steroid,12,500
W26B911877,Starol,Antipyretic,12,110
G10X206780,Designvir,Antibiotic,12,90
F21W305149,Westzepam,Anticonvulsant,12,60
P62D103820,Middleol,Antidepressant,12,650
K37L978953,Wideol,Immunosuppressant,12,50
I67C802220,Effortvir,Antihistamine,12,115
R43J480917,Betterxone,Anti-inflammatory,12,70
B48V86125,Economicin,Antiviral,12,75
U50B29436,Betweenvir,MuscleRelaxant,12,200
F65P970415,Waterzepam,Antibiotic,12,70
H18H461393,Hopexone,Antiviral,12,300
U52F219629,Betweencillin,Antibiotic,12,110
K86S182456,Insteadstatin,Analgesic,12,120
A92M612044,Sciencevir,Antihistamine,12,400
L3G306608,Andxone,Antibiotic,12,100
B71M121783,Pricestatin,Antihistamine,12,250
V57G164462,Readyxone,Antibiotic,12,105
O44K425108,Byin,Antibiotic,12,65
E36L450286,Certainvir,Anticoagulant,12,350
Q87B564014,Memorystatin,Antipyretic,12,400
N30W31555,Happyvir,Antipyretic,12,115
V14P420215,Tablevir,Antibiotic,12,140
Y59X57082,Abilitycillin,MuscleRelaxant,12,650
O66A610926,Plantstatin,Vaccine,12,120
K61F58706,Pickin,MuscleRelaxant,12,70
G53I75881,Badxone,Respiratory,12,120
M72Z871686,Focusxone,Diuretic,12,85
W69N770469,Listenstatin,Antifungal,12,80
U36Q735784,Choosein,Diuretic,12,600
S59N334659,Weightvir,Anticonvulsant,12,150
F78P137810,Twovir,Respiratory,12,450
S53U114080,Createzepam,Anti-inflammatory,12,600
K24B80811,Filmstatin,Anticoagulant,12,150
Q48P700459,Itol,Vaccine,12,500
T47E792660,Adultvir,Immunosuppressant,12,120
I38E624796,Thuscillin,Antidepressant,12,85
K86F303502,Sonzepam,Analgesic,12,650
R29X778954,Voicevir,Antipsychotic,12,450
M44F240731,Providestatin,Cardiovascular,12,50
U38S700722,Whosestatin,Antihypertensive,12,200
O29G976567,Turnol,Vaccine,12,80
K62R686727,Performol,Antipyretic,12,350
L7I286541,Culturexone,Antiviral,12,90
E93W794638,Artol,Steroid,12,600
D63V169557,Especiallyvir,MuscleRelaxant,12,300
B30E363950,Streetol,Antipyretic,12,50
J19B525686,Thoughzepam,Antifungal,12,65
D74L840032,Jobxone,Vitamin,12,85
F3W48047,Clearol,Antipsychotic,12,60
Q90Q799354,Landvir,Anticonvulsant,12,145
G20R53809,Affectxone,Diuretic,12,105
T35M833374,Arguecillin,Analgesic,12,115
B99G494711,Bloodin,Antibiotic,12,350
K25M902143,Collectionol,Steroid,12,50
V67Y3846,Appearcillin,Antidepressant,12,150
C4U717081,Factorol,Antibiotic,12,85
I19A296013,Tonightvir,Antiviral,12,200
G92Y466846,Attentionol,Steroid,12,50
M22U41381,Throwstatin,Antipyretic,12,600
R31H679822,Bookol,Antifungal,12,650
Z63H75348,Servicevir,Diuretic,12,110
M32T915983,Shakevir,Analgesic,12,115
S50G828403,Tradestatin,Vaccine,12,150
S97Y412319,Pricecillin,Vitamin,12,95
I59O789726,Roleol,Antipyretic,12,100
Q27P131669,Truthvir,Antihistamine,12,90
H17Q399542,Keyxone,Vitamin,12,650
U59Q134102,Herein,Vaccine,12,200
R99R500016,Redstatin,Anti-inflammatory,12,600
T22I977533,Fatherzepam,Anti-inflammatory,12,600
M66V343877,Eachin,Anticoagulant,12,110
F16D686603,Defensestatin,Antidepressant,12,250
G56H364414,Treatmentzepam,Anti-inflammatory,12,95
U56U889742,Performstatin,Analgesic,12,100
U52S305418,Threexone,Anticoagulant,12,50
R68L682794,Officerol,Vitamin,12,600
F37X192408,Mentionin,MuscleRelaxant,12,85
T20N694345,Includevir,Respiratory,12,250
T65B717670,Consumerstatin,Antidepressant,12,200
C80T873508,Filmcillin,Antihypertensive,12,70
V16F502336,Meetin,Anticoagulant,12,90
C40B623299,Thinkol,Steroid,12,55
I14I720779,Firezepam,Vitamin,12,300
K16X152999,Theystatin,Antipsychotic,12,130
V87L198993,Alwaysvir,Antidepressant,12,200
K52Z296243,Administrationcillin,Antipyretic,12,70
B52Y147759,Agein,Anticoagulant,12,150
P6Q466954,Streetzepam,Steroid,12,65
G86T953032,Representzepam,Anti-inflammatory,12,250
O61I529690,Seniorzepam,Anti-inflammatory,12,75
C1I658180,Muchxone,Vaccine,12,600
M86S215522,Everythingol,Anticonvulsant,12,115
E46I367529,Producezepam,Antiviral,12,450
B3U370366,Travelzepam,Antipsychotic,12,45
K78P5017,Takexone,MuscleRelaxant,12,350
G17R266733,Earlyin,Antihypertensive,12,550
G73J936973,Toughvir,Antifungal,12,65
X54E897151,Recentstatin,Vaccine,12,350
K28U578080,Centerin,Anticonvulsant,12,200
R42A616742,Openin,Anti-inflammatory,12,85
Q27O783139,Whyzepam,Respiratory,12,90
P91S910479,Variouszepam,Analgesic,12,55
C96T635994,Commercialin,Vaccine,12,105
W42L756976,Finalxone,Cardiovascular,12,60
L11Q593611,Sitevir,Antiviral,12,650
O67W143669,Oilol,Vitamin,12,200
G52G510402,Justol,Vitamin,12,95
L8V683604,Detailvir,Anticoagulant,12,50
E9A368519,Fivein,Antidepressant,12,120
P62S427062,Deepol,Antiviral,12,300
L64Y857805,Attentionin,Antiviral,12,120
H55K985728,Hervir,Antihistamine,12,300
A53V611248,Informationin,Antiviral,12,55
C58B692447,Newspapercillin,Antidepressant,12,70
W62J772364,Mustxone,Antiviral,12,200
A11E934369,Importantzepam,Antihypertensive,12,400
O82I566572,Billionxone,Vaccine,12,350
E15D597894,Spendxone,Antihistamine,12,600
J8H93475,Believevir,Antifungal,12,115
Q37I317577,Onezepam,Antiviral,12,60
Z79Y24794,Specificin,Antidepressant,12,110
C3B640041,Evidencevir,Diuretic,12,100
C78F858637,Thoughtol,Antidepressant,12,600
P43R993703,Whilexone,Steroid,12,500
T66E954522,Fromcillin,Antiviral,12,65
V22M710514,Determinecillin,Anticoagulant,12,350
C63G503624,Flycillin,Anticonvulsant,12,600
L17M223494,Heol,Antidepressant,12,75
C15U937225,Letterstatin,Cardiovascular,12,650
Q71M138112,Fewcillin,Antipsychotic,12,95
C26Q19830,Moneyin,Antidepressant,12,50
T26V220480,Pullin,Vitamin,12,75
X87A41085,Powerstatin,Antipsychotic,12,400
O99R312142,Learnzepam,MuscleRelaxant,12,65
V64V360724,Productionzepam,Antifungal,12,500
W98E371315,Developmentol,MuscleRelaxant,12,300
U5Y533255,Hisstatin,Antidepressant,12,115
H28N750006,Causezepam,Anticoagulant,12,500
T80V681323,Generationol,Immunosuppressant,12,110
N49N999251,Buyin,Immunosuppressant,12,300
J93K388430,Reasonxone,Anticoagulant,12,85
Z46T105148,Discussvir,Antipsychotic,12,60
U49A819096,Streetzepam,Diuretic,12,300
Q7X317532,Opportunityin,Antifungal,12,350
J38O930283,Incillin,Vitamin,12,450
I71X502105,Blackxone,Anticonvulsant,12,80
M87H145503,Riskol,Antifungal,12,300
D88W290799,Helpxone,Cardiovascular,12,300
S97W424205,Troublecillin,Immunosuppressant,12,500
T96D72024,Sixin,Antiviral,12,350
G49U942293,Abilityol,Anticoagulant,12,95
D58A212888,Spendol,Antipyretic,12,70
F4B966509,Bothxone,Antifungal,12,200
J18Q437367,Specificstatin,Steroid,12,150
N88N453456,Educationxone,Antiviral,12,95
Z38I598187,Publicxone,Antipyretic,12,300
L81H907016,Formin,Antipyretic,12,250
E80X192981,Boxin,Anticonvulsant,12,95
D2B982581,Technologyvir,Antihistamine,12,55
K87D999766,Recentxone,Antibiotic,12,90
W26D800617,Paintingcillin,Diuretic,12,450
E11M105376,Racein,Vitamin,12,300
P65C525179,Everxone,Anti-inflammatory,12,70
I3X204287,Usevir,Antibiotic,12,650
K86C350377,Themol,Anticoagulant,12,100
T73C859854,Mecillin,Antipyretic,12,95
C63W73948,Lastzepam,Antibiotic,12,300
W15Y46208,Tablestatin,Antihistamine,12,60
I61B672051,Lawyerin,Anti-inflammatory,12,500
E48V487592,Popularol,Anti-inflammatory,12,115
A77C984669,Resourcexone,Respiratory,12,200
Y76Z560273,Ofcillin,Antihistamine,12,200
B72H194954,Centervir,Diuretic,12,60
V68B495735,Behaviorin,Anticonvulsant,12,120
J15U314010,Adultxone,Respiratory,12,90
Q9R144247,Generalzepam,Steroid,12,60
C45S86926,Bitxone,Vaccine,12,95
F3M80401,Againstzepam,Respiratory,12,250
J98H996649,Theseol,Analgesic,12,300
K64W527187,Anothercillin,Cardiovascular,12,550
Q99E831329,Whyvir,Immunosuppressant,12,550
N17X565263,Boyvir,Antibiotic,12,60
Z6G372562,Mrstatin,Anticonvulsant,12,300
K55C397299,Butcillin,MuscleRelaxant,12,250
Q89Q172645,Socialcillin,Respiratory,12,70
F28F769086,Statementstatin,Analgesic,12,135
S48U984317,Yardstatin,Anticonvulsant,12,250
T21O989425,Themxone,Diuretic,12,350
Q61X929327,Cameraxone,Antipsychotic,12,115
I34T868860,Thirdvir,Immunosuppressant,12,450
J85Q548714,Institutionzepam,Antihypertensive,12,450
V92J458241,Practicein,Antihypertensive,12,145
T46U653980,Girlcillin,Vaccine,12,250
T18F209102,Everyonevir,Antifungal,12,55
U90B546975,Veryvir,Antiviral,12,120
D76L886884,Generalol,Antipyretic,12,650
T6J120894,Throughzepam,Vaccine,12,250
P63C968057,Likelyzepam,Antiviral,12,90
C37J808151,Numberol,Respiratory,12,115
T19R872667,Certainlyol,Vitamin,12,250
H79S598216,Writerol,Diuretic,12,300
Q89D218944,Offxone,Antidepressant,12,140
N85E465342,Feelingxone,Antihistamine,12,115
P9Q877030,Guncillin,Antiviral,12,70
V71Y26746,Addressin,Diuretic,12,550
U91Y912636,Leaststatin,Cardiovascular,12,300
N88C561941,Approachcillin,Antipyretic,12,110
T24D898844,Camerastatin,Vaccine,12,110
J61L216027,Characterzepam,Antifungal,12,105
A18V821201,Expectin,Antifungal,12,550
G86Y822805,Fundstatin,Anticoagulant,12,90
T39M606307,Analysiszepam,Cardiovascular,12,250
K84M464055,Bodyvir,Immunosuppressant,12,200
I62M488032,Pricecillin,Analgesic,12,100
E18U139080,Nowvir,Cardiovascular,12,400
M57J345016,Legcillin,MuscleRelaxant,12,550
O94V463478,Especiallystatin,Respiratory,12,350
R73F415136,Learnzepam,Respiratory,12,75
O61Q84079,Continuecillin,MuscleRelaxant,12,200
R65Y333494,Sortin,Antifungal,12,75
Q64W331489,Interviewin,Analgesic,12,100
I71J393565,Yourvir,Antihistamine,12,450
F20Q763027,Bloodxone,Vaccine,12,150
T87Y313261,Winin,Antipsychotic,12,400
X65A25651,Theorycillin,Cardiovascular,12,450
O8V510321,Coachxone,Antiviral,12,550
M42Q792548,Casezepam,Respiratory,12,110
J55A730196,Letzepam,Anticonvulsant,12,650
C55E948468,Rangexone,Anti-inflammatory,12,55
V67G706331,Intocillin,Anti-inflammatory,12,150
Q38B914481,Stockcillin,Analgesic,12,150
I75B211915,Outxone,Vitamin,12,450
H48E768344,Shouldervir,Immunosuppressant,12,80
E82X977816,Congressin,Antipsychotic,12,50
F84W644558,Easyzepam,Immunosuppressant,12,300
Q12C567255,Agentzepam,Antiviral,12,600
Q35M449205,Democratvir,Anticoagulant,12,300
U46C142102,Probablyin,Antipsychotic,12,50
M90G46926,Throwcillin,Anti-inflammatory,12,350
D81R969194,Willxone,Anti-inflammatory,12,300
M28O819517,Productvir,Antidepressant,12,250
R89T386654,Easycillin,Antibiotic,12,350
Z17O367737,Acrossol,Immunosuppressant,12,550
K91E817381,Gamezepam,Antihistamine,12,500
Z60C971958,Termvir,Antifungal,12,550
T97R828403,Whomstatin,Analgesic,12,350
P11P336113,Americanxone,Antipyretic,12,400
Z95J968802,Streetcillin,MuscleRelaxant,12,70
L88M706444,Religiousol,Antihypertensive,12,400
B41M780569,Analysisvir,Antipsychotic,12,250
A55P466643,Clearlycillin,Steroid,12,95
B41H433359,Magazinecillin,Vitamin,12,95
J76W967479,Bitin,Cardiovascular,12,250
L21Q753162,Conditionol,Antibiotic,12,650
V44R545463,Forwardvir,Antihypertensive,12,250
D6J28554,Statestatin,Antibiotic,12,90
Q27T771544,Artcillin,Vitamin,12,150
D62J110055,Checkzepam,Antibiotic,12,600
I16F10670,Structurestatin,Respiratory,12,90
L53I563972,Nearlyzepam,Antiviral,12,85
F58W31830,Sovir,Steroid,12,500
N79V659040,Suggestol,Diuretic,12,450
G19E66733,Howevercillin,Analgesic,12,300
A87T411811,Soldiervir,Antibiotic,12,500
N2U979654,Friendcillin,Respiratory,12,55
O72Q701200,Imagecillin,Analgesic,12,350
S30P798010,Managecillin,Steroid,12,100
K61C251029,Lawyerol,MuscleRelaxant,12,120
W12Z608281,Lawzepam,Antiviral,12,350
L29M10568,Sciencezepam,Anticoagulant,12,300
V2I966619,Statementzepam,Vitamin,12,400
U46U133195,Freecillin,Antidepressant,12,55
Q45F764248,Particularlyol,MuscleRelaxant,12,110
L49R125010,Outsidecillin,Antibiotic,12,115
M6L191770,Feelstatin,Antipsychotic,12,115
K67S908591,Darkzepam,Immunosuppressant,12,75
E26D698575,Endin,Cardiovascular,12,90
X50V454675,Racevir,Antihypertensive,12,450
D85H1072,Communityin,Analgesic,12,550
U80W489710,Openol,Immunosuppressant,12,60
G73N723462,Sixxone,Antibiotic,12,450
C30H631006,Beyondstatin,Antiviral,12,400
J93R219487,Eachol,Antihistamine,12,650
I75S514469,Sufferxone,Antiviral,12,500
J16L251222,Stylexone,Cardiovascular,12,200
T62P773295,Messagexone,Anticonvulsant,12,65
E74E378494,Momentol,Antipyretic,12,105
C57Y233084,Deepstatin,Anticoagulant,12,65
Y83T196623,Westernol,Anticonvulsant,12,250
A45K639998,Headstatin,Cardiovascular,12,75
R13L562818,Beyondzepam,Immunosuppressant,12,400
M89A770660,Bagxone,Antifungal,12,650
U74L331026,Missvir,Steroid,12,600
P20A30369,Eachin,Antipyretic,12,100
Y75D580432,Entirezepam,Analgesic,12,60
H24B57816,Teachvir,Antiviral,12,100
U28N391667,Probablyxone,MuscleRelaxant,12,550
S25A287296,Experiencexone,Respiratory,12,450
X23Y227362,Recordzepam,Anticoagulant,12,600
D9V350133,Forstatin,Anticoagulant,12,90
G84Z53505,Placein,Analgesic,12,50
U49J339397,Ratherol,Anticonvulsant,12,100
S62J898208,Frontstatin,Vitamin,12,125
Y91F799465,Generationcillin,Antidepressant,12,200
T87D137118,Housezepam,Antiviral,12,150
X89P77132,Nool,Vitamin,12,300
P28U544929,Therecillin,Antihistamine,12,145
M83W396614,Himstatin,Antiviral,12,500
N99U284796,Trainingin,Antipyretic,12,300
R1X215246,Paperzepam,MuscleRelaxant,12,400
I76X526908,Historyvir,Respiratory,12,500
R79O699545,Simplyzepam,Antihypertensive,12,75
X49D509483,Orxone,Antipsychotic,12,60
Y45P42654,Realizestatin,Antibiotic,12,120
C23F663307,Singol,Vaccine,12,300
A21O26101,Teamstatin,Antipsychotic,12,400
C42Z226248,Usvir,MuscleRelaxant,12,55
T26X96668,Buildol,Anticoagulant,12,600
O41X890197,Cutin,Antihistamine,12,80
S36X598854,Characterol,Anticoagulant,12,75
L91U128279,Morningstatin,MuscleRelaxant,12,600
Z11G723060,Knowledgexone,MuscleRelaxant,12,650
X85L666135,Thesevir,Cardiovascular,12,650
R86E767136,Communityvir,Antipsychotic,12,150
N19P831777,Republicanxone,Anticoagulant,12,70
Z92O464406,Sevenin,Antifungal,12,400
Z47I356450,Groupvir,Antidepressant,12,400
A23C44969,Realxone,Antibiotic,12,200
O61X103871,Performancein,Cardiovascular,12,300
R48R964580,Goodol,Antihypertensive,12,500
S88M727560,Citycillin,Immunosuppressant,12,115
O30H240875,Beatcillin,Analgesic,12,90
J21E766648,Suddenlyzepam,Anti-inflammatory,12,450
W10K551332,Kidstatin,Antifungal,12,650
F77M978333,Majorin,Antihistamine,12,70
I69J239933,Heartol,Analgesic,12,250
Q4N19568,Someonestatin,Respiratory,12,130
J49K84343,Standin,Anti-inflammatory,12,300
G75Z392429,Especiallyvir,Vitamin,12,150
G68A736811,Tellin,Antipyretic,12,150
N45M612044,Songzepam,Vaccine,12,450
X18R732773,Peoplecillin,Vitamin,12,500
T49D529933,Followxone,Analgesic,12,90
M64Z325144,Stationol,Vitamin,12,350
V48E199101,Holdstatin,Anti-inflammatory,12,650
A57T775121,Fallzepam,Antidepressant,12,150
A55N999098,Chargevir,Immunosuppressant,12,400
B9S274359,Hiscillin,Antipyretic,12,300
H88G406923,Lawin,Antihistamine,12,85
E42O128956,Storestatin,Antibiotic,12,500
J61F165148,Treatstatin,Steroid,12,80
J39Z59738,Shortol,Respiratory,12,75
J42C121718,Ownxone,MuscleRelaxant,12,400
K83T820569,Alonezepam,Cardiovascular,12,80
H46T106119,Thinkcillin,Vitamin,12,95
M25X327740,Sensein,Antihypertensive,12,120
N27X347962,Usein,Antifungal,12,70
X49A946638,Effectin,Antiviral,12,60
I5Y402532,Skinxone,Antibiotic,12,300
N26L154912,Todayxone,Analgesic,12,300
R53G360287,Starstatin,Antipsychotic,12,95
K73O495853,Governmentin,Antifungal,12,80
H38E266856,Serieszepam,Anti-inflammatory,12,500
B95J16700,Newsin,Antihypertensive,12,55
T26H297208,Centuryxone,Vaccine,12,300
Z64Y318621,Alsoin,Antidepressant,12,300
L80R61594,Billionvir,Antibiotic,12,100
K85F649203,Dataxone,Antipyretic,12,600
E68U120162,Enjoycillin,Antipyretic,12,500
H44J538510,Gunzepam,Antifungal,12,115
O82H238708,Realin,Antipsychotic,12,90
P66A111897,Piecezepam,Vaccine,12,65
J89W120134,Votevir,Vaccine,12,105
W47X646937,Standardol,Vitamin,12,650
O38I693295,Footxone,Antiviral,12,70
D57F939934,Richxone,Anti-inflammatory,12,120
F79J234583,Admitstatin,Diuretic,12,110
Z67P74851,Courtstatin,Analgesic,12,550
E19S998845,Issueol,Anticoagulant,12,300
T77U384683,Pmstatin,Vitamin,12,250
D49L254384,Variousstatin,Diuretic,12,550
V65F175421,Teststatin,MuscleRelaxant,12,400
U12D799739,Sendin,Anticonvulsant,12,250
B42Z411765,Towardol,Anticonvulsant,12,60
A13P311239,Necessarystatin,Antipsychotic,12,350
U93S138007,Politicalstatin,Anticonvulsant,12,600
T72B336547,Mycillin,Antihistamine,12,400
I15A918481,Claimcillin,MuscleRelaxant,12,250
N81Y100288,Forgetstatin,Anticonvulsant,12,80
N15N527150,Beginzepam,Anti-inflammatory,12,105
T2L79206,Daystatin,Anti-inflammatory,12,55
Z91A913213,Fatherstatin,Anticoagulant,12,250
A8F386139,Shortvir,Anticonvulsant,12,105
S52V842028,Capitalvir,Diuretic,12,250
T0P637806,Sostatin,Antiviral,12,120
J91I190570,Friendzepam,MuscleRelaxant,12,50
Z1A498650,Moviestatin,Antihypertensive,12,75
R75A278215,Consumerxone,Immunosuppressant,12,400
U51K298839,Themin,Antidepressant,12,50
S85Y828101,Richin,Antifungal,12,85
H29A845201,Redstatin,Anticonvulsant,12,450
J16J401443,Hotelzepam,Antibiotic,12,100
O11U41667,Morezepam,Immunosuppressant,12,200
Y54M531351,Alwayszepam,Antihypertensive,12,450
T51P462500,Fourzepam,Vitamin,12,70
V32L195774,Thanxone,Anti-inflammatory,12,105
P94K424539,Speakvir,Steroid,12,80
T37O347845,Listvir,MuscleRelaxant,12,250
N80J985154,Concernstatin,Anti-inflammatory,12,55
F75T232182,Mystatin,Immunosuppressant,12,300
L25V102090,Generalxone,Antipyretic,12,250
J80S539566,Costxone,Antifungal,12,130
L95Y17311,Sectionin,Steroid,12,550
O84E918720,Effectxone,MuscleRelaxant,12,650
H6F341743,Customerol,Vaccine,12,250
J48E621290,Coldcillin,Immunosuppressant,12,95
A4S609541,Financialxone,Antipsychotic,12,50
E56I150097,Ontozepam,Antipyretic,12,300
T53C853984,Wordxone,Antidepressant,12,75
R79D202937,Intoin,Antipyretic,12,600
T53K416157,Politicszepam,Anticonvulsant,12,60
L12U395594,Wordxone,Antipyretic,12,250
Y64E121092,Majorityvir,MuscleRelaxant,12,115
X85D570068,Leavezepam,Antidepressant,12,200
Q67S482648,Othercillin,Antiviral,12,110
V11U635412,Gasin,Respiratory,12,350
Z59N829714,Wifecillin,Respiratory,12,115
L42Y494954,Interviewvir,Vaccine,12,120
C36M322768,Scienceol,Antipyretic,12,650
M5W76131,Thusvir,Vaccine,12,145
O14S530951,Scenezepam,Antifungal,12,55
M81A192754,Juststatin,Immunosuppressant,12,70
G52Q902571,Notezepam,Antifungal,12,550
Y2M722600,Blackzepam,Anticoagulant,12,150
N2X253263,Formerstatin,Antipsychotic,12,100
A35P364543,Realityzepam,Analgesic,12,50
H53B429536,Bluein,Analgesic,12,200
E65O432697,Measurexone,Diuretic,12,60
N67O304989,Determinestatin,Antifungal,12,450
D20V793164,Productol,Antipyretic,12,60
J14P617294,Ruleol,Antipsychotic,12,55
H95Y632462,Respondin,Antipsychotic,12,500
Z72S726582,Rulestatin,Antiviral,12,100
S95S530886,Interviewstatin,Antibiotic,12,600
Q39T768647,Namein,Antihistamine,12,60
W44G613025,Discoverstatin,Diuretic,12,85
R0D534207,Afterin,Diuretic,12,70
V71X9969,Seekvir,Anticoagulant,12,120
U37I707204,Concernzepam,Anticonvulsant,12,150
G49Q681293,Guyvir,Analgesic,12,50
H94R268973,Forcein,Antihypertensive,12,150
N45G81086,Dropin,Antidepressant,12,75
G16M714842,Theystatin,Antihistamine,12,80
D35U5702,Activitystatin,Antibiotic,12,600
G92Y810713,Mindvir,Vaccine,12,250
T59Z666710,Successfulin,Anticoagulant,12,110
H96S950135,Carevir,Diuretic,12,60
Y4D455901,Onvir,Respiratory,12,50
Z98E601671,Anythingcillin,Vaccine,12,115
K10A200539,Farol,Cardiovascular,12,650
N11G963682,Withinzepam,Anticonvulsant,12,70
C73K11565,Paystatin,Antifungal,12,120
H38V658164,Appearxone,Antidepressant,12,400
W98B274514,Starzepam,Antiviral,12,85
K93N971483,Roomstatin,Antiviral,12,100
E73M201039,Presentzepam,Diuretic,12,95
M10G214125,Overvir,Anticoagulant,12,450
A97M244436,Commoncillin,Cardiovascular,12,650
C61O309242,Aboutol,Anti-inflammatory,12,70
I14F617954,Shouldercillin,Analgesic,12,75
M85T387695,Centralstatin,Antipsychotic,12,150
J72K765675,Dreamcillin,Immunosuppressant,12,550
I57Y997264,Performancecillin,Immunosuppressant,12,105
R65T837870,Muststatin,Antifungal,12,250
N20M743786,Paperxone,Antipyretic,12,70
U4C736259,Applyzepam,Antiviral,12,45
H86M549439,Senseol,Anticonvulsant,12,150
W75F633000,Himselfxone,Antihypertensive,12,90
T7L816004,Eachcillin,Antipsychotic,12,500
D39U121436,Bluevir,Antifungal,12,110
U9D947356,Amongvir,Anticoagulant,12,115
F41I366332,Speechxone,Antibiotic,12,400
U73T57510,Determinecillin,Immunosuppressant,12,650
N43L945502,Hotelin,Anti-inflammatory,12,550
E1F236464,Seriousvir,Cardiovascular,12,75
Q26R20754,Filmvir,Diuretic,12,500
R76J554152,Careerin,Antihistamine,12,115
O25F56457,Thingxone,Respiratory,12,400
U30S445214,Arriveol,Anti-inflammatory,12,300
Z48A105020,Containstatin,Antidepressant,12,450
R81P39611,Drivestatin,Vitamin,12,450
E18V444208,Positionol,MuscleRelaxant,12,400
T19Q312632,Itemin,Vitamin,12,115
F28C159492,Fewin,Anticonvulsant,12,550
T47C150278,Certainlyxone,Diuretic,12,400
Q76R692562,Enterzepam,Antiviral,12,100
J98K568386,Outstatin,Immunosuppressant,12,250
R19B427600,Andxone,Vitamin,12,100
N22W156242,Qualitystatin,Immunosuppressant,12,650
P28O867396,Educationol,Antihypertensive,12,350
J57H7629,Boardvir,Antibiotic,12,105
X30X677131,Availablexone,Cardiovascular,12,70
U23U713305,Peacestatin,Antihistamine,12,70
N99A227467,Putcillin,Analgesic,12,250
J99M919906,Shortvir,Analgesic,12,80
C24N71394,Nowol,Anticonvulsant,12,200
B18A673025,Ifol,Anticoagulant,12,350
T65K65759,Letterin,Anti-inflammatory,12,350
D34C335701,Nearstatin,Diuretic,12,500
K26E9512,Yourselfol,Diuretic,12,300
L20X117979,Admitstatin,Anti-inflammatory,12,60
K4X787820,Roomxone,Immunosuppressant,12,80
J48G289885,Yourxone,Cardiovascular,12,90
K18T568864,Losscillin,MuscleRelaxant,12,65
R44Z555989,Gunzepam,Cardiovascular,12,650
U5U266458,Hexone,Immunosuppressant,12,65
V48L796369,Bigxone,Diuretic,12,200
D8H553426,Quitevir,Immunosuppressant,12,95
O68V580580,Professorzepam,Antihypertensive,12,150
P91P429733,Canol,Immunosuppressant,12,150
P97N259759,Classzepam,Immunosuppressant,12,55
Y99R768990,Daughterol,Vitamin,12,115
M47G827482,Farvir,Cardiovascular,12,500
B18T743366,Aircillin,Anticonvulsant,12,600
J68O256116,Pressurestatin,Anticoagulant,12,110
A40F864960,Acrossol,Anti-inflammatory,12,45
I91Z249935,Organizationzepam,Antibiotic,12,500
O91P733501,Partyin,Antiviral,12,110
N50Z828838,Tonightcillin,Steroid,12,550
L52N41194,Currentcillin,Analgesic,12,600
T32G426795,Importantcillin,Antidepressant,12,70
V22Q777042,Avir,MuscleRelaxant,12,50
I1J603688,Oftenvir,Antifungal,12,60
Z87Z126443,Barzepam,Anticonvulsant,12,80
L24I575499,Undervir,Antibiotic,12,65
W41A457239,Decidezepam,Respiratory,12,450
G81A871736,Mrsin,Steroid,12,300
T52K451851,Educationxone,Anticoagulant,12,600
M72K427376,Lastzepam,Cardiovascular,12,300
G54F973978,Cityin,Anti-inflammatory,12,400
S63G570294,Discussionxone,Antidepressant,12,250
I83H558985,Perstatin,Antihistamine,12,120
L26H614985,Realol,Antifungal,12,100
E51A697797,Mattervir,Anticonvulsant,12,75
G37E417834,Boxin,Analgesic,12,110
W12G125314,Sayxone,Diuretic,12,350
X69N841121,Evidencexone,Antihypertensive,12,400
Y43D508845,Largein,Steroid,12,110
C93T539883,Debatevir,MuscleRelaxant,12,350
I39G989089,Churchzepam,Cardiovascular,12,110
L80P648620,Singlecillin,Anti-inflammatory,12,550
T92A719828,Eatzepam,Anti-inflammatory,12,150
S53Z595197,Hitcillin,Antidepressant,12,650
D65F705099,Especiallyzepam,Antibiotic,12,105
P76F619453,Populationxone,Diuretic,12,550
A12W26968,Gozepam,Diuretic,12,500
B82H86006,Herselfvir,Antidepressant,12,45
K28C856300,Mentionin,Antihypertensive,12,120
C77E322555,Allvir,Antipyretic,12,95
N80Q780087,Fullxone,Anti-inflammatory,12,100
X29Z175895,Preventstatin,Antifungal,12,150
Y29I245078,Laterin,Respiratory,12,250
W20Z803557,Claimol,Vitamin,12,450
V35F263625,Whostatin,Respiratory,12,100
J28E870495,Lesscillin,Anti-inflammatory,12,110
W48L770762,Learnxone,Diuretic,12,90
E26S580835,Littlein,MuscleRelaxant,12,90
L52W543035,Followin,Antipyretic,12,55
N47U213078,Forvir,Antihypertensive,12,300
W50E250369,Whateverzepam,Steroid,12,600
A22H373202,Artistin,Antihypertensive,12,120
P37H798715,Managementxone,Steroid,12,150
V57O197383,Operationol,Antifungal,12,110
D96P135819,Impactzepam,Antipsychotic,12,450
Z18H227919,Carein,Antipsychotic,12,450
J93F668263,Formstatin,Antidepressant,12,150
G12S653730,Aboveol,Antiviral,12,250
A16O574931,Electionin,Analgesic,12,115
O20K765494,Rockvir,Vitamin,12,250
O77H176841,Fillin,Antihistamine,12,65
Q58H239128,Electionol,Cardiovascular,12,500
P30V436269,Politicsvir,Antihistamine,12,200
X38G195934,Saycillin,Antihistamine,12,350
V15C269750,Resultzepam,Antipyretic,12,50
K51C567517,Walkvir,Antipyretic,12,120
Z3K719280,Studyvir,Steroid,12,125
U65F661590,Wrongvir,Anti-inflammatory,12,250
Y57K869646,Peoplezepam,Steroid,12,70
I80V861598,Simplyvir,Anti-inflammatory,12,450
F44A939902,Sourcezepam,Antifungal,12,600
E40Q877696,Itvir,Antipyretic,12,80
B7B679219,Dropstatin,MuscleRelaxant,12,90
P46I581839,Bedin,Antiviral,12,105
I39W574876,Waycillin,Antifungal,12,70
W39R501145,Mecillin,Antiviral,12,135
J31M746608,Skillol,Antidepressant,12,65
Y71V487927,Typexone,MuscleRelaxant,12,650
D49L438638,Putcillin,Anticonvulsant,12,105
H77O964561,Signcillin,Antihypertensive,12,150
E15M861249,Agreecillin,Respiratory,12,350
Q64R12388,Productstatin,Antihypertensive,12,150
C89Q27132,Fightcillin,Antipsychotic,12,100
Y20X855923,Howxone,Cardiovascular,12,450
M56A962043,Thousandstatin,Anticoagulant,12,75
D62J711976,Regionin,Antihypertensive,12,70
H61V777322,Mostcillin,Anticonvulsant,12,55
I85E814803,Ownervir,Antipsychotic,12,500
V10P681055,Listol,Respiratory,12,110
V35N629782,Catchstatin,Vitamin,12,650
Q17C851091,Footol,Anticoagulant,12,115
V24B513945,Minutecillin,Anticonvulsant,12,90
J33P561763,Hardstatin,Vitamin,12,115
J61V46033,Generalin,Antipsychotic,12,300
K22A305501,Rangein,Vitamin,12,95
M70M378350,Middlezepam,Antihistamine,12,55
A60X657038,Responsibilityvir,Antipsychotic,12,130
Y35I337723,Duringstatin,Anticonvulsant,12,60
E41S237987,Spendstatin,Vaccine,12,120
A8T262418,Foreignstatin,Anticonvulsant,12,550
V65X893060,Withinvir,Antifungal,12,120
X48D654242,Yourselfzepam,Analgesic,12,60
J43H422698,Teachzepam,Antiviral,12,110
V47N365453,Performancezepam,Analgesic,12,550
F88L386356,Fastvir,Antipsychotic,12,300
R37I557248,Amountstatin,Vaccine,12,300
B16X874874,Oftenin,Antihypertensive,12,80
T26H767634,Sisterzepam,Respiratory,12,500
B71E289175,Mrzepam,Respiratory,12,250
O60I543155,Missvir,Antibiotic,12,200
N99S711666,Securityin,Antifungal,12,650
O53W688980,Financialin,Analgesic,12,550
O84T698703,Standcillin,Antihypertensive,12,550
Z29W269428,Astatin,Antifungal,12,300
I80W832971,Latein,Anticoagulant,12,350
O38C549805,Phonestatin,Antifungal,12,200
P74X60794,Reducestatin,Respiratory,12,450
U54B280264,Appearin,Anti-inflammatory,12,250
U81L96286,Catchin,Antipsychotic,12,300
Y31P304521,Kidzepam,Vitamin,12,250
V32G862771,Bestin,Immunosuppressant,12,60
O28Q426625,Starzepam,Anticoagulant,12,350
O42U71157,Flyxone,Antihypertensive,12,200
D23N801130,Mindcillin,Anticoagulant,12,600
Q75Z61369,Rockvir,Anticonvulsant,12,450
L76O917610,Stepxone,Anticonvulsant,12,90
M21W767378,Figurevir,Antifungal,12,90
W69J953975,Tradexone,Antihypertensive,12,300
D20E322910,Commercialxone,Vaccine,12,250
H75E217305,Companycillin,Cardiovascular,12,550
W2S89798,Withoutstatin,Antibiotic,12,75
O73C655597,Neverol,Antipyretic,12,70
L45E960780,Ifin,Cardiovascular,12,50
Y40D537639,Arrivecillin,Anticoagulant,12,60
A64N971113,Farstatin,MuscleRelaxant,12,450
T80X59,Othersxone,Anti-inflammatory,12,105
P8D808583,Nowcillin,Anti-inflammatory,12,550
G23G517130,Dinnervir,Respiratory,12,70
W39S136503,Leadol,Anticonvulsant,12,110
L56U198269,Thankzepam,Respiratory,12,300
H39W686638,Probablyin,Diuretic,12,450
V21X821601,Tenol,Anticoagulant,12,80
P6G986757,Propertyzepam,Respiratory,12,400
U72M949372,Alsoin,Anticonvulsant,12,300
J14O423973,Orderstatin,Antidepressant,12,400
I36X789957,Stillstatin,Antidepressant,12,350
Y64E132452,Examplezepam,Diuretic,12,100
J68Q127007,Futurecillin,Antiviral,12,500
A24O494354,Littlecillin,Antipyretic,12,450
Z25D517217,Wantxone,Antihypertensive,12,85
S14I751860,Knowzepam,Antipyretic,12,65
U46C812231,Providein,Antifungal,12,350
H92F712405,Alreadyol,MuscleRelaxant,12,110
Z23N801317,Hairin,Cardiovascular,12,400
K70B724540,Pmol,Antidepressant,12,100
Z76O331873,Religiousvir,Antipyretic,12,300
S20P421736,Skinin,Vitamin,12,150
P14N976987,Veryxone,MuscleRelaxant,12,95
D52H844853,Requireol,Steroid,12,65
A14Z101249,Necessaryin,MuscleRelaxant,12,500
Y82E497807,Afterzepam,Antihistamine,12,95
J4X99316,Alsostatin,Vitamin,12,90
M93U55046,Financialvir,Respiratory,12,150
B39D550809,Situationstatin,Anti-inflammatory,12,300
J12O973866,Companyvir,Vaccine,12,350
Q44T218207,Otherzepam,Anticonvulsant,12,450
D35Y262515,Culturalin,Antidepressant,12,120
P82D683466,Hearzepam,Analgesic,12,600
Z84G841410,Opportunityvir,Anticonvulsant,12,75
L97Q574313,Becausein,Diuretic,12,75
J11K35640,Yourselfol,Antibiotic,12,250
M15K607397,Modelol,Vitamin,12,550
V36F489195,Democratxone,Diuretic,12,350
X15A341525,Determineol,Cardiovascular,12,85
K54W877391,Experiencestatin,Antiviral,12,115
A44L251411,Tradexone,Vaccine,12,50
K39N768738,Oilin,Respiratory,12,120
N60C905485,Cardstatin,Analgesic,12,350
I81D183192,Longin,Vitamin,12,75
L0Z255706,Presidentcillin,Anticonvulsant,12,95
L25V699680,Differencexone,Anticoagulant,12,200
K73C13399,Ownzepam,Antipsychotic,12,400
A22Z272055,Truein,Antifungal,12,350
O52R878220,Carrystatin,Cardiovascular,12,550
E71M449813,Willstatin,Antihypertensive,12,650
F29V466222,Economicxone,MuscleRelaxant,12,90
Z31P78969,Respondstatin,Antipsychotic,12,600
D37T434582,Drawxone,Antidepressant,12,600
W37O508085,Thirdin,Antihypertensive,12,115
T46T826099,Himzepam,Steroid,12,110
H13T638718,Reachstatin,Antiviral,12,90
A83I101029,Testol,Vaccine,12,60
K21O94321,Centuryin,Anticonvulsant,12,80
S82H581198,Bothzepam,Cardiovascular,12,350
T31D574729,Weightxone,Anti-inflammatory,12,200
W10R728311,Abovecillin,Respiratory,12,150
I92F481716,Commonstatin,Vitamin,12,300
C78H431292,Bankol,Antiviral,12,75
Z26F276999,Personstatin,Antibiotic,12,80
Q64B84764,Themselvesin,Cardiovascular,12,125
Q5J694179,Formstatin,Cardiovascular,12,75
H39E527869,Guessvir,MuscleRelaxant,12,550
W94V805085,Givestatin,Anticonvulsant,12,60
S10E268293,Discussionxone,Antihistamine,12,70
F20S821071,Lastzepam,Antipyretic,12,80
K33C615302,Mindin,Immunosuppressant,12,80
O62A716312,Feelingzepam,Steroid,12,300
Y64V485874,Necessaryxone,Antihypertensive,12,60
E13M613905,Windowxone,Antiviral,12,85
F8I842791,Housein,Vaccine,12,400
E86N6635,Preventxone,Antidepressant,12,110
L70G767293,Industrycillin,Analgesic,12,110
V99K148723,Spendxone,MuscleRelaxant,12,90
S58V640563,Herstatin,Respiratory,12,300
Y42C542771,Everythingzepam,Immunosuppressant,12,95
Z6H346970,Summerin,Diuretic,12,250
V20D539134,Listencillin,Antidepressant,12,50
A28G499027,Chancexone,Antihypertensive,12,110
I6S625675,Recentlyin,Antibiotic,12,80
R92T335732,Opportunityzepam,Antidepressant,12,75
N91F768754,Almostol,Vitamin,12,600
M89I858874,Elsevir,Anticoagulant,12,400
I43W986175,Democraticin,Antifungal,12,500
M11G639443,Mrzepam,Antipyretic,12,80
Z62F589384,Mainin,Antifungal,12,115
X20P51587,Choicestatin,Antiviral,12,75
L7D932326,Ourol,Vitamin,12,600
U55C199592,Clearlyxone,Vaccine,12,80
E43D563422,Truestatin,Antihypertensive,12,450
Y96V652266,Checkzepam,Anticonvulsant,12,100
O23I462529,Meanin,Antihistamine,12,500
C66C97941,Thingvir,Cardiovascular,12,200
A87K329144,Themin,Analgesic,12,110
E38X682113,Seekol,Antipyretic,12,65
W9S895031,Soonol,Antifungal,12,500
I32W217981,Redvir,Immunosuppressant,12,55
G37Z51190,Surfacecillin,Antifungal,12,65
G91D855891,Okstatin,Vaccine,12,75
W98D458778,Claimzepam,Vaccine,12,300
I18U95848,Medicalzepam,Vitamin,12,650
O51X43627,Performancevir,Antidepressant,12,400
V88R976345,Feelxone,Antiviral,12,200
X55J95382,Seriesxone,Respiratory,12,550
B50K585222,Seeol,Anticonvulsant,12,120
U55B72443,Couldxone,Antibiotic,12,95
Y76Y25120,Rangecillin,Immunosuppressant,12,400
P18M214395,Usstatin,Antibiotic,12,70
R6M830381,Thousandol,Antifungal,12,105
N23U845442,Drivevir,Antipyretic,12,135
H1G492310,Darkcillin,Anti-inflammatory,12,450
S20M733335,Churchcillin,Diuretic,12,400
F20G519977,Controlzepam,Diuretic,12,600
F31G650061,Ifol,Immunosuppressant,12,250
N18F641506,Singol,Antifungal,12,60
N83K301734,Dreamcillin,Antifungal,12,350
V21R849802,Partcillin,Antipyretic,12,600
F5U36203,Quicklyzepam,Steroid,12,450
E29I338827,Widevir,Cardiovascular,12,200
X55G753700,Fivezepam,Antipyretic,12,600
J51B604221,Theystatin,Steroid,12,550
M34F510898,Afterstatin,Anti-inflammatory,12,85
C98B444426,Dreamxone,Antihypertensive,12,600
U67Z330591,Personxone,Diuretic,12,80
C64G347741,Bodyin,Antidepressant,12,55
J43R366491,Catchvir,Antidepressant,12,80
S54V304936,Seatin,Antidepressant,12,300
G32F355497,Tendstatin,Vaccine,12,300
N6O747886,Interestcillin,Steroid,12,85
P45K82395,Managecillin,Analgesic,12,200
W11U163223,Abovestatin,Analgesic,12,150
R98M306863,Differentxone,Anticoagulant,12,90
B14P843461,Somethingol,Antibiotic,12,125
Y3A46906,Producexone,MuscleRelaxant,12,95
Z62J569491,Itsxone,Vitamin,12,450
E94G796043,Careercillin,Diuretic,12,200
W10K910682,Soonstatin,Anti-inflammatory,12,350
A70P731528,Teamzepam,Antipsychotic,12,600
B75H674922,Focusvir,Immunosuppressant,12,55
A16A870009,Thusvir,MuscleRelaxant,12,55
E21C739122,Resourcevir,Cardiovascular,12,75
L62D749335,Alwayscillin,Vaccine,12,250
S72L87830,Alonevir,MuscleRelaxant,12,200
L24J547658,Attackxone,Steroid,12,500
H43D356883,Ifzepam,MuscleRelaxant,12,90
A98V552909,Towardvir,Respiratory,12,150
P24T274227,Readyvir,MuscleRelaxant,12,100
K98A222400,Fishol,Respiratory,12,55
I95F396946,Arguestatin,MuscleRelaxant,12,65
L32B226355,Securityin,Vitamin,12,120
B50C866946,Managexone,Anticoagulant,12,200
J5E633943,Despitexone,MuscleRelaxant,12,100
V14Y83884,Soldierol,Cardiovascular,12,400
U20K526149,Staffin,Antipsychotic,12,250
Y12T906438,Dogol,Anticoagulant,12,120
B91Q986520,Noticecillin,Antihistamine,12,55
X13T201406,Stationstatin,Cardiovascular,12,90
C80O667762,Regionstatin,Analgesic,12,150
U70L439589,Differentvir,Antiviral,12,110
W44B959504,Citizenvir,MuscleRelaxant,12,600
Z65T83771,Bankzepam,Antibiotic,12,300
Y66X155133,Drugol,Steroid,12,450
V24E412835,Seriesin,Anti-inflammatory,12,600
O37P196250,Wantol,Antifungal,12,55
A33K461778,Homeol,Antihypertensive,12,300
E86O941275,Agentin,Vitamin,12,300
O48Z297281,Agencyol,Cardiovascular,12,120
S92D356350,Chairol,Antibiotic,12,300
M72X832439,Theirstatin,Antidepressant,12,60
H2I51547,Treatstatin,Antipyretic,12,300
M60I802356,Experiencecillin,Respiratory,12,55
Z56C867382,Recentcillin,Antidepressant,12,85
Z91R182596,Growthxone,Steroid,12,90
N88S881208,Hotxone,Antipsychotic,12,65
D74S393108,Frontxone,Antidepressant,12,80
Y73J857892,Facevir,Steroid,12,55
M51N472470,Pickcillin,Antiviral,12,350
V72O762276,Anythingin,Respiratory,12,400
M89E795042,Nationcillin,Anti-inflammatory,12,55
S0B481755,Prettystatin,Antihypertensive,12,300
I6I313514,Totalol,Anticoagulant,12,150
D95G986766,Indicatezepam,Vaccine,12,350
R51J768086,Laughstatin,Anti-inflammatory,12,110
N34E556090,Springzepam,Antipyretic,12,75
S69I112513,Yesin,Anticonvulsant,12,80
C60Q480006,Kindstatin,Respiratory,12,550
X5L536342,Chooseol,Vaccine,12,105
V90D724073,Anotherxone,Anticoagulant,12,150
F30O370073,Administrationin,Anti-inflammatory,12,400
G93M677894,Downvir,Vitamin,12,70
B44C365504,Majorityin,Anticoagulant,12,600
D98A719134,Secondxone,Anticonvulsant,12,60
Z62M932186,Culturalvir,Antihypertensive,12,55
I94C953809,Tableol,Antiviral,12,250
N0M847301,Companycillin,Antidepressant,12,550
W93C136654,Realizezepam,Steroid,12,600
F18V124868,Youngzepam,Immunosuppressant,12,120
C45U230419,Acrossstatin,Steroid,12,85
T67M897663,Agreevir,Antihypertensive,12,100
R21U187785,Studyxone,Anticonvulsant,12,60
V57P578419,Beyondzepam,Antiviral,12,125
S6W362630,Worldin,Antidepressant,12,500
K60H415054,Writerstatin,Antibiotic,12,300
K41G576335,Eventxone,Antipsychotic,12,650
E93M777137,Usexone,Steroid,12,650
S87R452182,Sonstatin,Antipyretic,12,120
V80A482084,Okol,Antihypertensive,12,55
W64C874888,Createol,Antipsychotic,12,450
T53H683743,Raisezepam,Steroid,12,300
K6A942340,Feelcillin,Vaccine,12,100
X1B795189,Westxone,MuscleRelaxant,12,500
U60K19623,Todayzepam,Antidepressant,12,250
N44H906353,Suchxone,Antidepressant,12,55
Q14Q572934,Materialvir,Immunosuppressant,12,110
G3X149482,Anyonestatin,Diuretic,12,300
V91L522334,Popularzepam,Analgesic,12,400
D94K537943,Handvir,Antifungal,12,65
K19W787204,Stylecillin,Antipyretic,12,450
S33U926450,Norvir,Cardiovascular,12,100
A66M189863,Wouldvir,MuscleRelaxant,12,45
C11X375814,Modelxone,Anticonvulsant,12,65
A93F791822,Scorein,Steroid,12,250
T39I936759,Streetxone,Cardiovascular,12,300
Y31E304631,Goalvir,Anticonvulsant,12,50
W64W331217,Peacezepam,Anticonvulsant,12,500
G96T246763,Sortin,Antipyretic,12,650
A65O992829,Findin,Antipsychotic,12,110
O73R687257,Rolecillin,Anticoagulant,12,400
L8Y367621,Warzepam,Antidepressant,12,80
S13Z975265,Foreignzepam,Anticonvulsant,12,250
F44E109668,Losestatin,Antipyretic,12,500
V20P339795,Applycillin,Antifungal,12,115
O53S337214,Collectionzepam,Steroid,12,300
C6Z670434,Eatxone,MuscleRelaxant,12,50
F68H345804,Comparestatin,Antifungal,12,300
R16G840250,Winvir,Anti-inflammatory,12,550
V50F300838,Performstatin,Cardiovascular,12,70
Y72U519094,Whitexone,Analgesic,12,450
P68A188263,Withoutvir,Immunosuppressant,12,500
H12C304502,Perol,Antiviral,12,75
J25A989737,Enjoyol,Antipsychotic,12,130
Z68P281838,Addzepam,Anti-inflammatory,12,115
I15P557163,Staffcillin,Respiratory,12,50
U77E946196,Acrossin,Steroid,12,65
T52H354534,Somebodycillin,Immunosuppressant,12,150
W26N657390,Dinnervir,Respiratory,12,350
T89W378457,Clearstatin,Diuretic,12,150
N97R155368,Mezepam,Antiviral,12,200
D92H186311,Nearlycillin,Antihistamine,12,120
J49S242625,Courtstatin,Diuretic,12,650
J22E496010,Reportzepam,Cardiovascular,12,650
H93Z704052,Expectin,Antihypertensive,12,150
H1U288418,Hisvir,Antidepressant,12,500
I84N954817,Morevir,Antibiotic,12,65
D5C250868,Rathervir,Analgesic,12,60
N95I13238,Indeedol,Antihypertensive,12,115
K6K902315,Lowstatin,Antihistamine,12,120
E11K431929,Reallyxone,Antihypertensive,12,75
Z81Z356303,Positionin,Anti-inflammatory,12,350
E37N107254,Employeeol,Vaccine,12,300
M13S946551,Thingvir,Antihistamine,12,500
T45B143361,Misscillin,Antifungal,12,150
D72I890395,Nextzepam,Cardiovascular,12,135
H50F600491,Roadstatin,Antipsychotic,12,350
X6V746543,Newspaperol,Anticonvulsant,12,500
O25U67359,Comparezepam,Antihistamine,12,55
H45Q333828,Fivestatin,Antifungal,12,300
T41W141660,Whyol,Antipyretic,12,250
M84E983010,Chancecillin,Respiratory,12,300
M91Z229776,Successfulcillin,Vaccine,12,150
J42C937433,Schoolzepam,Diuretic,12,110
Z8K922933,Edgeol,Vitamin,12,200
E26S752071,Kitchenvir,Antiviral,12,300
A73Z965987,Themin,Anticonvulsant,12,450
I76L43072,Becausecillin,Antifungal,12,75
Y4S810473,Challengestatin,Anti-inflammatory,12,550
W17G393200,Seexone,MuscleRelaxant,12,500
V55Z82680,Presentol,Antihypertensive,12,80
S22N823589,Scientistzepam,Anti-inflammatory,12,600
U76B770168,Chairzepam,Antihistamine,12,110
N40P449111,Takestatin,Antihypertensive,12,300
O63E401307,Winvir,Antiviral,12,55
E48M337748,Motherzepam,Antipsychotic,12,60
G8F904483,Howzepam,Vitamin,12,70
F80R469104,Servicezepam,Steroid,12,85
V41E161364,Eatol,Antipsychotic,12,500
S72B533255,Methodzepam,Antihypertensive,12,150
D32Y588436,Lookcillin,Respiratory,12,500
K42E189889,Concerncillin,Antipsychotic,12,550
V82T750478,Willstatin,Respiratory,12,550
V90F538729,Ratherzepam,Anticoagulant,12,80
I48A899180,Ablevir,Antidepressant,12,85
M78V924967,Healthvir,Antipsychotic,12,300
G94K976077,Lightcillin,Anticoagulant,12,105
L24O904241,Decideol,Respiratory,12,55
H18Y388680,Thingxone,Antipsychotic,12,85
N87Z622338,Returnin,Antiviral,12,600
V69T994310,Reallyin,Anti-inflammatory,12,50
O86P261498,Artistzepam,Antipsychotic,12,300
V91G469229,Wallin,Vitamin,12,150
P81F518635,Environmentol,Steroid,12,55
Y74Q200347,Subjectzepam,MuscleRelaxant,12,400
K83Z494160,Threeol,Antipyretic,12,600
O37R539571,Medicalin,Antipyretic,12,65
X22D330170,Cupcillin,Antiviral,12,250
K8O472752,Beautifulin,Anti-inflammatory,12,65
F9Y443395,Marriagecillin,Analgesic,12,500
Y63P685126,Moviexone,Antibiotic,12,110
D82E289546,Viewol,Anticonvulsant,12,65
H22K760079,Betterstatin,Antipyretic,12,500
N94R286143,Thousandcillin,Analgesic,12,350
K55V959144,Directorin,Analgesic,12,300
P98H275553,Carecillin,Respiratory,12,650
D68Y744701,Concernvir,Vaccine,12,400
O31Z738815,Hereol,Diuretic,12,250
O70D31143,Naturezepam,Respiratory,12,55
L97E804122,Flycillin,MuscleRelaxant,12,200
O96T831177,Policevir,Antiviral,12,450
W31X749166,Sellvir,Antifungal,12,110
U59G895458,Includingin,Antihypertensive,12,110
O90M386609,Redin,Respiratory,12,50
E70F898860,Courseol,Antihistamine,12,450
Z64L14003,Tenin,Antipyretic,12,200
B44L894996,Actuallycillin,Antifungal,12,85
N3M208545,Risestatin,Antiviral,12,150
O80N170897,Airvir,MuscleRelaxant,12,100
P23J1788,Wordstatin,Antifungal,12,150
N61S124642,Thousandzepam,Anticoagulant,12,70
Y38J18476,Trainingcillin,Immunosuppressant,12,55
P62A336143,Riseol,Antidepressant,12,450
E86W109609,Thusvir,Antibiotic,12,600
O60O298818,Wifecillin,MuscleRelaxant,12,150
I36P966777,Thoughzepam,Respiratory,12,500
J18W776395,Alwayscillin,MuscleRelaxant,12,550
G70Q462958,Majorol,Immunosuppressant,12,60
I61A887491,Includexone,Immunosuppressant,12,115
M7Z329607,Spendin,Analgesic,12,80
C52Q967072,Businessstatin,MuscleRelaxant,12,150
Y82F867989,Halfzepam,Antifungal,12,600
E52O742968,Feelvir,Vaccine,12,70
C36C458348,Safestatin,Steroid,12,250
Y97Q974940,Throwvir,Anti-inflammatory,12,300
F89P215261,Factorcillin,Diuretic,12,95
E19W690830,Optionvir,Analgesic,12,650
N6X876593,Nextcillin,Antipyretic,12,350
E57K817892,Bigxone,Anticoagulant,12,350
W9R2139,Layxone,Respiratory,12,65
S25H349450,Dinnervir,Cardiovascular,12,95
E18J476154,Receivezepam,Antibiotic,12,145
G85S655507,Themselvesol,Antifungal,12,105
K90K764016,Personcillin,Cardiovascular,12,65
J59C133372,Redxone,Antipyretic,12,550
E12C122311,Stepcillin,Antifungal,12,500
Q14N52627,Collectioncillin,Diuretic,12,350
S33F669434,Countryvir,Antibiotic,12,300
U38C702645,Closein,Respiratory,12,115
K92F202807,Answerzepam,Anticonvulsant,12,300
H13X696060,Yourselfol,Anticonvulsant,12,95
E8G284702,Orderin,Cardiovascular,12,95
V42F523120,Expertxone,Respiratory,12,75
S80J443171,Voiceol,Diuretic,12,95
V37O620699,Consumerxone,Antihypertensive,12,75
S56Z567227,Availablein,Antipyretic,12,55
B21M399536,Evidencestatin,Antipsychotic,12,400
D89K278732,Studentol,Analgesic,12,90
W43L148887,Nearcillin,Steroid,12,400
U32N634243,Amongzepam,Antifungal,12,500
I4P385682,Applyvir,Antihypertensive,12,250
K53X372479,Thoughin,Analgesic,12,95
U7O318660,Maybecillin,MuscleRelaxant,12,600
W83A675538,Girlcillin,MuscleRelaxant,12,250
Q56P839303,Nothingvir,Anticonvulsant,12,450
G97P233245,Humanol,Antiviral,12,550
L49A946101,Detailvir,Anticoagulant,12,400
C56D940966,Cityin,MuscleRelaxant,12,450
J60Y979098,Ivir,Respiratory,12,600
S79G156475,Wonderol,Antiviral,12,145
K27K899526,Treatstatin,Vitamin,12,70
A35E762050,Continuestatin,Antipsychotic,12,650
C63F986587,Claimvir,Vaccine,12,200
W73B86655,Shouldvir,Antiviral,12,450
D28C69545,Alreadyol,Antihypertensive,12,70
G87M98737,Arguezepam,Antihistamine,12,70
C96H475635,Playzepam,Diuretic,12,600
M63R10029,Termstatin,Vaccine,12,70
O60J412441,Forstatin,Antidepressant,12,70
P16F60167,Missol,Vitamin,12,550
A81J816860,Safezepam,Antidepressant,12,400
E98O337839,Girlvir,Antidepressant,12,400
G69Q773550,Buildin,Antihistamine,12,350
C85H922615,Pullol,Antipsychotic,12,80
Y49N528510,Skillin,Antiviral,12,250
S73R143214,Seasonstatin,Antipyretic,12,120
Y85K11280,Difficultvir,Antihypertensive,12,110
V96T178779,Couplestatin,Antidepressant,12,450
T91C586505,Participantzepam,Respiratory,12,150
G83O215010,Rulestatin,Vitamin,12,400
F11V171966,Modelol,Analgesic,12,70
L68B781142,Throughol,Vitamin,12,105
Y70V424089,Successvir,Steroid,12,60
G4X866803,Bigin,Analgesic,12,350
C28T405439,Beyondvir,Antiviral,12,600
J41V825408,Placeol,Antihistamine,12,50
M44O943298,Nightol,Steroid,12,600
H26C975314,Littlexone,Vaccine,12,50
I70F614768,Themstatin,Antihypertensive,12,65
O50T192366,Sidezepam,Antifungal,12,70
S0G951348,Developmentvir,Anti-inflammatory,12,70
L73C643339,Questionvir,Anti-inflammatory,12,350
X24B367647,Paintingzepam,MuscleRelaxant,12,500
R12D768251,Marriageol,Antihistamine,12,350
G33M121585,Forvir,Cardiovascular,12,120
D74G681421,Treecillin,Vaccine,12,85
S21U850914,Upcillin,Cardiovascular,12,200
I90S212902,Dropcillin,Anti-inflammatory,12,80
K37Y936574,Thatzepam,Anticonvulsant,12,600
X66H324105,Anythingin,Diuretic,12,80
V58Y762434,Nextin,Cardiovascular,12,110
T49H971671,Talkxone,MuscleRelaxant,12,55
M44Q774885,Millionin,Analgesic,12,105
N66W396253,Hairstatin,Diuretic,12,550
T94A304550,Smilecillin,Vitamin,12,250
P68E321543,Interestingcillin,Anticonvulsant,12,350
K20P361397,Defensestatin,Respiratory,12,75
G25D393735,Impactol,Antipsychotic,12,80
B23H315816,Littleol,Respiratory,12,150
N83B293680,Popularol,Antihistamine,12,120
D44W377743,Yourselfzepam,Antipyretic,12,85
L51A732157,Electionxone,Anti-inflammatory,12,145
L50Q150267,Spendin,MuscleRelaxant,12,400
M16S173049,Thenstatin,Antifungal,12,450
A38K461407,Discussionxone,MuscleRelaxant,12,90
M15E153507,Herselfxone,Anti-inflammatory,12,95
S74L518037,Popularzepam,Antihypertensive,12,115
Z25J965040,Relationshipin,Respiratory,12,300
M32X177123,Facein,Diuretic,12,600
G86S58848,Windowvir,Vaccine,12,60
Q50L363425,Stagestatin,Antibiotic,12,650
C88M284728,Thankin,Cardiovascular,12,500
C36I779390,Regionxone,Antihistamine,12,550
L10I284420,Kindol,Antihypertensive,12,200
T55F312484,Actstatin,Analgesic,12,250
U90X493515,Turnxone,Analgesic,12,80
R70N992432,Amountin,Antihistamine,12,300
Y89S304927,Nextzepam,Antiviral,12,75
H38M972705,Quiteol,Antihistamine,12,350
O83G539724,Qualitystatin,Cardiovascular,12,50
X56C610382,Whyol,Immunosuppressant,12,400
N54Y390464,Thesecillin,Immunosuppressant,12,600
I69X484512,Mrszepam,Anticonvulsant,12,350
N33R230459,Explainvir,Cardiovascular,12,150
O77J386325,Sellstatin,Vitamin,12,200
T72N528549,Livein,Antipsychotic,12,650
S73E808657,Doorxone,Antipyretic,12,115
T17W532568,Leadvir,Anticonvulsant,12,400
G67X546139,Morezepam,Antifungal,12,500
H99T958317,Realitycillin,Antifungal,12,500
Z96J523112,Toughxone,Steroid,12,600
I76Q559500,Threatxone,Antifungal,12,250
S74M79176,Threestatin,Immunosuppressant,12,150
Z9U537424,Learnvir,Analgesic,12,200
H46E655531,Anythingvir,Antipsychotic,12,100
M62D472997,Hopestatin,Diuretic,12,150
N13E976698,Lowol,Anticoagulant,12,350
A15K526629,Ownerzepam,Steroid,12,105
U81Q625995,Areavir,Antipyretic,12,55
F25O973723,Hairzepam,Immunosuppressant,12,90
K73W867817,Differentstatin,Steroid,12,400
V33Z24401,Typevir,Antihypertensive,12,650
P10W693905,Everyoneol,Vitamin,12,300
D89H599432,Leastcillin,Antidepressant,12,600
A70N546316,Measurestatin,Anti-inflammatory,12,90
K40F583726,Eventcillin,Respiratory,12,300
H68G99989,Tvcillin,Antibiotic,12,120
O82X661008,Theol,Respiratory,12,500
N88D9319,Notcillin,Analgesic,12,600
J52R661462,Southerncillin,Immunosuppressant,12,350
V89T748824,Tenzepam,Immunosuppressant,12,300
T51B411661,Churchcillin,Antipsychotic,12,50
X22P168925,Centuryzepam,Antihypertensive,12,65
G74I113061,Carryin,Steroid,12,80
Y90X76876,Plantxone,Diuretic,12,150
J94N472560,Economiczepam,MuscleRelaxant,12,150
Q57V750298,Twoxone,Antihypertensive,12,350
K30D925322,Securitycillin,Immunosuppressant,12,500
Y18K99210,Hugeol,Immunosuppressant,12,85
F1A521815,Culturezepam,Antihistamine,12,500
M84M489797,Happyol,Anticoagulant,12,500
I2Q124888,Stagestatin,Antibiotic,12,95
Y40C508976,Finallyzepam,Respiratory,12,300
V42Y249683,Medicalstatin,Antibiotic,12,110
Y36M42945,Indeedcillin,Analgesic,12,550
I0G85753,Reducestatin,Immunosuppressant,12,400
Z13Z305131,Measurecillin,Cardiovascular,12,300
X81X614617,Carezepam,Anticoagulant,12,150
T63V304001,Callvir,Antipyretic,12,650
I55B636474,Myselfxone,Vaccine,12,75
V52U402255,Riskin,Antiviral,12,450
A18Y109931,Wholestatin,Vitamin,12,250
O60H896147,Imagestatin,Antipyretic,12,115
L3J630431,Storyol,Diuretic,12,50
J35P498151,Trialol,Antipyretic,12,650
V55I768620,Voicecillin,Steroid,12,60
P63E276624,Kidvir,Antipyretic,12,400
I57B794675,Stuffcillin,Anti-inflammatory,12,65
Q29N95129,Responsibilitycillin,Diuretic,12,95
N34K780922,Differentzepam,Antifungal,12,650
L11D369627,Worryol,Vitamin,12,80
L88L573130,Currentzepam,Diuretic,12,500
I82L40444,Andvir,Anti-inflammatory,12,250
C93A895966,Insideol,MuscleRelaxant,12,350
Q40P26737,Debatexone,Anticoagulant,12,550
Z39T713321,Concerncillin,Antiviral,12,150
F66M846838,Thingol,MuscleRelaxant,12,55
J51G974931,Breakin,Antibiotic,12,250
T84F844380,Toughzepam,Antihypertensive,12,120
D71Z727988,Particularin,Vitamin,12,80
B27T7906,Finecillin,Respiratory,12,95
I88F683989,Cellstatin,Respiratory,12,600
D10R770155,Twozepam,Cardiovascular,12,95
D16H931600,Thecillin,Diuretic,12,350
N10C984635,Forvir,Immunosuppressant,12,200
D93D845858,Offervir,Antifungal,12,105
Q55F565896,Degreecillin,Antiviral,12,600
A92K576192,Payxone,Vaccine,12,650
Y19E875328,Budgetcillin,Respiratory,12,300
W52Y252718,Safexone,Steroid,12,150
A29T956713,Windin,Antiviral,12,250
C11L150838,Readol,Vaccine,12,200
K81O242711,Possiblecillin,Cardiovascular,12,120
R12S174238,Economicxone,Cardiovascular,12,65
S51K656759,Hotzepam,Antiviral,12,50
S9Q488774,Significantxone,Antiviral,12,450
H61J795832,Timein,MuscleRelaxant,12,110
I74H914012,Internationalxone,Antipyretic,12,550
O79C103108,Manycillin,Antihistamine,12,250
R62H720631,Powercillin,Respiratory,12,600
R96Z987334,Imaginein,Respiratory,12,250
M70Q525583,Meetstatin,Vaccine,12,300
T68X633974,Boxin,Immunosuppressant,12,250
U74Q415169,Theyvir,Analgesic,12,300
R34U54909,Eventxone,Analgesic,12,65
I17S950823,Mayvir,Antihypertensive,12,650
W22I981272,Givestatin,Antidepressant,12,350
X89F623127,Administrationol,Vitamin,12,450
L64Z364841,Financialzepam,Analgesic,12,300
I63T5523,Someonevir,Anti-inflammatory,12,300
Q13A394667,Ofxone,Diuretic,12,110
I28A463127,Rightol,Antipyretic,12,105
D66M623730,Docillin,Anticoagulant,12,150
U3Y548025,Militaryol,Diuretic,12,60
C75U212964,Stationin,Diuretic,12,550
V20T604426,Communityin,Vaccine,12,500
F74Z404082,Claimzepam,Antibiotic,12,200
M5D114912,Interestzepam,Antihypertensive,12,250
W1Q964980,Unitin,Analgesic,12,150
Q25U276052,Wellstatin,Antiviral,12,450
W32V521915,Wearstatin,Antihypertensive,12,550
P46K74048,Payol,Antiviral,12,300
K80C799212,Fatherstatin,Antiviral,12,200
D76W155819,Aircillin,Antihistamine,12,75
A53N663628,Daughterstatin,Anticonvulsant,12,350
C53O862126,Soundvir,Immunosuppressant,12,100
E25A245839,Historystatin,Respiratory,12,600
I2A835904,Managein,Antiviral,12,95
G68U887564,Womanstatin,Vitamin,12,400
L41B573404,Smallxone,Antipsychotic,12,600
D39H895159,Agencycillin,Antifungal,12,90
R20U903711,Kindin,Antibiotic,12,85
H17F634508,Somebodycillin,Antiviral,12,400
O27U326552,Commonstatin,Steroid,12,100
E15K449146,Importantin,Antibiotic,12,300
E5M228431,Preparevir,Antihistamine,12,300
A6U33395,Cultureol,Anticonvulsant,12,450
C9Y701663,Studyin,Antibiotic,12,115
B6L49752,Situationvir,Anticonvulsant,12,250
X81L890684,Oftenvir,Antiviral,12,300
E51H731314,Todaystatin,Antihistamine,12,80
E19G117595,Treatin,Anticonvulsant,12,650
W71E854064,Whilevir,Antiviral,12,125
X55P464653,Politicalcillin,MuscleRelaxant,12,65
X0H991493,Twoxone,Antihistamine,12,95
F58J475550,Heartstatin,Analgesic,12,650
B9V571348,Bigzepam,Immunosuppressant,12,450
B81M347121,Focusvir,Antipsychotic,12,450
P46E550950,Discussstatin,Antibiotic,12,105
V1M43008,Airxone,Immunosuppressant,12,550
F89D569561,Kindol,Anti-inflammatory,12,115
K20I660737,Babycillin,Diuretic,12,550
Z45S602371,Redvir,MuscleRelaxant,12,350
R90H682146,Growthzepam,Antidepressant,12,550
S29S770754,Andxone,Analgesic,12,85
K27U384104,Piecexone,Cardiovascular,12,95
N7R909210,Realin,Antiviral,12,300
P7F209229,Billxone,Vaccine,12,600
Y71J213649,Securityzepam,MuscleRelaxant,12,60
Y59S93500,Windowzepam,Diuretic,12,85
D78M316918,Moviestatin,Antipsychotic,12,450
V88T103312,Streetzepam,Immunosuppressant,12,300
C48V467105,Nonecillin,Antibiotic,12,250
S26O195170,Becomexone,MuscleRelaxant,12,300
K70U139610,Roleol,Antibiotic,12,600
G16B444544,Shortol,Antibiotic,12,250
F81R391015,Tvstatin,Antifungal,12,300
U50K855359,Wearxone,Anti-inflammatory,12,115
S44O864057,Totalxone,Vitamin,12,90
O81G200898,Wearin,Steroid,12,120
K57E387888,Othersxone,Anticoagulant,12,55
C55K880181,Beyondxone,Vaccine,12,110
W26H297442,Bookxone,Respiratory,12,150
I18K610610,Conditionol,Antidepressant,12,650
H23U710364,Realityin,Respiratory,12,65
F55E833754,Canstatin,Antifungal,12,350
P53R130466,Theircillin,Steroid,12,450
W53Y275211,Althoughxone,Antihistamine,12,115
X59T998445,Areaol,Diuretic,12,65
J81Z792265,Picturein,Antihistamine,12,50
Z76A669544,Sisterxone,Vaccine,12,95
A91V52035,Believein,Anticonvulsant,12,600
O69P997432,Voicevir,Steroid,12,200
B36J821665,Sufferstatin,Antihistamine,12,105
S34V310385,Professorvir,Antibiotic,12,300
Q92Z318397,Oncevir,Steroid,12,450
G7U542251,Anythingxone,Cardiovascular,12,75
J77H110056,Itselfin,Antihistamine,12,300
S97O785365,Realityol,Anticonvulsant,12,300
K41D476208,Civilxone,Vaccine,12,200
L82U20132,Minutezepam,Anti-inflammatory,12,350
I70W213596,Inol,Analgesic,12,75
L16I238513,Seastatin,Antihypertensive,12,400
L60Q746043,Agexone,Anticoagulant,12,500
K96Y899645,Enoughol,Vitamin,12,550
D67V189869,Behaviorvir,Antihypertensive,12,110
G25K297436,Seniorxone,Cardiovascular,12,250
T18W795265,Waycillin,Antihistamine,12,150
U3D661779,Perzepam,Antifungal,12,250
H48G478226,Stylevir,Antipsychotic,12,110
S26X38383,Examplevir,Steroid,12,75
X18R378584,Daughterol,Diuretic,12,550
R4Q844432,Handzepam,Antibiotic,12,80
H76A488814,Improvecillin,Analgesic,12,120
G41C960819,Motherin,Steroid,12,300
S23C684432,Growxone,MuscleRelaxant,12,300
B71H803864,Tryol,Antipyretic,12,55
L7R897433,Standardin,Anticonvulsant,12,350
W13G177683,Rateol,Respiratory,12,450
D7N445279,Jobvir,Anti-inflammatory,12,60
P64A305908,Bagxone,Antipyretic,12,75
O83K564355,Deepol,Antidepressant,12,500
Z46X310739,Bankol,Vitamin,12,50
G78T846393,Leavein,Vaccine,12,250
N80B931574,Assumecillin,Anti-inflammatory,12,500
D3J489974,Afterzepam,Cardiovascular,12,550
L1Y819860,Agozepam,Respiratory,12,50
S7M940120,Willvir,Anti-inflammatory,12,75
F25K172310,Officerxone,Immunosuppressant,12,115
E47B758094,Tocillin,Antihypertensive,12,140
J84T664031,Realitystatin,Anticonvulsant,12,600
F51N180570,Actionxone,Anti-inflammatory,12,250
N92S495245,Outin,Diuretic,12,350
T70W213626,Eatol,Analgesic,12,150
O82V338415,Mindzepam,Antihypertensive,12,150
A87V249864,Sufferzepam,Vitamin,12,105
S24B638915,Keepcillin,Antifungal,12,80
W99W67889,Yearin,Immunosuppressant,12,200
J58N482267,Cupol,Vitamin,12,115
O0D324384,Necessarycillin,Vitamin,12,80
U74T961551,Teacherxone,Anticoagulant,12,200
W0E629849,Drugin,Respiratory,12,60
N85E265602,Performin,Immunosuppressant,12,300
Z33C315499,Finishstatin,MuscleRelaxant,12,450
A46N880569,Heavyzepam,Immunosuppressant,12,550
F13Y201843,Cityxone,Antipyretic,12,120
P51N3890,Placezepam,Anticonvulsant,12,350
O15O162397,Withvir,Anti-inflammatory,12,550
J65J146647,Agentcillin,Antibiotic,12,350
I5O111432,Suchxone,Diuretic,12,60
G29X645622,Babycillin,Antifungal,12,150
C99T426880,Opportunitystatin,Steroid,12,350
B50F575432,Hugeol,Antidepressant,12,120
M80U876638,Bornin,Anticoagulant,12,300
X76H453621,Reasonxone,Anti-inflammatory,12,110
Z86H993697,Eightol,Antihypertensive,12,115
I77G862618,Yardcillin,Vitamin,12,350
G83P312634,Withol,Steroid,12,200
Q54N17862,Standardol,Antihistamine,12,100
H1C233163,Thingin,Antipsychotic,12,110
L5F964266,Bodyol,Anti-inflammatory,12,250
R36V792262,Simplecillin,Cardiovascular,12,60
V83Q145279,Responsibilityvir,Anticonvulsant,12,145
R27M363935,Feelol,Cardiovascular,12,600
O66D312242,Bagzepam,Antipsychotic,12,600
F69T78393,Motherzepam,MuscleRelaxant,12,500
P52F977424,Historyxone,Anticonvulsant,12,500
B72C300752,Waycillin,Vaccine,12,105
K11W42062,Realizezepam,Antibiotic,12,300
E77I714439,Seatzepam,Anticonvulsant,12,550
Y75D486067,Hitol,Antiviral,12,115
A39I425519,Tablecillin,Antipyretic,12,85
A79Q231567,Bothxone,MuscleRelaxant,12,450
K10S854326,Controlstatin,Immunosuppressant,12,150
O39V95185,Nightin,Antiviral,12,200
L59Q247417,Seein,Diuretic,12,550
Y52P120221,Characterstatin,Immunosuppressant,12,75
I18D813890,Yourol,Anticonvulsant,12,105
Z64A306579,Ownerzepam,Antidepressant,12,250
Y44J807700,Nightcillin,Vaccine,12,100
D84J425535,Theirzepam,Analgesic,12,600
N6L684787,Discovercillin,Anti-inflammatory,12,400
V3L718769,Atin,Immunosuppressant,12,100
U65K710551,Greatxone,Anti-inflammatory,12,200
G32B773907,Perhapsxone,Respiratory,12,600
J79D644856,Couldcillin,Analgesic,12,400
T34S829456,Againstcillin,Antibiotic,12,60
V92G38793,Quicklyxone,Antipsychotic,12,550
A43E849617,Lawcillin,Antifungal,12,450
N61K541480,Studyvir,Diuretic,12,120
L61B39859,Agreezepam,Vitamin,12,600
M23G424517,Thancillin,Antiviral,12,85
A21J365846,Attackstatin,Antibiotic,12,300
G7X735744,Chairstatin,Anti-inflammatory,12,120
J57Z90392,Singlezepam,Antipsychotic,12,200
X40L435205,Governmentcillin,Immunosuppressant,12,650
S26B480744,Foodxone,Anticonvulsant,12,500
Q84R454862,Rangevir,MuscleRelaxant,12,500
O65D726703,Federalvir,Cardiovascular,12,550
T50W629385,Rangevir,Anti-inflammatory,12,450
A7S668860,Neverstatin,Vaccine,12,55
F42T418326,Publicxone,Antifungal,12,110
Q23Z136110,Outsidestatin,Antiviral,12,65
J98G758814,Fewzepam,Antiviral,12,400
W42S221367,Approachstatin,Analgesic,12,200
Y24S620258,Southol,Antihistamine,12,300
I90U477407,Sitestatin,Antiviral,12,110
T16U468264,Storyvir,Antidepressant,12,350
O40X42565,Treein,Analgesic,12,550
Y2V745158,Resultol,Anti-inflammatory,12,80
R83W744718,Sonin,Vitamin,12,85
N94J913038,Greatxone,Anti-inflammatory,12,400
X7W796075,Probablyol,Anti-inflammatory,12,150
L28J558338,Glassol,Antihypertensive,12,550
W10U864589,Discoverzepam,Antifungal,12,250
T96T127819,Valuexone,Antifungal,12,65
O51G823101,Saystatin,Immunosuppressant,12,85
Q51O928498,Establishcillin,Antipyretic,12,300
J47O234133,Millionstatin,Antihistamine,12,450
T49Z456351,Stockcillin,Vitamin,12,115
X85O447901,Moneystatin,Antihypertensive,12,300
X77M35776,Toool,Antifungal,12,90
H17B107872,Usecillin,Antipsychotic,12,300
R51K760387,Aboutzepam,Vitamin,12,150
F49E414572,Wholevir,Immunosuppressant,12,105
A13R624604,Personalcillin,Respiratory,12,200
B61C24547,Walkin,Antiviral,12,300
L45D691687,Soundcillin,Anticonvulsant,12,600
G60U559521,Reallyin,Antihypertensive,12,300
O13X497541,Determinezepam,Diuretic,12,300
S55H587513,Aboutol,Diuretic,12,500
J56R229810,Doctorzepam,Respiratory,12,60
Y79S755113,Studyxone,Cardiovascular,12,250
V19E504275,Beautifulcillin,Anticonvulsant,12,85
U0P144985,Betweenstatin,Antifungal,12,85
M25E910914,Signol,Antibiotic,12,70
L57Y647071,Simplycillin,Analgesic,12,105
R6T97317,Identifystatin,Antihypertensive,12,85
K56D422026,Veryin,Antipsychotic,12,650
P85L537299,Muchxone,Antifungal,12,250
B35K396446,Mothervir,Cardiovascular,12,300
O66Q664029,Prettyin,Antiviral,12,600
S97C147070,Federalcillin,Immunosuppressant,12,50
S20V8965,Trainingzepam,Antihistamine,12,85
J24F587469,Campaignin,Antibiotic,12,400
H92Y736067,Analysisol,Antihypertensive,12,100
M47G173520,Showxone,Anticoagulant,12,65
G70X321813,Behindin,Antiviral,12,60
Y6Y40397,Goodvir,Antibiotic,12,450
U36B35382,Sortstatin,Antipsychotic,12,90
F13O367016,Evidencevir,Antifungal,12,200
X28E59678,Timezepam,Anti-inflammatory,12,110
I44O900903,Soldiervir,Antipyretic,12,250
P61Z593175,Fullin,Cardiovascular,12,85
C51M311159,Despitein,Anticoagulant,12,100
A91G837977,Matterstatin,Antihistamine,12,150
B14H835642,Decadestatin,Antidepressant,12,75
U96W361165,Farzepam,Antipsychotic,12,400
E35M459301,Revealol,Anticonvulsant,12,110
A89D970132,Ratevir,MuscleRelaxant,12,110
F38F748990,Strongstatin,Immunosuppressant,12,85
J28F241960,Institutionol,Antihistamine,12,300
I17I956675,Imagestatin,Vitamin,12,80
H97X97093,Learnin,Cardiovascular,12,650
J30C735186,Positivein,Antifungal,12,65
R43G573275,Earlyzepam,Respiratory,12,105
O10G260791,Realin,Steroid,12,550
F4N540461,Chargeol,Steroid,12,250
C83H606740,Successin,Antidepressant,12,50
B15A606936,Termol,Antihistamine,12,350
Q39L571207,Mouthvir,Antiviral,12,80
J70Q911747,Tonightstatin,Steroid,12,650
N38W333215,Employeeol,Vaccine,12,150
V29F128444,Openin,Diuretic,12,400
D23Z440243,Aboutzepam,Cardiovascular,12,400
W41J689452,Sensezepam,Cardiovascular,12,300
E26J261229,Treein,Cardiovascular,12,400
I53I736848,Coldzepam,Anticoagulant,12,150
L90Y655560,Behindcillin,Antidepressant,12,120
D9N77009,Candidatexone,Cardiovascular,12,80
K32C201565,Historyxone,Antipsychotic,12,200
P6X898437,Examplecillin,Antihypertensive,12,250
Z43B540101,Sellcillin,Respiratory,12,650
B47H208977,Ageol,Analgesic,12,75
S99L32740,Leftin,Steroid,12,105
J11P572820,Participantvir,Steroid,12,85
N67C402423,Waterxone,Antifungal,12,350
B91Z386662,Projectstatin,Immunosuppressant,12,60
S41K735998,Treeol,Antifungal,12,135
V81Q38883,Themselvescillin,Antiviral,12,100
A60J676298,Finishxone,Vitamin,12,500
Y83H689689,Differentstatin,Antipsychotic,12,105
Z96A127349,Ownercillin,Anticonvulsant,12,300
B88T386259,Ownin,Vaccine,12,95
Z88M662558,Cameraxone,Antipyretic,12,150
F24I195065,Redvir,Respiratory,12,105
I29J928202,Federalin,Antidepressant,12,110
F9M504941,Fastin,Respiratory,12,300
D81V826543,Processin,Immunosuppressant,12,135
Z72F896729,Producexone,Respiratory,12,350
A49C776742,Howeverin,Antifungal,12,50
D7B657232,Memoryin,Cardiovascular,12,60
S46W219280,Bezepam,Antihypertensive,12,450
M0H513729,Warin,Vaccine,12,300
L56H211962,Stylexone,Anticonvulsant,12,150
Y83S183149,Technologyxone,MuscleRelaxant,12,130
Z67H162926,Darkol,Antiviral,12,150
G48X334561,Stepxone,MuscleRelaxant,12,250
I33Q582209,Totalol,Antipsychotic,12,500
V2B190594,Consumerin,Antidepressant,12,50
Y67R818035,Comparevir,Antiviral,12,80
X97X376258,Elsexone,Antidepressant,12,105
X82L735712,Returnzepam,Antipsychotic,12,120
J67V559199,Threexone,Anti-inflammatory,12,60
T75J639892,Programin,MuscleRelaxant,12,50
R99T835913,Enjoyzepam,Vitamin,12,600
W49O108828,Leavezepam,Respiratory,12,600
O90B64792,Shevir,Antifungal,12,250
X7I733032,Weightzepam,Antihistamine,12,650
F70D580867,Northcillin,Antidepressant,12,450
U71Y348152,Strongol,Analgesic,12,250
T27J334959,Tradezepam,Anticoagulant,12,150
Z62S698845,Areaxone,Antifungal,12,115
M91C703091,Specialcillin,Analgesic,12,105
X75M920261,Losein,Anti-inflammatory,12,400
W92S376611,Directorin,Diuretic,12,200
D24H9470,Finalstatin,Immunosuppressant,12,200
P85V857356,Upxone,Antihistamine,12,650
V99T115866,Personol,Steroid,12,65
E3V771639,Liveol,Antifungal,12,80
U82D915846,Hospitalstatin,Vaccine,12,85
J90W89432,Endzepam,Steroid,12,300
G6C233271,Frontvir,Antifungal,12,55
Z63Q804595,Gasvir,MuscleRelaxant,12,200
S66M681892,Yearxone,Antipsychotic,12,300
O22B177961,Bedvir,Antihypertensive,12,450
E24H653420,Industryin,Cardiovascular,12,350
P11K80878,Hairzepam,Respiratory,12,600
A46S791927,Lossol,Anticoagulant,12,550
K63T831083,Assumein,Anticoagulant,12,250
J11P205553,Cellvir,Antihypertensive,12,650
R57G991813,Hotin,Antihistamine,12,50
L31Z5572,Computerxone,Antihistamine,12,100
G74J701112,Futurein,MuscleRelaxant,12,350
C57N473384,Thanvir,Immunosuppressant,12,115
M47Y4249,Barcillin,Anticonvulsant,12,80
W27U506447,Businesscillin,Anticoagulant,12,200
B46O976384,Forcezepam,Anticonvulsant,12,350
X50W390777,Armstatin,Antidepressant,12,500
H70N114295,Studentstatin,Steroid,12,200
Q3W249735,Lookcillin,Diuretic,12,600
V60J235097,Difficultzepam,Anticoagulant,12,650
Q87Q92416,Hearxone,MuscleRelaxant,12,250
F42M38106,Whilestatin,Anticoagulant,12,250
A99R321627,Modelzepam,Antidepressant,12,350
V14C210602,Facecillin,Antibiotic,12,55
N42M218251,Tradeol,Anti-inflammatory,12,65
W29O259241,Teachervir,Antipsychotic,12,75
K59N732572,Feelingin,Steroid,12,500
Y24P721558,Ourcillin,Respiratory,12,300
E38S390166,Stagevir,Anticonvulsant,12,85
T97T953074,Nearlyin,Antihypertensive,12,500
F4U412911,Smilevir,Antiviral,12,650
H25C293275,Yourselfol,Vitamin,12,550
Y55G740369,Collegevir,Vitamin,12,600
K8G398688,Ascillin,Analgesic,12,75
D95T477563,Propertycillin,Antipyretic,12,400
N72V567667,Setzepam,Antibiotic,12,60
Y42L675775,Againststatin,Anticonvulsant,12,50
Y86I38603,Billin,Immunosuppressant,12,650
L82C164553,Positivezepam,Respiratory,12,550
T33M677111,Popularcillin,Antipsychotic,12,650
H74Y212865,Elsein,Cardiovascular,12,250
C92W39401,Listenxone,Vaccine,12,120
T40R4448,Attorneyol,Vaccine,12,110
O64G217610,Impactin,Diuretic,12,350
R62B664111,Acceptstatin,Anticoagulant,12,300
O71G631627,Designxone,Antibiotic,12,120
S3H591393,Spacestatin,Cardiovascular,12,350
E0K422342,Placein,Immunosuppressant,12,600
J68U364887,Endcillin,Antipsychotic,12,400
E26K550381,Suggestzepam,Antibiotic,12,95
A30X58059,Stationxone,Diuretic,12,120
R26V715281,Readystatin,Antiviral,12,145
I76Y466684,Anothervir,Respiratory,12,75
A84Y740440,Thenol,Analgesic,12,65
D46C402139,Alwaysstatin,Cardiovascular,12,45
S36I293990,Youcillin,Immunosuppressant,12,600
J26R422075,Doctorvir,Anticonvulsant,12,600
Z92T525375,Finishstatin,Anticonvulsant,12,500
H52U495634,Picturestatin,Antipsychotic,12,300
Y57G579811,Sonvir,Antihistamine,12,150
Z23U41858,Involvevir,Antipyretic,12,400
R47T947361,Protectzepam,Vitamin,12,55
P90O236092,Somebodycillin,Vaccine,12,85
O7R789499,Careerzepam,Antidepressant,12,650
U85G567126,Rulein,Antibiotic,12,450
M45U120842,Developol,Analgesic,12,150
W18F36869,Directionvir,Antipsychotic,12,60
M72L45413,Minutezepam,Antibiotic,12,200
L76E597114,Environmentin,Anticoagulant,12,300
E18D46601,Reflectstatin,Antidepressant,12,90
G5F587839,Bothstatin,Antihistamine,12,80
H49W43189,Rockin,Vaccine,12,600
U93Y468256,Processstatin,Antihypertensive,12,75
H58M828411,Leaderol,Cardiovascular,12,200
K89K803038,Breakvir,Analgesic,12,500
W22S954262,Billstatin,Cardiovascular,12,60
N49O7387,Mediavir,Antipyretic,12,55
P73H73743,Decideol,Vaccine,12,115
I52T273721,Borncillin,Antidepressant,12,450
D88L658802,Butzepam,Steroid,12,150
W91J59566,Opportunityin,Analgesic,12,65
X64R464212,Dropzepam,Anticonvulsant,12,55
M14J989146,Firecillin,Anticonvulsant,12,650
D57E2977,Staffcillin,Anticoagulant,12,95
Q21N283962,Speakxone,Antifungal,12,80
W39Y992125,Realizexone,Steroid,12,75
Y49C79786,Outsideol,Antiviral,12,450
R22Q93577,Okvir,Analgesic,12,95
G79L475424,Millionin,Analgesic,12,150
P91V342735,Planxone,Vitamin,12,150
N2X279908,Trialol,Vitamin,12,600
G55M562836,Managementzepam,Respiratory,12,550
F15Y177554,Plantstatin,Antihistamine,12,70
A84Q995622,Responsibilityzepam,Analgesic,12,125
N19U320183,Employeexone,MuscleRelaxant,12,120
C73A988738,Playerin,Antidepressant,12,150
R31T8756,Seriousstatin,Antiviral,12,600
I47F962693,Productzepam,Antiviral,12,250
I83P301982,Bitstatin,Analgesic,12,75
B95U986548,Weightvir,Vaccine,12,400
D83V428482,Sevenvir,Anticoagulant,12,90
L10M591819,Projectstatin,Analgesic,12,50
R87B497397,Ownercillin,Diuretic,12,80
Z73O938197,Stationxone,Vaccine,12,450
Y57N844624,Ratherstatin,Analgesic,12,50
Q24C464265,Afterin,Antihypertensive,12,600
O40V647127,Peoplezepam,Antiviral,12,400
O20A944254,Viewxone,Anticoagulant,12,200
A17S260058,Environmentstatin,Anticoagulant,12,200
K43Z374967,Nearin,Antihypertensive,12,65
Y22O399008,Specificvir,Steroid,12,100
R7W382709,Dealcillin,MuscleRelaxant,12,70
S35E360049,Naturecillin,Antihypertensive,12,105
D16F816871,Gascillin,Steroid,12,400
I14X671853,Responsevir,Vaccine,12,300
E50L852670,Industryxone,Antihypertensive,12,350
S53J404666,Plancillin,MuscleRelaxant,12,150
W7L437311,Payzepam,Antidepressant,12,450
Y36N479831,Effectin,Vitamin,12,550
N92B956633,Arguexone,Antihistamine,12,650
Y32T196950,Servicestatin,Analgesic,12,650
U73V122652,Cupxone,Vitamin,12,400
Z82O973816,Choosein,Antidepressant,12,450
Z48J735943,Fromxone,Antipyretic,12,85
F84N63451,Arguevir,Respiratory,12,150
E94J155680,Veryzepam,Vitamin,12,120
I66G111355,Hundredin,Vitamin,12,400
V96Z174395,Environmentin,Antiviral,12,400
S69S956396,Nearlyxone,Antihypertensive,12,80
F39Q720906,Successzepam,Antihistamine,12,150
B12V248623,Ifxone,Antifungal,12,70
Y0T192995,Greatin,Antipyretic,12,500
U63H480296,Businessxone,Anticonvulsant,12,115
R42O222593,Carcillin,Anticoagulant,12,200
J86D435605,Friendcillin,Analgesic,12,70
Q53Z806697,Seatin,Vitamin,12,150
T52B306656,Examplezepam,Vitamin,12,115
H87H918442,Firmcillin,Anticonvulsant,12,150
P75C633408,Rockzepam,Respiratory,12,105
B3W946606,Actuallyzepam,MuscleRelaxant,12,90
Y90C463006,Qualityol,Antihistamine,12,90
V92R241829,Conferencexone,Antihistamine,12,95
X96O37515,Asxone,Vitamin,12,75
F5B616638,Interviewcillin,Antipsychotic,12,400
C39F122498,Returnol,Antipyretic,12,500
A52W23910,Morningin,Antipyretic,12,145
H91N836173,Customercillin,Antiviral,12,105
E36E312930,Redin,Antifungal,12,250
J11I260769,Windin,Antibiotic,12,75
O29R390862,Tellol,Cardiovascular,12,250
W7H834351,Wrongzepam,Steroid,12,300
C73Q325854,Businessxone,Vaccine,12,55
Z30M311073,Windcillin,Antihistamine,12,150
R8I394344,Controlcillin,Antifungal,12,150
U33B896078,Withinstatin,Vitamin,12,90
T27S981810,Detailzepam,Steroid,12,50
V19J135186,Usuallyin,Analgesic,12,150
W99U864817,Agoxone,MuscleRelaxant,12,150
D73Z829497,Conferencevir,Respiratory,12,250
Y51Z448664,Andcillin,Antidepressant,12,600
R11X667791,Quicklycillin,Antiviral,12,120
N95H915333,Motherstatin,Antihypertensive,12,450
W90X157314,Rolexone,Antidepressant,12,250
B99X737647,Wantstatin,Antiviral,12,95
T59O534457,Buildxone,Antiviral,12,75
M87X737299,Everythingvir,Antihypertensive,12,250
Q51V842516,Especiallyin,Antifungal,12,150
F20L668128,Itsvir,Steroid,12,550
G35S890450,Adultol,Cardiovascular,12,500
K64M568543,Performin,Cardiovascular,12,75
U12P273867,Manyin,Immunosuppressant,12,100
G32K289426,Youngstatin,Antipyretic,12,80
D82I672269,Studyvir,Antidepressant,12,105
B7G901137,Roadxone,Anti-inflammatory,12,250
D77B858305,Visitin,Antipyretic,12,60
M71T550546,Overin,Vaccine,12,400
P54N626579,Keyvir,Antipyretic,12,130
I34N984267,Sayol,Immunosuppressant,12,300
R85Z708470,Partyol,Antihistamine,12,100
V23G843427,Nationzepam,Respiratory,12,95
P57O563587,Fallxone,Antibiotic,12,250
W20C426897,Deepcillin,Antidepressant,12,450
R36P700438,Citizenzepam,Respiratory,12,90
Z22M216015,Seriescillin,Anticoagulant,12,350
M39Y254001,Twovir,Antihistamine,12,70
B23I132542,Authorxone,Anticoagulant,12,300
A54J503916,Groundvir,Respiratory,12,105
Z29V575031,Choicestatin,Immunosuppressant,12,450
M73U168189,Samein,Anti-inflammatory,12,550
A45R501059,Couldxone,Anti-inflammatory,12,300
J89X405393,Wantin,Cardiovascular,12,85
K79R245388,Preventol,Antibiotic,12,120
Q79Z197081,Lawyerstatin,Vaccine,12,500
G25X521971,Mindstatin,Antifungal,12,55
S32E590583,Treatmentin,Analgesic,12,105
P59M361120,Anythingstatin,Diuretic,12,450
N47P198120,Companyxone,Anticoagulant,12,350
X13R757094,Servexone,Antipsychotic,12,300
N48X359695,Endstatin,Vaccine,12,550
U97N735670,Hundredol,Analgesic,12,105
B67O469318,Particularlyol,Antifungal,12,550
J26Z167862,Finallyxone,Respiratory,12,65
P58M401445,Significantstatin,Antipyretic,12,110
K2R2631,Realizexone,Anti-inflammatory,12,350
O84I952521,Viewvir,Diuretic,12,70
U87C150280,Meanin,Respiratory,12,300
J10L91668,Fallcillin,Cardiovascular,12,550
K88B709642,Defensecillin,Vitamin,12,400
U96H8580,Personalxone,Antihistamine,12,300
X67R14615,Shouldvir,Diuretic,12,300
Z70H883830,Developmentol,Respiratory,12,600
D61W407580,Highol,Steroid,12,150
I64N629027,Modelzepam,MuscleRelaxant,12,500
G80H612244,Singvir,Vaccine,12,200
G68B972673,Interestzepam,Anti-inflammatory,12,250
G98M548183,Whenol,Anticonvulsant,12,80
B14Q422394,Rulevir,Anticoagulant,12,60
D21D983838,Keepstatin,Vitamin,12,85
Z19T879442,Morningin,Cardiovascular,12,450
F60F634924,Stillxone,Anticoagulant,12,105
F14T769199,Treestatin,Anticoagulant,12,50
T95G848250,Sciencevir,Antiviral,12,500
O24T549375,Wearol,Anticoagulant,12,65
Q26G787061,Stationzepam,Steroid,12,300
Q86T923836,Buildcillin,Respiratory,12,350
H68V395097,Occurvir,Antidepressant,12,200
I69U250674,Evenol,Antipsychotic,12,150
U69M796894,Havevir,Antidepressant,12,120
Z92P421497,Poorstatin,Diuretic,12,650
L8T410340,Housecillin,Antiviral,12,600
A49H17726,Controlin,Vitamin,12,250
R38P185753,Lotin,Antidepressant,12,500
S16I16995,Allowxone,MuscleRelaxant,12,450
M21X789840,Participantin,Diuretic,12,550
S36V955036,Acceptzepam,MuscleRelaxant,12,85
C96J373674,Bringstatin,Steroid,12,350
N79A515697,Interestzepam,Antifungal,12,650
G80R719163,Nicecillin,Vitamin,12,400
I94Y528193,Breakxone,Antihypertensive,12,105
C64D643856,Companyzepam,Antipsychotic,12,350
M86N716302,Attentionstatin,Analgesic,12,70
J20T23967,Towardxone,Respiratory,12,400
V19I497887,Makeol,Immunosuppressant,12,80
M92S702995,Helpvir,Diuretic,12,500
N86W580458,Warol,Cardiovascular,12,120
Q99D542321,Bodycillin,Vaccine,12,85
S47Y80869,Courseol,Anti-inflammatory,12,95
Q96X691771,Accordingstatin,Antibiotic,12,50
U59R888384,Thoughxone,Antipsychotic,12,600
X11M871325,Faststatin,MuscleRelaxant,12,550
Y65K691591,Easyol,Antifungal,12,110
V28A932748,Movementstatin,Anti-inflammatory,12,110
M55Z620408,Hotelin,Antihistamine,12,150
J58B726865,Itstatin,Antidepressant,12,140
V1I327455,Alreadystatin,Vitamin,12,70
D8T360507,Controlcillin,Antibiotic,12,450
F71S600776,Arguezepam,Immunosuppressant,12,200
D87I538597,Carol,Antipsychotic,12,100
R61B176395,Becomevir,Antipsychotic,12,90
E82O223773,Nothingcillin,Antiviral,12,450
W39L902955,Nowol,Immunosuppressant,12,550
V40P804229,Smilevir,Antihypertensive,12,70
W56R480447,Budgetcillin,Analgesic,12,120
N39X523971,Comparezepam,Diuretic,12,75
R46O819036,Iol,Antipyretic,12,85
J11U364097,Workzepam,Antihistamine,12,300
W81E666053,Concernxone,Immunosuppressant,12,150
F30Q842517,Subjectol,Antiviral,12,145
I42D360892,Abovevir,Vitamin,12,250
K72A512223,Meetingcillin,Anticonvulsant,12,500
T28B180450,Networkxone,Anticoagulant,12,300
Z72C749242,Thosezepam,Antipyretic,12,550
T97L617548,Rockstatin,Respiratory,12,80
U30X891307,Greenxone,Antihistamine,12,115
Y89A263947,Candidatezepam,Antidepressant,12,200
U41B53024,Bitxone,Vaccine,12,450
G94J859935,Ratezepam,Cardiovascular,12,90
Q72K782313,Usexone,Analgesic,12,400
T31E355343,Okstatin,Antihypertensive,12,450
P42Y949211,Communityxone,Analgesic,12,85
Z2F872427,Specialcillin,Diuretic,12,150
S71B655102,Decidevir,Steroid,12,250
F41Q83136,Centuryol,Diuretic,12,400
J27Z945916,Populationin,Immunosuppressant,12,150
O82A771888,Eastcillin,Antipyretic,12,125
M26V499087,Magazinexone,Anticonvulsant,12,100
B8O214467,Variousvir,Antidepressant,12,145
N55W11520,Fastcillin,Antifungal,12,55
E33D45693,Ratexone,Antipyretic,12,55
B35X503163,Lotcillin,Anticoagulant,12,400
B4J503471,Pressurexone,Anticoagulant,12,90
E37P220362,Easyxone,Respiratory,12,250
Z93A201307,Meetzepam,Vaccine,12,500
Q85H842959,Healthcillin,Antibiotic,12,350
X76W516873,Frontstatin,Cardiovascular,12,450
C53J904620,Sciencein,Anticoagulant,12,650
E10Y12897,Footxone,Anti-inflammatory,12,80
I64M162498,Themselveszepam,Steroid,12,105
A55S914649,Monthzepam,MuscleRelaxant,12,55
G36A40220,Avoidol,Analgesic,12,400
Y64F806244,Seecillin,Antidepressant,12,90
B67M166784,Floorol,Diuretic,12,650
X71Y30071,Supportvir,Immunosuppressant,12,650
X99Z315272,Althoughol,Antiviral,12,200
G92U889509,Reportxone,Antihistamine,12,85
D25B755335,Particularlyzepam,Antipsychotic,12,650
H69J565051,Resultvir,Vaccine,12,60
F73F16416,Decidexone,Vaccine,12,60
L41J964358,Threatxone,Analgesic,12,600
Q82N224735,Expectzepam,Antidepressant,12,70
L97A101421,Personcillin,MuscleRelaxant,12,120
X23H469379,Roadzepam,Anti-inflammatory,12,105
N86X603025,Ballxone,Antibiotic,12,100
D83Q429849,Rememberol,Antipyretic,12,125
O93S848193,Mestatin,Anticonvulsant,12,55
H62Q252398,Babyxone,Cardiovascular,12,90
C74T672760,Surfacexone,Vaccine,12,650
R10L90713,Mostxone,Antiviral,12,150
F93P372226,Indicatein,Vitamin,12,250
Y92I1771,Dozepam,Antiviral,12,95
G92W523681,Recognizein,Anticonvulsant,12,60
M65I651613,Securityzepam,Immunosuppressant,12,150
K18D81447,Itin,Immunosuppressant,12,500
R64S881474,Insideol,Antidepressant,12,80
T15V65241,Waterzepam,Vaccine,12,350
X25N299073,Societycillin,Anticoagulant,12,150
D44U984870,Howcillin,Cardiovascular,12,200
V62W39872,Threestatin,Antihistamine,12,400
N34F45812,Mexone,Antifungal,12,50
S86F620183,Clearlycillin,Anticoagulant,12,500
P32F107519,Differencexone,Antipsychotic,12,105
O91H892985,Animalstatin,Anticoagulant,12,600
D19H804652,Closestatin,Vaccine,12,55
X0J495441,Faceol,MuscleRelaxant,12,500
S97O839126,Teamol,Diuretic,12,65
N85H205881,Talkvir,Anticoagulant,12,650
U26Y615250,Towardxone,Antibiotic,12,95
D47Q940403,Religiousol,Diuretic,12,600
K41Q432730,Tenin,Cardiovascular,12,85
Z0H535510,Becausezepam,Antihypertensive,12,85
P80S536094,Collectioncillin,Cardiovascular,12,650
H73A95798,Expectvir,Respiratory,12,300
L75X563507,Discussstatin,Antibiotic,12,550
J75C399982,Treezepam,Antiviral,12,650
F64G181288,Hotelcillin,Vaccine,12,450
Q39V915615,Windxone,Antihypertensive,12,45
K46L272803,Datain,Antipyretic,12,60
G23D354951,Stillxone,MuscleRelaxant,12,85
W35H989330,Filmstatin,Antihypertensive,12,150
E69P124509,Worldin,Immunosuppressant,12,150
U76S966241,Armstatin,Anticoagulant,12,50
L21G909807,Walkzepam,MuscleRelaxant,12,650
E72N840202,Totalvir,Antipsychotic,12,550
R22K613042,Somethingxone,Anticonvulsant,12,550
N81T206587,Kidol,Antifungal,12,650
B41O580495,Developmentin,Diuretic,12,55
T15N766603,Remainzepam,Vaccine,12,95
L65I17324,Buildvir,Immunosuppressant,12,650
D83J649964,Languageol,Antiviral,12,65
M90M933987,Toxone,Anticoagulant,12,650
E2R149197,Theoryvir,Anticonvulsant,12,200
D24M890121,Pictureol,Antiviral,12,650
L90B689324,Haircillin,Antiviral,12,550
J28H250886,Tablecillin,Analgesic,12,500
Y24H878404,Soundzepam,Analgesic,12,450
E92A468976,Chairxone,Diuretic,12,200
Z90B110023,Meetingstatin,Antipsychotic,12,60
V98C184507,Feelingol,Respiratory,12,650
V67I900786,Nearstatin,Cardiovascular,12,450
R63A183785,Mrcillin,Antihistamine,12,65
Q85E134783,Pressurezepam,Antiviral,12,50
H18M654141,Holdstatin,Antiviral,12,50
Z28G369553,Barvir,Vitamin,12,600
T23Z853718,Sortzepam,Antibiotic,12,60
A16Q939266,Agentol,Cardiovascular,12,550
B48H601186,Campaigncillin,Analgesic,12,90
N60S924319,Majorstatin,Antihistamine,12,550
I62L460378,Secondin,Antidepressant,12,300
S96B265906,Typein,Cardiovascular,12,90
Q80K438372,Darkol,Anticonvulsant,12,90
X39F157175,Stopvir,Anti-inflammatory,12,50
Y59P893573,Rightxone,Analgesic,12,550
B9P829387,Imagevir,Anti-inflammatory,12,90
P37A291798,Respondstatin,Cardiovascular,12,500
P49Q594667,Redstatin,Vaccine,12,300
I32A619155,Checkcillin,Anticonvulsant,12,80
K39J848144,Fallol,Antiviral,12,300
Z22F373271,Todaycillin,Antiviral,12,400
A58Q183519,Specificxone,Anticonvulsant,12,65
J17I176299,Forgetvir,Antidepressant,12,300
T65U706420,Greenol,Anticoagulant,12,300
G13U30811,Thuscillin,Anticoagulant,12,60
W76C961815,Dealin,Antipyretic,12,300
W59I219666,Bankstatin,Antibiotic,12,550
U82H257161,Ablecillin,Anti-inflammatory,12,300
B78Z510192,Ablecillin,Anticonvulsant,12,55
I13D28455,Expertin,Antipsychotic,12,500
I78H223365,Whyxone,Antiviral,12,550
V57S512983,Guystatin,Respiratory,12,90
H22U75440,Involvestatin,Anti-inflammatory,12,50
R7D301060,Summerstatin,Analgesic,12,300
A55P53618,Eachstatin,Antihistamine,12,200
E19G43134,Cupol,Anticoagulant,12,200
S78E341990,Stylezepam,Antihistamine,12,90
F10M504119,Taskol,Steroid,12,50
B69K560138,Soonstatin,Antihypertensive,12,150
W19O777029,Centralvir,Vitamin,12,300
H5N916011,Firmcillin,Anticoagulant,12,400
D71H872359,Putstatin,Steroid,12,450
Y49C133457,Heavyol,Antidepressant,12,600
M12F712020,Sellstatin,Vitamin,12,60
P32L525727,Imagevir,Anticonvulsant,12,55
U57R522482,Countrycillin,Antihistamine,12,450
P70V335357,Developzepam,Anticonvulsant,12,120
G36T504919,Knowledgestatin,Antihypertensive,12,300
P52K701708,Leaderol,Anticonvulsant,12,100
V68U317059,Courtol,Antifungal,12,400
A30N830968,Sonzepam,Cardiovascular,12,450
I90K975421,Totalol,Diuretic,12,50
N98Y92170,Visitol,Anticonvulsant,12,400
T46F480429,Comparevir,Respiratory,12,95
W52Q16320,Pickstatin,Cardiovascular,12,50
M3T652560,Theoryzepam,Respiratory,12,65
O90O45479,Almostol,Immunosuppressant,12,110
U58A339297,Stillxone,Antihypertensive,12,70
C54D332367,Naturezepam,Analgesic,12,250
P96S905591,Momentvir,Antifungal,12,300
Y48I813222,Butin,Antifungal,12,85
U69W329723,Sayin,Diuretic,12,300
Y66Z632779,Throwvir,Respiratory,12,110
L69J61349,Similarcillin,Diuretic,12,60
B75D455600,Scientistxone,Anticoagulant,12,60
G83B332232,Singzepam,Antiviral,12,300
B10S602618,Testzepam,MuscleRelaxant,12,50
E21L581031,Withstatin,Antipyretic,12,500
B80K789930,Ratherzepam,Analgesic,12,50
H61E604004,Eastin,Antifungal,12,300
B8W814273,Outcillin,MuscleRelaxant,12,200
S0A898523,Imagexone,Vaccine,12,150
F65R825673,Generalstatin,Vitamin,12,80
B46M116754,Keyol,Antihistamine,12,60
S70F247685,Centralzepam,Analgesic,12,500
A37U160315,Computerstatin,Antihistamine,12,80
V12R926306,Finecillin,Diuretic,12,350
X65T907312,Producevir,Antibiotic,12,550
F66L745329,Westernol,Antipyretic,12,150
W19E409639,Leftzepam,Anticoagulant,12,450
Z94C682049,Despitein,Antiviral,12,300
X12G738226,Socillin,Antiviral,12,250
U83L496506,Machinevir,Respiratory,12,500
B95L822180,Revealin,Antipyretic,12,400
H86I773004,Executivestatin,Antifungal,12,95
T29F859351,Shouldervir,Antipsychotic,12,150
O91L271463,Dogin,Respiratory,12,150
T5D547409,Offzepam,Vitamin,12,100
G82R238339,Lossvir,Antibiotic,12,300
G52C381491,Asxone,Antihistamine,12,65
I22J41770,Defensezepam,Antihistamine,12,55
D91I609343,Energyzepam,MuscleRelaxant,12,105
H25R389761,Bookxone,Vaccine,12,120
Y81Z546842,Alwaysstatin,Vaccine,12,300
Q32Y306298,Laughol,Antidepressant,12,650
X24B266094,Formerol,Antiviral,12,150
G7B476730,Fearzepam,Antihypertensive,12,60
N10F238083,Callvir,Anti-inflammatory,12,80
A1E526162,Highin,Antihypertensive,12,250
U0B754660,Insteadin,Antipyretic,12,350
M40M471352,Chancevir,Immunosuppressant,12,250
C38L331043,Agreementvir,Antipsychotic,12,450
D70L759151,Animalin,Antihistamine,12,450
I26C18996,Intovir,MuscleRelaxant,12,500
A92I165048,Receivevir,Anticonvulsant,12,120
V93D620054,Todaystatin,Steroid,12,600
V74U962656,Untilzepam,Diuretic,12,70
Y69D515348,Listenol,Antipsychotic,12,110
O28H893040,Onevir,Vaccine,12,85
P26V786312,Civilol,Analgesic,12,150
M94S680424,Federalzepam,Analgesic,12,650
H0F38450,Prepareol,Steroid,12,100
I79E550924,Attorneystatin,Immunosuppressant,12,400
K73G919458,Tonightxone,Respiratory,12,450
B84R80644,Methodstatin,Antiviral,12,60
M96G455646,Wonderol,Vitamin,12,300
F62G302334,Provezepam,Anticonvulsant,12,150
L6B260929,Addresszepam,Antihistamine,12,500
T53E342068,Safexone,Anticoagulant,12,90
Z66N643084,Gamecillin,Diuretic,12,90
A1P781842,Typevir,Antipsychotic,12,250
H24R284257,Popularstatin,Antipyretic,12,250
S15F36043,Clearstatin,Antiviral,12,500
U41K487745,Computerzepam,Antipsychotic,12,250
E46S619113,Laughol,Antipyretic,12,250
Y48K891188,Majorstatin,Antipsychotic,12,50
B23K320192,Artiststatin,Diuretic,12,650
L75K213826,Sportcillin,Antidepressant,12,90
J45D112817,Somethingzepam,Antihistamine,12,600
Y6O844223,Middlevir,MuscleRelaxant,12,90
U83N596408,Outcillin,Diuretic,12,85
U27D434983,Receivezepam,Anti-inflammatory,12,145
S34A220256,Thousandol,Antifungal,12,200
S49X877650,Movievir,Analgesic,12,200
V12M162923,Radiovir,Anti-inflammatory,12,300
E77M679043,Leftin,Anticoagulant,12,60
S65D914229,Bettervir,Anticonvulsant,12,600
B31P794723,Actuallyxone,Antibiotic,12,60
G46C612884,Presidentcillin,Antipyretic,12,600
H78B101024,Tradecillin,Steroid,12,80
V63Y907091,Paintingcillin,Respiratory,12,550
U61T518647,Executivexone,Antipyretic,12,200
U85A892313,Fourvir,Diuretic,12,50
L66S406627,Outzepam,Respiratory,12,650
A5Y613346,Dinnervir,Vitamin,12,450
G31W323458,Physicalcillin,Antihypertensive,12,600
T54A882714,Housexone,Vitamin,12,300
M24A603604,Acrosscillin,Immunosuppressant,12,115
H80Z31602,Indicatevir,Vitamin,12,115
Y41T553857,Singlexone,Immunosuppressant,12,350
P58P854231,Employeevir,Antiviral,12,55
Q33Y789363,Blackin,Steroid,12,650
S87O512914,Organizationstatin,Steroid,12,100
C46E930983,Suggestin,Antipsychotic,12,45
F15W139479,Congressstatin,MuscleRelaxant,12,400
D36W945028,Myselfvir,Antihistamine,12,400
J64Z242640,Fishxone,Antipsychotic,12,110
A37S309767,Duringxone,Anticoagulant,12,300
M37E359698,Forgetin,Antihypertensive,12,400
V7G570487,Fivevir,Vitamin,12,80
U86Q57775,Undervir,Diuretic,12,500
P84Q225408,Cellstatin,Anticonvulsant,12,150
K97N944609,Ontostatin,Diuretic,12,300
X73D640428,Cellzepam,Anti-inflammatory,12,85
K86A963286,Seriousxone,Antibiotic,12,110
Y26I959773,Troublezepam,Vaccine,12,350
H32N108285,Threatzepam,Anti-inflammatory,12,200
B28K814538,Bluecillin,MuscleRelaxant,12,650
F0R799428,Sitexone,Anti-inflammatory,12,105
W93U619390,Campaignzepam,Immunosuppressant,12,600
I17U822750,Spacexone,Antihypertensive,12,200
K6D240699,Courseol,Vaccine,12,350
P21R862111,Sensestatin,Antipsychotic,12,450
H58V660987,Minutecillin,Immunosuppressant,12,300
A97X503870,Oncezepam,Anti-inflammatory,12,550
X41E33247,Whatstatin,Anti-inflammatory,12,250
P30Y978884,Enoughstatin,MuscleRelaxant,12,300
U80Q396906,Sourcein,Analgesic,12,55
U90P852742,Talkol,Antiviral,12,600
E35D298207,Servicecillin,Diuretic,12,250
A19T607190,Middleol,Antipyretic,12,600
X40H264000,Letol,Antibiotic,12,150
J70T991464,Manvir,Vitamin,12,50
M43T944073,Standcillin,Antihypertensive,12,400
C67E779748,Sincestatin,Antihistamine,12,120
K91J158580,Managementvir,Antihypertensive,12,85
I69B176452,Togetherstatin,Vitamin,12,85
O37U553249,Herselfin,Antihypertensive,12,300
H67P903317,Abovecillin,Anticonvulsant,12,550
U8Z414056,Choicezepam,Respiratory,12,600
K68R359089,Parentstatin,Anti-inflammatory,12,300
M49X406104,Wearol,Immunosuppressant,12,550
K21L341852,Winin,Diuretic,12,550
U84C900299,Finexone,Respiratory,12,300
P97Z835996,Motherzepam,Vitamin,12,400
P55I131283,Agocillin,Diuretic,12,600
F63A786353,Needvir,Diuretic,12,500
A38Y518509,Mouthxone,Antihistamine,12,150
U67L506110,Weightzepam,Vitamin,12,50
U72J942214,Becauseol,Diuretic,12,350
J16S487804,Halfol,Cardiovascular,12,550
M20T451434,Networkstatin,Antiviral,12,450
L80L918175,Buildingstatin,Antihypertensive,12,400
B91T474141,Changecillin,Anti-inflammatory,12,85
D5U462625,Coldin,Respiratory,12,150
O87W841153,Usestatin,MuscleRelaxant,12,350
O96M104382,Sidexone,Antipsychotic,12,50
V51V672886,Developmentol,Antipyretic,12,150
B7R699575,Statementvir,Antipsychotic,12,80
X25B665376,Makein,Antipyretic,12,60
N27V599791,Oftenol,Steroid,12,110
Z7S348286,Whereol,Antifungal,12,85
T41A245454,Pmzepam,Antihistamine,12,200
E8M865699,Awayzepam,Antiviral,12,450
O43N633625,Mrsstatin,Immunosuppressant,12,250
M13M748791,Seasonvir,MuscleRelaxant,12,200
D99Q854173,Himvir,MuscleRelaxant,12,250
C45W611677,Streetin,MuscleRelaxant,12,150
J82C75779,Orxone,Antipyretic,12,100
F90T466446,Concernstatin,MuscleRelaxant,12,60
J52H706859,Aboutzepam,Diuretic,12,650
R77K252775,Impactzepam,Vaccine,12,200
A28J949116,Sortxone,Steroid,12,200
D1F324421,Thankstatin,Cardiovascular,12,95
Q83L865264,Generationstatin,Antipsychotic,12,200
Y98X445001,Totalvir,Cardiovascular,12,300
O54Y315408,Visitvir,Vitamin,12,650
D36R648279,Theyzepam,Antihistamine,12,500
L2W937551,Westzepam,Antipyretic,12,65
M35R394744,Secondin,Antipsychotic,12,120
B96F631189,Southernzepam,Antipsychotic,12,70
R37L691593,Improvevir,MuscleRelaxant,12,650
X49V493626,Thoughol,Anticonvulsant,12,500
L73J463310,Pastvir,Antipyretic,12,500
F82A296968,Livevir,Cardiovascular,12,55
B83O141980,Wishin,Antihistamine,12,110
L4D141085,Naturestatin,Analgesic,12,125
S40G339949,Stayxone,Anticoagulant,12,550
W87P156202,Collectionvir,Analgesic,12,450
T72G395932,Arrivezepam,Anticonvulsant,12,110
K19Z622903,Staffzepam,Diuretic,12,105
X52O581057,Freestatin,Antifungal,12,300
Q4N810908,Drivecillin,Vaccine,12,400
P81I637080,Realcillin,Vitamin,12,400
U42Q208702,Ideavir,MuscleRelaxant,12,115
L97J842,Todaycillin,Antibiotic,12,110
D67R245210,Yearin,Steroid,12,95
M51Y349390,Havein,Antipyretic,12,150
H77P930916,Personalol,Immunosuppressant,12,75
H13D457502,Halfin,Antidepressant,12,65
L77T216765,Itsvir,Vitamin,12,70
T79S583002,Personalin,Steroid,12,300
H98U582999,Partnervir,Cardiovascular,12,450
B98Y304794,Beyondol,Antibiotic,12,110
C16U911618,Soundxone,Steroid,12,650
V51L186254,Runol,Antihypertensive,12,120
Z79U658281,Couldxone,MuscleRelaxant,12,300
P91C89526,Audiencevir,Vaccine,12,70
T26O667405,Responsein,Anticoagulant,12,350
I12B279260,Recentol,Anticoagulant,12,115
K40I759163,Holdcillin,Analgesic,12,150
G89V814038,Orstatin,Vaccine,12,400
E8E700474,Dayxone,Diuretic,12,250
I34V511698,Happenol,Antihypertensive,12,350
Y79K471731,Thosevir,Cardiovascular,12,650
R84P668205,Willzepam,Vitamin,12,65
T32X913922,Manxone,Antibiotic,12,50
G70I426519,Azepam,Antifungal,12,500
O83R250806,Majorityvir,Respiratory,12,105
B93X666388,Speakzepam,Vaccine,12,250
F51X328197,Propertyxone,Antihypertensive,12,650
R73H743863,Thoughxone,Anticonvulsant,12,85
C84D590043,Indeedol,Cardiovascular,12,75
N38Y162337,Preparevir,Anticoagulant,12,300
G41P397865,Recentvir,Antiviral,12,600
W32S858240,Industryxone,Diuretic,12,65
U47I130928,Hearzepam,Analgesic,12,60
C11C264685,Minutecillin,Antipyretic,12,125
Q36G397066,Yardstatin,Analgesic,12,350
G85K388539,Wouldzepam,Steroid,12,300
G19S478908,Morecillin,Antidepressant,12,90
A99Q858410,Holdzepam,Antipyretic,12,50
V49V401423,Languagevir,Steroid,12,120
R76R439903,Rangestatin,Immunosuppressant,12,90
U72X990742,Musicstatin,Anticoagulant,12,250
N39W637488,Suddenlyin,Respiratory,12,90
S90V920969,Naturalin,Antihypertensive,12,400
F52I830676,Cutol,Anticonvulsant,12,85
B95A893092,Tooin,Anti-inflammatory,12,80
C60W789595,Certainin,Immunosuppressant,12,120
S14M704832,Energyxone,Antibiotic,12,150
W66Z730503,Secondxone,Antipyretic,12,70
E39V954249,Chancein,Antipsychotic,12,55
L95N730472,Seriesin,Antidepressant,12,75
E80G234315,Drivevir,Antifungal,12,500
A31H644352,Winol,Antifungal,12,250
J86K321013,Shevir,Antihistamine,12,600
I25P464767,Finishstatin,Antidepressant,12,110
P46W228333,Anyoneol,Vaccine,12,120
B51W556289,Easyzepam,Immunosuppressant,12,600
F81E338519,Clearlyin,Anti-inflammatory,12,250
R16F910785,Whomxone,Anti-inflammatory,12,200
T67T871521,Duringol,Antidepressant,12,150
A68L449536,Crimevir,Cardiovascular,12,115
B72Z316948,Agezepam,Anti-inflammatory,12,110
Q13X945781,Playxone,Anti-inflammatory,12,85
Y71A517932,Healthxone,Antidepressant,12,600
U20A99144,Performancein,Immunosuppressant,12,120
M65T861031,Stuffvir,Respiratory,12,200
V42A623259,Debatezepam,Analgesic,12,60
F21H371724,Professionalin,Anticonvulsant,12,55
P94Q954863,Manol,Antidepressant,12,550
W80O876006,Newspaperstatin,Analgesic,12,550
M19L317678,Otherzepam,Vitamin,12,110
Z57E420840,Poorin,Diuretic,12,300
W1B712408,Radiovir,Analgesic,12,105
V71V688005,Animalxone,Cardiovascular,12,650
E36F131923,Singlevir,Antiviral,12,350
X84J848181,Shouldervir,Respiratory,12,500
J0Y382882,Payol,Antihypertensive,12,300
I64J462242,Thoughcillin,Antifungal,12,55
T67R821879,Successin,MuscleRelaxant,12,500
I26U386519,Businesszepam,Analgesic,12,550
K21Z909646,Againstvir,Anticonvulsant,12,200
T92J973800,Currentzepam,Respiratory,12,80
B90A875224,Evidencecillin,Vaccine,12,75
B65E867895,Yourselfstatin,Antipsychotic,12,500
T3N976231,Rulezepam,Anti-inflammatory,12,550
L84Q301075,Tonightvir,Anticoagulant,12,70
T0K320536,Middleol,Vitamin,12,105
H13Z864357,Carryxone,Antihypertensive,12,650
C15Y612730,Debatexone,MuscleRelaxant,12,125
X69O865336,Needzepam,Antipsychotic,12,150
F41U399039,Weightcillin,Vitamin,12,500
M46Q285965,Businesszepam,Antihypertensive,12,500
L90H271700,Goalstatin,Antipsychotic,12,50
K52B994267,Writerol,Steroid,12,120
R86G64913,Fundstatin,Cardiovascular,12,200
Z0W923154,Linezepam,Steroid,12,300
Y49K876551,Onlystatin,Anti-inflammatory,12,650
H23G617078,Pushzepam,Immunosuppressant,12,550
I49J455555,Eatzepam,Diuretic,12,650
S97L443330,Naturalcillin,Antihistamine,12,75
P33D836893,Streetzepam,Anticoagulant,12,350
U94T919992,Themvir,Antihypertensive,12,75
J3Y877616,Successstatin,Immunosuppressant,12,500
W84X479263,Institutionol,Steroid,12,125
Q2M151097,Couplein,Anticoagulant,12,85
U15R636410,Filmin,Steroid,12,50
W64E487980,Singlezepam,Antipsychotic,12,80
Y13N213067,Structurevir,Steroid,12,55
E67X315600,Focusol,Analgesic,12,95
T42U565802,Mycillin,MuscleRelaxant,12,300
T63A574898,Dinnerxone,Cardiovascular,12,600
Q10X74361,Radioxone,Antifungal,12,105
C73J928074,Pervir,Antihypertensive,12,50
V9Y182406,Streetxone,Immunosuppressant,12,600
Q83M282064,Bitstatin,Steroid,12,60
U24P511688,Skincillin,Antifungal,12,450
H88S380488,Latercillin,Antipyretic,12,115
O23U96800,Freestatin,Antibiotic,12,55
T89O696050,Sisterol,Antiviral,12,400
O89Q34333,Localol,MuscleRelaxant,12,90
H54I158921,Writestatin,Antihistamine,12,650
D11D68593,Sistercillin,Immunosuppressant,12,105
H38P978473,Networkcillin,Diuretic,12,250
O44U713560,Dropol,Respiratory,12,110
A51Z120245,Yourselfxone,Antiviral,12,550
S58I3554,Congressvir,Vaccine,12,450
X29O696034,Statementxone,Vaccine,12,200
K74V319535,Cutol,Diuretic,12,350
A34Q22176,Tvvir,Vaccine,12,300
I28N233761,Changestatin,Analgesic,12,80
D79A153325,Finishvir,Antipsychotic,12,650
F17N455402,Recentlycillin,Anticonvulsant,12,80
B84C22293,Peoplestatin,Analgesic,12,500
M52O320756,Cellin,Respiratory,12,150
R62M652089,Goalvir,Respiratory,12,350
W2N444884,Debatexone,Antihypertensive,12,150
V3P42648,Threecillin,Antifungal,12,200
L3A819691,Againstxone,Diuretic,12,90
I17E735378,Especiallyxone,Anti-inflammatory,12,350
G51A620615,Worryzepam,Antipsychotic,12,55
A32V233981,Ofin,Vaccine,12,95
I55V664257,Wearstatin,Antihypertensive,12,110
O21L690703,Fewxone,Immunosuppressant,12,65
U69I148580,Weekcillin,Antihypertensive,12,105
G32J944550,Everyvir,Antiviral,12,100
K76A970432,Reasonzepam,Analgesic,12,400
W40N978500,Ivir,Antihistamine,12,600
B16W504871,Agentol,Antihistamine,12,250
V91M825745,Cupstatin,Anticoagulant,12,450
W17E258931,Approachvir,Antidepressant,12,600
E26C494936,Identifycillin,Antipsychotic,12,110
X99G445920,Listcillin,Anticonvulsant,12,550
L18K631937,Manyzepam,Steroid,12,50
Q12J346970,Togethervir,Vitamin,12,150
O89I38186,Successfulcillin,Antifungal,12,150
Y54F959421,Activityxone,Anticoagulant,12,100
C24B176916,Representvir,Antibiotic,12,150
B46H575871,Strongstatin,Antihypertensive,12,400
B60O143498,Lowvir,Cardiovascular,12,400
G8F476529,Thesevir,Antipsychotic,12,500
Y10P262152,Workerol,Antibiotic,12,300
S80Q104035,Southernin,Cardiovascular,12,55
K71P106057,Addressvir,Vitamin,12,100
J12T612339,Easyxone,MuscleRelaxant,12,150
W0M709882,Socialstatin,MuscleRelaxant,12,600
U35M502160,Concernstatin,Antipsychotic,12,60
X95B555892,Togetherin,Vaccine,12,75
L31K741265,Andstatin,Antihistamine,12,55
T32N72720,Payvir,Antidepressant,12,105
S91U472735,Walkcillin,Antipsychotic,12,120
Q0L376364,Acceptvir,Antiviral,12,105
W54W114648,Relationshipvir,Anti-inflammatory,12,120
M26S200940,Pricezepam,Analgesic,12,600
L20R185097,Improvevir,Anti-inflammatory,12,100
K82U239115,Governmentzepam,Anticoagulant,12,90
X29J311716,Particularlyxone,Vitamin,12,55
H40I720675,Especiallyxone,MuscleRelaxant,12,400
S54J300167,Readol,Anticoagulant,12,300
O99S924,Nationcillin,Vitamin,12,400
K74X19021,Agreementstatin,Antidepressant,12,60
A5I319463,Herstatin,Anticonvulsant,12,60
P16R627792,Eveningcillin,Vaccine,12,350
M19U643932,Significantzepam,Antiviral,12,70
B98X777323,Finallycillin,Diuretic,12,650
F6F164998,Happystatin,Immunosuppressant,12,300
E63I324962,Statementol,Diuretic,12,250
Q47E525382,Resourcein,Immunosuppressant,12,200
Z20I89697,Securitystatin,Anticonvulsant,12,350
G71Y286338,Hospitalcillin,Vitamin,12,120
J76Y34806,Unitol,Antihistamine,12,105
X47M597380,Healthcillin,Antihypertensive,12,55
E13V563208,Standardcillin,Anticonvulsant,12,550
B40J581529,Militaryzepam,Antibiotic,12,115
W6S798667,Buildol,Anticonvulsant,12,70
O29M437535,Storezepam,Respiratory,12,200
E86T911729,Decadeol,Antidepressant,12,450
I83D800659,Becausexone,Vitamin,12,350
T33F595139,Daystatin,Respiratory,12,80
E18D568170,Anythingvir,Analgesic,12,200
P63E705491,Keycillin,Anticoagulant,12,120
E75N534657,Boyin,Antibiotic,12,85
D51E417659,Businesszepam,Anticonvulsant,12,400
E22W435631,Towardcillin,Immunosuppressant,12,110
B28B437683,Sevenxone,Steroid,12,70
O19H787115,Societycillin,Antihypertensive,12,300
U51W966393,Policeol,Analgesic,12,55
C10K174921,Musiccillin,Antipyretic,12,450
P40Q591776,Readol,Antihypertensive,12,300
O70P296587,Whenin,Diuretic,12,95
W37F79432,Answervir,Antiviral,12,300
K85C378108,Writervir,Antihypertensive,12,55
D62E831319,Thevir,Antiviral,12,650
K11M958627,Collectionzepam,Antidepressant,12,300
V62Z264441,Halfstatin,Antifungal,12,250
H82V502061,Evencillin,Antihistamine,12,150
I2P340079,Groupcillin,Vaccine,12,250
W9H802788,Almoststatin,Antipyretic,12,600
W82V165774,Differentvir,Respiratory,12,350
T16V560198,Couldcillin,Antifungal,12,400
T66S257382,Brotherstatin,Antifungal,12,450
K55Q401141,Usevir,Antipyretic,12,300
K12Y399821,Walkstatin,Antifungal,12,90
Y39B306565,Hardvir,MuscleRelaxant,12,500
P94S91837,Farstatin,Antibiotic,12,120
R10O260516,Racexone,Steroid,12,110
C59L304744,Productzepam,Immunosuppressant,12,600
T52X283634,Awayvir,Diuretic,12,650
Y12A76785,Veryin,MuscleRelaxant,12,50
R55H534541,Difficultstatin,Cardiovascular,12,150
Y97J544878,Freezepam,Antipsychotic,12,200
B80Y351721,Finalol,Antipsychotic,12,60
S71A555934,Specialol,Anticonvulsant,12,300
F52V504340,Scientistin,Anticonvulsant,12,80
D99V682045,Meetingstatin,Anticonvulsant,12,300
I6M165499,Mainxone,Antifungal,12,300
J23O364474,Societyin,Vaccine,12,85
N71Y890169,Insteadol,Anticonvulsant,12,400
Z2Q669743,Choosestatin,Anticoagulant,12,85
R39F97736,Billionstatin,Anticonvulsant,12,350
L87Z913167,Drivestatin,Immunosuppressant,12,600
P10J366901,Firmvir,Antidepressant,12,110
J9N730826,Headvir,Antifungal,12,600
T14M229606,Commoncillin,Antihistamine,12,115
J79P449591,Westernzepam,Diuretic,12,90
V1B748420,Timein,Antipyretic,12,600
L22Q392257,Whomstatin,Respiratory,12,115
Y2Q918558,Designin,Cardiovascular,12,450
Q75F112894,Eitherzepam,Steroid,12,70
L85J764971,Actstatin,Diuretic,12,300
W79Q426394,Scientistzepam,Anticoagulant,12,400
G33Q458990,Starol,Antibiotic,12,300
R79A793719,Majoritycillin,Antihypertensive,12,200
K37K21005,Thingol,MuscleRelaxant,12,600
Q22X51804,Nationalin,Anticonvulsant,12,650
X42T52138,Includestatin,Antifungal,12,150
R63Y888385,Eachol,Immunosuppressant,12,600
B46J412480,Thatol,Diuretic,12,200
Q25J201788,Stylexone,Antidepressant,12,600
W82D822062,Layzepam,Vitamin,12,80
F29N22611,Buildingstatin,Antipsychotic,12,300
D97J986305,Acceptzepam,Antipsychotic,12,500
T87R89989,Movexone,Antibiotic,12,95
F93G605679,Crimein,Antihypertensive,12,55
H37C403059,Racein,Diuretic,12,50
B40F310875,Bagxone,Anticoagulant,12,400
V95V688094,Popularxone,Antihypertensive,12,105
N36R990438,Viewin,Vitamin,12,105
V65Q861676,Itselfol,MuscleRelaxant,12,60
E12H602108,Benefitvir,Anticoagulant,12,200
K57A206934,Yetxone,Vitamin,12,65
I61Z703818,Meetingvir,Respiratory,12,70
Z29C408847,Pointzepam,Antiviral,12,450
K77G928320,Successxone,Vaccine,12,150
U73C565810,Classstatin,Vaccine,12,350
Z55E900696,Gunzepam,Anticoagulant,12,300
T75L479135,Noxone,Antidepressant,12,80
C8D896434,Pickol,MuscleRelaxant,12,350
W13X196862,Technologyol,Antifungal,12,50
Y43L304063,Rockstatin,Antipsychotic,12,300
I58M478821,Termcillin,Anticonvulsant,12,400
M48J302841,Elsein,Antifungal,12,70
F66H683285,Finein,Antihistamine,12,90
W95X872195,Challengecillin,Steroid,12,250
W47U44882,Thoughcillin,Antidepressant,12,600
C8U294971,Allowzepam,Antidepressant,12,120
Q2T758675,Therevir,Vitamin,12,145
N84V223692,Recentlyol,Vitamin,12,300
G67V152655,Regionol,Anticonvulsant,12,400
H12M758200,Learnxone,Immunosuppressant,12,250
F98K14355,Smilein,Vaccine,12,90
E31G53506,Establishzepam,Diuretic,12,90
W41I86411,Attentionol,Steroid,12,400
Y47Q122114,Sayol,Diuretic,12,450
M76U438679,Newspapervir,Antidepressant,12,550
T97X659538,Fromcillin,Steroid,12,120
I91Q896778,Moneyzepam,MuscleRelaxant,12,120
G1B183190,Membervir,Steroid,12,100
Y14D277668,Pagecillin,Vaccine,12,125
E94O265602,Readcillin,Steroid,12,350
S73F853593,Campaignvir,MuscleRelaxant,12,105
F42A52357,Spaceol,Antipsychotic,12,85
I13G445261,Financialin,Antipyretic,12,115
Q80G994593,Citystatin,Anticoagulant,12,150
Q92K871478,Lossol,Respiratory,12,650
H50W230891,Herzepam,Steroid,12,75
V50Y292901,Countryol,Antifungal,12,450
V1M913434,Allowstatin,Diuretic,12,95
N84A13363,Lookvir,Antifungal,12,350
Y1T856337,Americanzepam,Vitamin,12,350
S61F242668,Reachstatin,Antihistamine,12,120
A19O49494,Oncillin,Vaccine,12,50
A35U457272,Reststatin,Analgesic,12,650
T7T247276,Whomstatin,Antipyretic,12,250
A68V527218,Orderol,Vaccine,12,300
G61E174147,Cameracillin,Antipyretic,12,300
R21A620802,Crimexone,Antidepressant,12,100
G79H569462,Buildzepam,Respiratory,12,95
F30J963713,Leadstatin,Antihistamine,12,50
E47V114720,Providezepam,Anticoagulant,12,80
E94N756110,Couplevir,Antihypertensive,12,250
G28Q836595,Greatstatin,Anticonvulsant,12,55
B18T518671,Nonexone,Anticonvulsant,12,75
I31T8158,Yescillin,MuscleRelaxant,12,150
Q5Z470273,Thirdzepam,Anticoagulant,12,550
I52F40880,Timestatin,Vaccine,12,300
S91I768940,Believestatin,Antifungal,12,300
M60I951300,Insidecillin,Antifungal,12,100
O76U724892,Formstatin,Antidepressant,12,60
Y4A566238,Wantol,Antifungal,12,200
F24J346111,Bothzepam,Vitamin,12,110
R97K274292,Teamin,Anti-inflammatory,12,120
Z86V451331,Sectionstatin,Antifungal,12,350
J3T296507,Futurevir,Antipsychotic,12,300
V25J151901,Partyin,Immunosuppressant,12,140
X80K453425,Barin,Cardiovascular,12,200
B79Z873222,Headin,Vitamin,12,500
U50T607767,Quitezepam,Vitamin,12,150
A36O922729,Somestatin,Antihypertensive,12,95
L91G834376,Voicein,Antihypertensive,12,650
R15N327149,Within,Vitamin,12,55
H88A367901,Outsidecillin,Diuretic,12,95
O89G876789,Jobzepam,Antihypertensive,12,70
L31F602503,Whereol,Antifungal,12,75
U5W732799,Budgetol,Antidepressant,12,600
Y47D7233,Choosevir,Vitamin,12,90
T5A333216,Anycillin,Antidepressant,12,250
O50E103298,Debatecillin,Antiviral,12,115
P35N784715,Movexone,Steroid,12,300
W24C429030,Naturalcillin,Steroid,12,450
W7Z306438,Hearzepam,Antibiotic,12,300
G70G72887,Norin,MuscleRelaxant,12,450
M66H457120,Cellstatin,Antiviral,12,600
M77P267429,Goalin,Diuretic,12,600
T9C602016,Suggeststatin,Anticoagulant,12,50
Y72M392078,Topstatin,Analgesic,12,110
G22S162740,Acceptcillin,Anticoagulant,12,85
V5X552819,Futurein,Diuretic,12,125
N79J286632,Byol,Antibiotic,12,650
E7O638355,Stuffzepam,Vitamin,12,200
L52S671663,Whomstatin,Vitamin,12,55
H79Z129756,Newcillin,Cardiovascular,12,500
W19C691109,Taskol,MuscleRelaxant,12,80
S44V2109,Publicol,Antifungal,12,650
Z48L901967,Drugstatin,Anticoagulant,12,450
T99C663121,Firein,Respiratory,12,650
D68E225694,Youngvir,Antidepressant,12,60
V90H667659,Seekzepam,Anticoagulant,12,80
S12T663060,Quitecillin,Antifungal,12,300
G49B622546,Cardxone,Anticonvulsant,12,60
K25A450499,Thenzepam,Antiviral,12,200
T74D551067,Artistcillin,Anticonvulsant,12,120
V70T138907,Millionol,Analgesic,12,95
B10F189299,Mustvir,Anticoagulant,12,115
F79I246284,Cellxone,Antipyretic,12,50
A1P906779,Showvir,Anti-inflammatory,12,85
T71G191067,Pushcillin,Steroid,12,145
C91O679445,Democraticcillin,Anticoagulant,12,135
H52V34544,Beatcillin,Antidepressant,12,90
L52N326645,Flyvir,Antihypertensive,12,150
L87Y202052,Attackin,Antipsychotic,12,95
G84E958404,Ontool,Steroid,12,450
S80H899321,Waitol,Antibiotic,12,65
J77N292487,Usexone,Cardiovascular,12,115
O50A211043,Interviewstatin,Steroid,12,450
X73M716661,Outcillin,Cardiovascular,12,450
P36V408391,Materialvir,Analgesic,12,300
J63O669588,Opportunitycillin,Diuretic,12,400
H74U82226,Hugezepam,Vitamin,12,500
D65P931069,Levelxone,Antiviral,12,50
P80X417219,Setin,Antipyretic,12,500
E37M547084,Simplexone,Antihypertensive,12,105
S11H742955,Acceptvir,Antiviral,12,450
R89A373785,Agocillin,Antipsychotic,12,55
O27B669491,Sidein,Antibiotic,12,250
S45H269021,Candidatexone,Antiviral,12,250
I15Q618658,Fathervir,Respiratory,12,150
Z80B390005,Naturein,Cardiovascular,12,105
A48H549778,Familyin,Anticoagulant,12,115
G5Q14501,Oftencillin,Antiviral,12,105
L90Z107631,Difficultol,Vitamin,12,300
H95V803009,Eventol,Anticoagulant,12,65
M38X394013,Patternzepam,Cardiovascular,12,105
J61P838447,Latein,Antiviral,12,550
O82P720009,Publicstatin,Steroid,12,550
V23E43344,Amongvir,Anticonvulsant,12,120
A54Y493325,Includevir,Diuretic,12,250
F1K971201,Productionol,Anticoagulant,12,100
D65R601620,Greenstatin,Antipyretic,12,300
V30E509402,Whocillin,Antipsychotic,12,300
Q67O585724,Bagin,Steroid,12,105
X21S7655,Scientistvir,Antibiotic,12,200
Z69D985957,Towardvir,Vitamin,12,95
J92G495463,Outvir,Anticonvulsant,12,65
P89Q920110,Redol,Anticonvulsant,12,115
P22Y647018,Likelyol,Anti-inflammatory,12,50
R66X553509,Youngstatin,Antifungal,12,140
A25R728182,Mainin,Antiviral,12,105
J29Z874103,Spendxone,Steroid,12,400
H84Q453741,Beautifulxone,Anticonvulsant,12,350
T65J852164,Traditionalol,Antipsychotic,12,650
F26D122535,Armstatin,Antidepressant,12,400
C71L973607,Goxone,Antihypertensive,12,350
O14T688371,Sharexone,Anticonvulsant,12,50
R25K976360,Fathervir,Cardiovascular,12,150
X42Y772151,Keyol,Cardiovascular,12,300
R3A640974,Insidecillin,Vaccine,12,500
N42I539925,Teacherin,Anti-inflammatory,12,250
T76M625950,Discusscillin,Vaccine,12,80
C45L136792,Youngvir,Anticoagulant,12,110
V31A274085,Sciencevir,Antipsychotic,12,55
D40B714019,Artistcillin,Anticoagulant,12,100
Q47Q835536,Forgetxone,Antidepressant,12,90
R41H724228,Losexone,Antibiotic,12,650
I97O188211,Playercillin,Antidepressant,12,500
Z12X694948,Takezepam,Immunosuppressant,12,90
Z38W554633,Needin,Immunosuppressant,12,650
S96W799544,Legin,Respiratory,12,550
A55L780630,Soundin,Anti-inflammatory,12,105
H62P225376,Herevir,Antihistamine,12,50
L53V319885,Languagexone,Immunosuppressant,12,85
B49I393616,Oncezepam,Antipsychotic,12,250
Y66E658623,Oncexone,Analgesic,12,150
U9E768058,Subjectxone,Antihistamine,12,300
N30A529583,Betterstatin,Anti-inflammatory,12,500
V65X202214,Toxone,Anticonvulsant,12,50
M87A227167,Alsovir,MuscleRelaxant,12,75
Q13H987421,Presidentxone,Analgesic,12,150
F12P121922,Bankol,Analgesic,12,450
V66U32664,Abovexone,Antifungal,12,85
C20I690584,Coldvir,Cardiovascular,12,500
O58O228865,Degreexone,Antifungal,12,100
W64Z733702,Fundin,Cardiovascular,12,250
Z84R24499,Fundcillin,Antifungal,12,80
U38T487447,Nightzepam,Anticoagulant,12,105
D7W865599,Democratin,Antihistamine,12,350
E15A334473,Groundzepam,Cardiovascular,12,150
W37F193333,Specialzepam,Analgesic,12,110
C63X749891,Greatin,Analgesic,12,90
F68P740745,Jobol,Vitamin,12,120
B37V799208,Concernstatin,Antiviral,12,400
K21G197539,Executiveol,Immunosuppressant,12,600
Q54N226319,Mainstatin,Antipsychotic,12,70
H98B111614,Noticexone,Anticoagulant,12,90
S56V452545,Firstol,Antiviral,12,450
L67T754356,Exactlyzepam,Immunosuppressant,12,450
P32H363729,Availablecillin,MuscleRelaxant,12,75
U51S738223,Justol,Antidepressant,12,50
Q56F633039,Sensestatin,Anti-inflammatory,12,110
G18R680045,Technologyol,Anticonvulsant,12,600
J47D231523,Picturevir,Analgesic,12,85
H31F642373,Stationvir,Immunosuppressant,12,200
X25L553949,Lawyervir,Respiratory,12,145
J27Q646826,Neverxone,Cardiovascular,12,500
C87T550369,Singlecillin,Analgesic,12,450
V91I598774,Finallycillin,Steroid,12,200
U86U937226,Getstatin,Antipyretic,12,85
V93X231016,Simplystatin,Antipyretic,12,500
W86B320474,Toughvir,Immunosuppressant,12,300
K92V259338,Decidein,Anticonvulsant,12,250
R82V120049,Childol,Antihypertensive,12,550
V3O917440,Visitin,MuscleRelaxant,12,450
S12G697194,Joincillin,Antipyretic,12,400
C88Y199885,Presentvir,Antibiotic,12,95
C69Y446328,Containxone,Antiviral,12,350
W81E25773,Materialol,Anticoagulant,12,65
X37S462271,Upstatin,Antihypertensive,12,350
C87T785455,Wallstatin,Cardiovascular,12,350
P85S504789,Measurexone,Vaccine,12,75
M49N323663,Collectionvir,Respiratory,12,95
Q51N757859,Whateverin,Antihypertensive,12,135
Q66Q434992,Canstatin,Anticonvulsant,12,450
K79R972345,Growin,Cardiovascular,12,115
V66V2154,Tablevir,MuscleRelaxant,12,70
E94O377699,Customerxone,Antipsychotic,12,70
C91V235036,Littlecillin,Vaccine,12,150
O10O271007,Subjectin,Anticoagulant,12,650
Y33O915835,Eyevir,Respiratory,12,300
T82T447589,Historyzepam,Anticonvulsant,12,600
Q60D419029,Analysisol,Antiviral,12,650
J65W649840,Votein,Diuretic,12,300
W44A750285,Detailvir,Respiratory,12,600
F55H756879,Reducecillin,Antidepressant,12,550
G61W684671,Kindvir,Immunosuppressant,12,80
J99D557603,Billionxone,Vitamin,12,80
V74A458782,Significantstatin,Antipyretic,12,250
P5O490027,Skillvir,Antihistamine,12,130
R76L807402,Accountvir,MuscleRelaxant,12,550
H30V712657,Movementin,Immunosuppressant,12,500
C38P144304,Thankstatin,MuscleRelaxant,12,350
A67H435749,Signcillin,Antidepressant,12,500
R36V15758,Eyevir,Antihypertensive,12,135
C35N895567,Mattervir,Antifungal,12,95
M64D654765,Modernstatin,Steroid,12,55
K85Q208447,Wordxone,Anticonvulsant,12,500
F95V986468,Headvir,Antihypertensive,12,100
E10B629263,Boardvir,Vitamin,12,70
H24L515694,Agecillin,MuscleRelaxant,12,350
G47U514870,Wellcillin,Antipsychotic,12,50
U50T798989,Teamcillin,Diuretic,12,650
W21V840672,Kitchenzepam,Analgesic,12,350
G27O994759,Ontostatin,Vitamin,12,200
F99X699730,Amountzepam,Anticoagulant,12,600
O7H23511,Thereol,Vaccine,12,60
D75Z589243,Reasonvir,Antihistamine,12,400
L45B403930,Remainin,Antipyretic,12,400
S27K643182,Difficultcillin,Antipyretic,12,105
O39S455306,Trainingstatin,Cardiovascular,12,600
R38V660002,Agoxone,Steroid,12,450
W30F614463,Waitvir,Antipsychotic,12,70
Y92L798689,Lossstatin,MuscleRelaxant,12,300
A92I990507,Lifevir,Vitamin,12,50
A91Q370245,Firestatin,Cardiovascular,12,400
U13R80479,Visitxone,Antipyretic,12,120
O36O153804,Newin,Antihypertensive,12,80
K10F805572,Responsezepam,Diuretic,12,105
J90A160328,Difficultxone,Analgesic,12,120
Q8L97630,Differentin,Antipyretic,12,650
B80T555816,Eitherin,Antiviral,12,650
S70C121470,Wifein,Antihistamine,12,550
L88Y110730,Breakvir,Antihypertensive,12,120
D59E733948,Realcillin,Antihistamine,12,120
M12D470784,Representin,Anti-inflammatory,12,100
W41C927831,Pastxone,Anticoagulant,12,80
C18S66549,Televisionzepam,Anticoagulant,12,85
K17K346505,Offerin,Antipsychotic,12,95
E63B938445,Firmin,Antihypertensive,12,70
B23N649059,Againstvir,Antihistamine,12,300
U63P166539,Moviezepam,MuscleRelaxant,12,500
R94S901464,Degreecillin,Antihistamine,12,115
N35H739595,Informationxone,Antipyretic,12,300
F35E1288,Togetherxone,Respiratory,12,300
S51R10671,Breakstatin,Antipsychotic,12,650
U20M973457,Thinkcillin,Antidepressant,12,400
J87N989157,Decisionxone,Anticonvulsant,12,55
W48J931739,Existcillin,Antipyretic,12,100
G90A245751,Carrycillin,MuscleRelaxant,12,65
L81S375408,Allxone,Antidepressant,12,65
Q17N876218,Focusxone,Antiviral,12,550
V6V999700,Addxone,Antihypertensive,12,60
F80V115968,Theystatin,Vitamin,12,300
S29G934680,Structurein,Vaccine,12,600
P13U846848,Forcein,Anti-inflammatory,12,250
B79X562531,Fiveol,Antifungal,12,150
P5B830326,Viewvir,Steroid,12,60
K55H343986,Unitxone,Diuretic,12,150
C95G856870,Fillzepam,Antiviral,12,450
P94U249054,Centerxone,Vitamin,12,200
E48L625118,Certainlyol,Antidepressant,12,50
Q87X927729,Nonecillin,Anti-inflammatory,12,500
Q67C600672,Soonxone,Vaccine,12,75
N79F911269,Casexone,Anticonvulsant,12,250
Z47G710667,Fatherxone,Immunosuppressant,12,650
R79V6289,Politicalstatin,Cardiovascular,12,115
B2H461538,Localol,Antipsychotic,12,200
Y52Z799256,Hopezepam,Anticonvulsant,12,150
S10J380788,Naturalzepam,Analgesic,12,95
C14L573997,Asin,Antifungal,12,200
A45G552045,Givezepam,Diuretic,12,450
Z17G324313,Sensestatin,Antipsychotic,12,550
X1P732652,Justxone,Anticoagulant,12,115
H70B415496,Differencevir,Vitamin,12,300
K3Y804269,Experiencecillin,Antipyretic,12,105
Q41F980245,Clearlyxone,Respiratory,12,145
T77H406359,Forgetvir,Antipyretic,12,500
F69C606031,Whozepam,Antiviral,12,250
A92C411195,Cardcillin,Antiviral,12,150
G11Y226265,Alwaysstatin,Diuretic,12,90
Z46B556325,Includeol,Analgesic,12,600
H13X93153,Anotherstatin,MuscleRelaxant,12,120
C48A41900,Assumein,Antiviral,12,105
S60K674089,Nostatin,Anticoagulant,12,550
O81J927153,Simplyin,Vitamin,12,55
T11A273481,Actzepam,Anticoagulant,12,300
P9T888460,Worrycillin,Antifungal,12,500
X61Z545577,Courtvir,Steroid,12,95
R94W808115,Threatol,Diuretic,12,600
U98H234614,Roadstatin,Diuretic,12,400
U80N679997,Pmcillin,Antihypertensive,12,105
A83A537687,Controlin,Antidepressant,12,400
O99Q67639,Topxone,Anticonvulsant,12,90
T28N954470,Lastin,Antihistamine,12,400
O48C773750,Unitin,Respiratory,12,90
T57N281160,Largecillin,Cardiovascular,12,90
G97Y631508,Impactvir,Antifungal,12,300
S39U64260,Seriesvir,Cardiovascular,12,650
Y99G633766,Formol,Analgesic,12,600
S23P725953,Forol,Antifungal,12,500
Q21I127079,Getzepam,Cardiovascular,12,115
A33E360372,Feelingcillin,Analgesic,12,110
F78R457357,Professorol,Respiratory,12,250
D85Q988394,Costvir,Anticoagulant,12,300
Y78J481568,Growxone,Cardiovascular,12,110
I90V91958,Payvir,Antidepressant,12,55
E39D656720,Radiozepam,Analgesic,12,300
G61X528111,Answerzepam,Analgesic,12,50
Q83D950487,Pastol,Anti-inflammatory,12,650
C99N978037,Edgein,MuscleRelaxant,12,550
N73R549088,Lowstatin,Antipsychotic,12,120
R78N671744,Wellcillin,Antiviral,12,65
X37A519442,Includein,Anticonvulsant,12,400
J14Y759822,Noticein,Antiviral,12,250
U83H712443,Reflectxone,Antibiotic,12,550
U90Z858043,Streetol,Antibiotic,12,300
K34F432451,Designxone,Respiratory,12,60
B34D791827,Examplecillin,Antibiotic,12,80
I59I911142,Sometimesin,Antifungal,12,100
T78M87781,Variousol,Antifungal,12,80
A90M365937,Analysisxone,Cardiovascular,12,400
J64G469998,Scientiststatin,Antidepressant,12,150
M89W525516,Provezepam,Anti-inflammatory,12,450
M4N367066,Sellvir,Vaccine,12,250
G21F842828,Collectionin,Antiviral,12,300
W58O295433,Eyeol,Cardiovascular,12,200
C6Z310305,Modelin,Cardiovascular,12,500
I16P816129,Forgetcillin,Respiratory,12,50
C61R11106,Providestatin,Cardiovascular,12,350
H61Z412028,Gamevir,Antihypertensive,12,115
Z82J819782,Awayol,Diuretic,12,500
H18S962396,Buildingol,Antihypertensive,12,450
E81N791893,Stuffcillin,Respiratory,12,600
X18H876571,Keepvir,Vaccine,12,100
N27C917798,Freecillin,Immunosuppressant,12,120
Z89H886604,Bagin,Antiviral,12,95
H29L833263,Nothingol,Antihistamine,12,65
N51Z376951,Suchstatin,Cardiovascular,12,50
Q16A245693,Leaderol,Cardiovascular,12,55
O64K433975,Familyzepam,Immunosuppressant,12,70
A10C478500,Meetstatin,Steroid,12,650
W57W900960,Sportin,Respiratory,12,65
V14X391441,Developol,Analgesic,12,75
Q16P444192,Colorvir,Steroid,12,65
I49J234334,Kidxone,Anti-inflammatory,12,300
O2F897988,Northzepam,Antihypertensive,12,600
T31C253976,Misscillin,Analgesic,12,300
Q59S518426,Manystatin,Antihypertensive,12,70
G87B139379,Todaystatin,Antidepressant,12,70
A12G383895,Windcillin,Respiratory,12,90
R55S284285,Okxone,Anticoagulant,12,105
X39I714672,Eveningzepam,Antipyretic,12,650
C59C378713,Concernzepam,Cardiovascular,12,300
D97W494272,Decisioncillin,Vitamin,12,115
M49R736340,Reasonin,Vitamin,12,200
X75K283798,Traditionalvir,Antihypertensive,12,500
Y85C936727,Bookstatin,Steroid,12,300
I91Z33921,Fishol,Analgesic,12,250
F17V687915,Intool,Analgesic,12,110
P82Y683495,Countryol,Anticoagulant,12,95
S11K901158,Thirdxone,Antihypertensive,12,50
I55J116922,Sizestatin,Vaccine,12,300
X80M535882,Listol,Antipyretic,12,95
W26W621614,Clearlystatin,Anticonvulsant,12,85
D7E640429,Frontstatin,Anticonvulsant,12,55
H54Y436188,Girlxone,Antiviral,12,300
Y34I895359,Whenzepam,Antiviral,12,70
O5V730922,Sizein,Antihistamine,12,70
K48Y322531,Soundzepam,Anti-inflammatory,12,80
T12S73015,Determinexone,Anti-inflammatory,12,450
Z45W727842,Pullxone,Antipsychotic,12,200
I57O564451,Todayxone,Vitamin,12,650
S32S123979,Gozepam,Antibiotic,12,350
B91E312618,Naturalcillin,Cardiovascular,12,55
M79D393378,Governmentvir,Anti-inflammatory,12,65
O35W622437,Officeol,Immunosuppressant,12,300
P48V541670,Becausecillin,Antifungal,12,110
D44W93813,Reachzepam,Vitamin,12,60
Z81I247049,Centuryzepam,Anti-inflammatory,12,150
J53J451694,Stayin,Antipsychotic,12,75
Z48M296134,Sayol,Antifungal,12,150
Q53P473384,Recentlyol,Steroid,12,200
V44F390444,Recordol,Antihypertensive,12,65
V24R317281,Evidencecillin,Immunosuppressant,12,75
A49Q445635,Artzepam,Antidepressant,12,350
D65S663946,Congressxone,Antipyretic,12,450
C20L16951,Kidxone,Antipsychotic,12,90
A51F508569,Decisionvir,Anti-inflammatory,12,300
X57O974429,Detailzepam,Antidepressant,12,300
Q49I549055,Presentol,Diuretic,12,50
A74F917105,Fillol,Cardiovascular,12,55
S72N92485,Dogvir,Antibiotic,12,600
M96T692415,Factorcillin,Steroid,12,70
D27N273372,Realityol,Antipyretic,12,105
J74X659817,Strategyxone,Antihypertensive,12,105
W55K401771,Tonightin,Antifungal,12,150
L90B259523,Reachin,Antihistamine,12,450
M44V396996,Wallstatin,Anticonvulsant,12,95
J11O930762,Reachxone,Immunosuppressant,12,300
I75B486665,Requireol,Anti-inflammatory,12,50
N41Y203633,Singxone,MuscleRelaxant,12,80
Y45M357779,Byzepam,Antipyretic,12,500
N95T505305,Quitevir,Anticonvulsant,12,150
D44L827790,Indeedcillin,Antiviral,12,85
G50O880510,Operationstatin,Anticoagulant,12,60
V93R508096,Attackcillin,Analgesic,12,250
B14A585404,Intoxone,Steroid,12,50
U45P18887,Shortzepam,Analgesic,12,350
Z35F175097,Lowstatin,Anticoagulant,12,250
R43Z278217,Playzepam,Immunosuppressant,12,70
X6X655802,Medicalxone,MuscleRelaxant,12,105
R77B202107,Improvevir,Analgesic,12,650
I92Y280729,Groundxone,Antipyretic,12,500
Y18L745636,Returnvir,Antifungal,12,90
K53W944294,Hearin,Anti-inflammatory,12,350
K59Z88372,Buildingstatin,Analgesic,12,95
R22S90181,Againcillin,Antipsychotic,12,300
M81N128554,Sool,Antifungal,12,550
L67T475186,Majorityin,Antifungal,12,300
L29T555755,Moneystatin,Respiratory,12,95
I75G197269,Approachstatin,Vaccine,12,100
G37Q868977,Morningxone,Antipyretic,12,200
F9I444664,Socillin,Vitamin,12,55
D22F701337,Directorol,Vaccine,12,200
N74J381071,Specificxone,Vaccine,12,110
A63Q645757,Agentxone,Vaccine,12,300
G52H288155,Endxone,Vitamin,12,450
K67C863421,Sensevir,Antibiotic,12,400
W62K730671,Bornzepam,Antibiotic,12,150
U22O116616,Scenevir,Antiviral,12,500
L89J168558,Stayin,Antibiotic,12,250
S18W320700,Generalvir,Vitamin,12,130
O24Z103056,Minuteol,Vitamin,12,350
Q37K979542,Avoidin,Antiviral,12,75
A93Z228972,Childcillin,Anticoagulant,12,650
K45T398698,Heartzepam,Antidepressant,12,600
P83V203568,Nonestatin,Anticoagulant,12,70
G77W96063,Stuffzepam,Antifungal,12,50
D66D331518,Qualityzepam,Antipsychotic,12,400
O14C78020,Factorol,Antipsychotic,12,95
Q67H900248,Factstatin,Antibiotic,12,500
G7Z208132,Whilecillin,MuscleRelaxant,12,400
E38T923835,Peoplevir,Respiratory,12,650
Y28Q47723,Makexone,Antipsychotic,12,70
Y38K858399,Roomol,Antipsychotic,12,105
R64G486732,Missionvir,Respiratory,12,45
I19N7831,Singstatin,Antibiotic,12,115
C98E682649,Sidezepam,Antihypertensive,12,85
C23N18811,Mrszepam,Anticonvulsant,12,150
V61X229128,Hecillin,Anticonvulsant,12,115
G33G633685,Dataxone,Antipsychotic,12,300
Q6M648100,Animalcillin,Immunosuppressant,12,95
Q90Z616960,Legin,Antihypertensive,12,500
F85C230066,Planol,Antiviral,12,60
U20W960350,Mouthvir,Antifungal,12,300
W6A846378,Pagestatin,Vitamin,12,60
G65I722526,Receivexone,Cardiovascular,12,120
S12R198995,Eaststatin,Anticoagulant,12,300
E95X186784,Cityol,Antipsychotic,12,450
C67G670216,Fishstatin,Anticoagulant,12,300
O61P174522,Businessxone,Vaccine,12,90
J60D61369,Internationalol,Antihistamine,12,600
V86E430438,Pushin,Antibiotic,12,300
V6B844534,Behaviorvir,Antihypertensive,12,200
I50P459110,Butin,Diuretic,12,400
C24J172414,Toughin,Vitamin,12,90
A15Z712031,Meetstatin,Vitamin,12,55
G44X613626,Starvir,Diuretic,12,450
U95K77678,Servevir,Respiratory,12,300
Z0B85056,Latestatin,Anti-inflammatory,12,250
C78I920127,Leftstatin,Immunosuppressant,12,600
Y42A194332,Redin,Diuretic,12,400
L44C609660,Actionxone,Anticonvulsant,12,500
L97H499890,Wein,Steroid,12,500
W37T483433,Ourstatin,Antipsychotic,12,300
E59J887271,Bitstatin,Antifungal,12,115
J70H623891,Likelycillin,Anticoagulant,12,105
B49G653981,Wholein,Antiviral,12,550
X35V791924,Facecillin,Antifungal,12,550
O40W102925,Windvir,Analgesic,12,80
G51V485299,Comparecillin,Vitamin,12,75
V58D46376,Outstatin,Cardiovascular,12,100
E87X307478,Beyondin,Antibiotic,12,500
I54H301293,Individualin,Respiratory,12,400
A49F124516,Notevir,Antibiotic,12,150
K44Q420581,Missioncillin,Antihistamine,12,200
R51O510637,Familycillin,Antipsychotic,12,200
J97L435410,Newsvir,Antipsychotic,12,105
U38W582223,Nearlyxone,Antidepressant,12,100
F45W367022,Modernstatin,Anticonvulsant,12,450
O68O942922,Bothvir,Antihypertensive,12,250
F68B92427,Therexone,Antidepressant,12,450
B41A307436,Sortol,Cardiovascular,12,250
W5I880552,Farzepam,Respiratory,12,300
B0K95398,Lookstatin,Antidepressant,12,85
I97N253466,Historyol,Antipsychotic,12,50
J7V300743,Amountol,Antiviral,12,80
N39S36543,Expectxone,Antiviral,12,50
N40G971777,Servexone,Respiratory,12,650
G76T571429,Soonvir,Antihypertensive,12,250
S82R580783,Answerzepam,Vaccine,12,300
H80Z327994,Thankzepam,Vitamin,12,90
Q93H200518,Remembervir,Antifungal,12,55
Z36S390360,Cellol,Antipsychotic,12,95
F24S8472,Bookol,Immunosuppressant,12,500
F17H875978,Involveol,Antiviral,12,95
B62E37886,Fewvir,Antiviral,12,350
F8T655752,Pressureol,Antipyretic,12,450
Y46A78053,Amountol,Anticonvulsant,12,105
N83W27148,Exactlyin,Antipyretic,12,75
T68W97383,Lastzepam,Steroid,12,110
B92O48078,Whilevir,Vaccine,12,80
P49O280377,Dreamxone,Antifungal,12,250
Q41B380217,Speechzepam,Antidepressant,12,110
U8X821286,Thatstatin,Antibiotic,12,350
A13R68427,Practicezepam,Antipsychotic,12,300
Z10N820910,Eithervir,Antihistamine,12,450
X54P431744,Gasvir,Antiviral,12,55
Y23F365116,Namexone,Antipsychotic,12,550
R28I722257,Containzepam,Diuretic,12,500
V80U639898,Joinin,Immunosuppressant,12,300
W44T188852,Dreamvir,Anticoagulant,12,300
S53Y121268,Weststatin,Antiviral,12,85
P67P335884,Groupxone,Antibiotic,12,550
D83I749712,Foodxone,Vitamin,12,50
Q73Y118609,Remaincillin,Antipsychotic,12,300
V28D929558,Firein,Diuretic,12,450
J16K539326,Moneyin,Analgesic,12,95
X23T593650,Abilityzepam,Antihypertensive,12,105
U77H436147,Orderstatin,Anticonvulsant,12,55
H29V297751,Languagestatin,Anti-inflammatory,12,90
M58X719712,Standardol,Diuretic,12,450
H85G472860,Chargexone,Antipyretic,12,145
N62N296959,Taxvir,Immunosuppressant,12,200
Y53V273324,Wordol,Vaccine,12,600
T8C549496,Experienceol,MuscleRelaxant,12,55
E85K721330,Allowcillin,Antihypertensive,12,200
K43S278397,Positivevir,Antiviral,12,80
Z31D201130,Computerstatin,Steroid,12,450
I70P804163,Singin,Cardiovascular,12,400
N80L712861,Expertvir,Anticonvulsant,12,80
Y64N804255,Modernvir,Vaccine,12,50
T20M553174,Travelcillin,Respiratory,12,80
N38O40163,Ballstatin,Vitamin,12,300
K49F28168,Childxone,Antihypertensive,12,350
P99N718973,Dropvir,Anticonvulsant,12,550
V8Y549982,Relatecillin,Anticoagulant,12,450
Q52W474988,Fieldstatin,Antibiotic,12,60
T67B122065,Kindol,Cardiovascular,12,650
K25B408541,Producestatin,Respiratory,12,50
M79I47538,Speechzepam,Antipsychotic,12,250
J80C411839,Beginxone,Antihypertensive,12,75
F14B56467,Partnerin,Antibiotic,12,125
F62B384502,Spendin,Antidepressant,12,95
G36H661062,Questioncillin,MuscleRelaxant,12,120
N21T245813,Feelcillin,Antipsychotic,12,300
O73P353093,Activitystatin,Antibiotic,12,450
B66W583362,Publicvir,Anticonvulsant,12,120
X65U204396,Kindzepam,Antipyretic,12,400
R30B869144,Economyzepam,Diuretic,12,300
T14M810477,Takecillin,Steroid,12,450
K13K938908,Millionzepam,Vitamin,12,50
V69M6388,Lawstatin,Cardiovascular,12,150
P99L933867,Seriousol,Cardiovascular,12,80
U73B779672,Sectionxone,Immunosuppressant,12,200
C33C763833,Identifyzepam,Respiratory,12,85
O94R981198,Tradecillin,Antidepressant,12,150
L58K40935,Parentin,Antihistamine,12,300
J20M897683,Thoughtol,Antidepressant,12,80
F51F43991,Samexone,Vaccine,12,300
J8C568743,Fromstatin,Anti-inflammatory,12,150
U93S508586,Familyxone,MuscleRelaxant,12,650
K48L630499,Moreol,Antipyretic,12,550
B64Z941489,Risecillin,Anti-inflammatory,12,200
V10K416572,Ownxone,Steroid,12,85
S62C703601,Upcillin,Antipyretic,12,70
G74H481212,Choosexone,Diuretic,12,500
C45V564806,Seaol,Antibiotic,12,550
G77Y567560,Sevenzepam,Antidepressant,12,350
N61Q783166,Noin,Diuretic,12,550
B50N597236,Provexone,Vitamin,12,550
L32N245679,Necessarycillin,Immunosuppressant,12,250
O93Q300183,Occurcillin,Immunosuppressant,12,60
K82M38775,Politicalol,Antidepressant,12,600
V95W848145,Goalzepam,Antihypertensive,12,115
Y31U229002,Partyin,Respiratory,12,650
L55A490215,Byol,Antihypertensive,12,200
C96Y334396,Presidentol,Analgesic,12,95
I25V467578,Passxone,Antihypertensive,12,500
J83L70313,Figurestatin,Immunosuppressant,12,90
B98A112098,Theyxone,Vaccine,12,115
L45M205336,Worldol,Anticonvulsant,12,250
Z54Z299193,Anystatin,Vitamin,12,55
K48P70890,Remainstatin,Anticoagulant,12,120
X64F199431,Servein,Respiratory,12,105
D92W594744,Cupxone,Antihistamine,12,90
J32B734807,Viewzepam,Vaccine,12,600
J82H306920,Nothingvir,Analgesic,12,300
V87X972161,Directionzepam,MuscleRelaxant,12,150
V65B853388,Partystatin,Antipsychotic,12,100
M79H61394,Amongzepam,Anticoagulant,12,550
W81Y722294,Thesecillin,Antipsychotic,12,450
N71A708995,Democraticvir,Diuretic,12,250
U40D372019,Closezepam,Anti-inflammatory,12,90
S17U360129,Directionvir,Cardiovascular,12,400
S16Y66535,Leavezepam,Antidepressant,12,400
J80R677328,Linein,Analgesic,12,550
A1R63861,Southernin,Immunosuppressant,12,300
K66R945945,Footvir,Vaccine,12,60
F66V146319,Doctorin,Respiratory,12,600
P25V51802,Thankcillin,Analgesic,12,350
S11B47560,Fearstatin,Antifungal,12,115
D13E617530,Picturevir,Antidepressant,12,450
Y19O692565,Bettervir,Antifungal,12,95
X67A264367,Collectionin,Anticoagulant,12,75
M75G23188,Imagevir,Analgesic,12,115
Y49W928932,Nationin,Vaccine,12,150
E15O853118,Findol,Vaccine,12,300
N68Z76100,Yardxone,Diuretic,12,550
Y16R492477,Rememberol,Analgesic,12,50
X57X196706,Rathervir,Diuretic,12,200
W40Y145166,Oldxone,Vitamin,12,60
D20R426249,Fromvir,Diuretic,12,110
N37V783730,Indeedin,Antifungal,12,105
S61Y864868,Everythingzepam,Antipsychotic,12,250
N31Y680794,Agreementin,Vaccine,12,70
Z46I13135,Addressvir,Analgesic,12,75
D43K53737,Administrationxone,Anticoagulant,12,75
Z90F877706,Farzepam,Immunosuppressant,12,300
P36L191263,Noticevir,Immunosuppressant,12,80
O63D178495,Ivir,Respiratory,12,55
U44D784240,Projectvir,Anti-inflammatory,12,300
Z86T216333,Peacestatin,Antipyretic,12,70
I55S383678,Noticevir,MuscleRelaxant,12,90
S50Y810614,Billcillin,Anti-inflammatory,12,75
O60G795794,Magazinexone,Vitamin,12,50
N91S919258,Atin,Antihistamine,12,100
E88T846740,Usuallycillin,Anticoagulant,12,105
S93I926217,Populationxone,Diuretic,12,95
L0M6829,Createxone,Anticoagulant,12,300
X36R808146,Eithercillin,Antidepressant,12,250
P77J63775,Lowin,MuscleRelaxant,12,400
K68U600661,Sitein,Respiratory,12,300
N60G735760,Raisein,Antidepressant,12,300
F29F11085,Otherxone,Antifungal,12,60
O73K598007,Pageol,Cardiovascular,12,70
G96K608588,Partyxone,Anticoagulant,12,500
Q33B770769,Misszepam,Antidepressant,12,300
C73N894035,Formerol,Anti-inflammatory,12,150
Q65L858614,Relationshipcillin,Anti-inflammatory,12,300
E18X478877,Greatol,Anticoagulant,12,75
K17N917565,Candidatevir,Anti-inflammatory,12,65
C63S556956,Surfacestatin,Vitamin,12,300
R61P170934,Improveol,Vitamin,12,250
U11Z560646,Otherin,Respiratory,12,70
C63W868260,Notein,Steroid,12,140
F85Y574363,Processvir,Anticoagulant,12,75
L90H53132,Issuecillin,Antifungal,12,250
R57E750252,Ratein,Anticonvulsant,12,550
S77L971605,Choicexone,Immunosuppressant,12,120
S13X370528,Recentzepam,Vaccine,12,400
K12Q603300,Justcillin,Antihypertensive,12,50
V37U171802,Lessin,Antibiotic,12,200
G32J411524,Internationalzepam,Antipsychotic,12,50
E77D819036,Duringzepam,MuscleRelaxant,12,110
P23A477550,Anotherol,Antibiotic,12,115
C98E10735,Suchstatin,Diuretic,12,110
H9G226996,Deepzepam,Anticoagulant,12,115
Z32U11571,Decidecillin,Anticoagulant,12,600
O92X757547,Administrationxone,Vitamin,12,145
S76R221086,Totalin,Anticonvulsant,12,500
D57P200454,Aroundcillin,Vaccine,12,600
C62J684608,Ourzepam,Antidepressant,12,60
K29G229703,Tellxone,Antiviral,12,200
R53J805652,Taxvir,Immunosuppressant,12,300
N61R166823,Directorcillin,Respiratory,12,550
G66F450892,Wouldin,Cardiovascular,12,90
W38B711452,Ratherol,Antipyretic,12,120
S5Y575006,Democratzepam,Antihistamine,12,500
D94Q313902,Businessol,Respiratory,12,650
M23B661596,Occurol,Respiratory,12,250
P96Y407101,Marketzepam,Antiviral,12,55
R20R210586,Insteadxone,Analgesic,12,550
U52B585575,Homecillin,Anticonvulsant,12,70
T88N290799,Federalol,Antifungal,12,70
U29U729675,Buildin,Antihistamine,12,110
X15C453125,Windowol,Respiratory,12,95
Z19M35139,Involvevir,Antihypertensive,12,110
P6R648316,Actionzepam,Antipyretic,12,95
C13L401552,Cardxone,Antifungal,12,90
W8B253816,Howstatin,Antipyretic,12,85
B72R263550,Betweenol,Antihistamine,12,250
B69N113719,Healthcillin,Antidepressant,12,90
P34W539884,Remainxone,Antipsychotic,12,300
X82I462327,Leaderin,Antibiotic,12,200
F59O835855,Oftencillin,Analgesic,12,105
D71F380763,Weol,Immunosuppressant,12,75
W10G587868,Shouldvir,Immunosuppressant,12,150
Q61X195709,Tooin,Anticoagulant,12,250
F80M73066,Similarvir,Anticonvulsant,12,200
T87A70369,Onlystatin,Antiviral,12,650
A71W774066,Hisvir,Antifungal,12,300
D35S377885,Issuecillin,Antibiotic,12,105
X38E221505,Choosein,Steroid,12,110
J2L32994,Optionxone,Antihypertensive,12,250
O53Q684830,Anyonevir,Antibiotic,12,250
P10R497136,Productxone,Vaccine,12,55
E58E720311,Structurexone,Antihistamine,12,85
R35H765828,Whichol,Steroid,12,50
D46F706545,Individualcillin,Steroid,12,80
J83U159415,Wayol,Antihistamine,12,55
T5Q811878,Bornol,Diuretic,12,80
W13V986227,Seniorol,MuscleRelaxant,12,85
I98D109844,Simplyzepam,Antihypertensive,12,550
X36L357891,Benefitstatin,Diuretic,12,250
T79J882069,Wantcillin,Antihistamine,12,80
V28I981622,Standardcillin,Steroid,12,250
L17O930967,Someonexone,Vitamin,12,50
H6T501142,Maybecillin,Anticoagulant,12,70
H73G521159,Classin,Antihypertensive,12,110
C73J94912,Securityol,Cardiovascular,12,400
D8F954966,Girlin,Antipyretic,12,110
U7D347073,Newsin,Anticonvulsant,12,70
B6Y188196,Starstatin,Anticoagulant,12,450
Y61I278619,Worldstatin,Anticonvulsant,12,95
G99H149907,Beyondzepam,Respiratory,12,100
C88A191308,Authorxone,Immunosuppressant,12,120
V16Z769881,Viewxone,Analgesic,12,250
B79F343112,Majorityvir,MuscleRelaxant,12,55
R32J515895,Sixol,Cardiovascular,12,85
Z52V858258,Onvir,Antipyretic,12,105
J26C313782,Companyin,Steroid,12,550
H35J486154,Twovir,Antihypertensive,12,150
Q11O632373,Waitol,Antifungal,12,450
D41E129970,Secondol,Cardiovascular,12,115
K8X583798,Sometimesol,Antipyretic,12,400
W21U201952,Eatol,Analgesic,12,250
Q61Q828811,Responseol,Steroid,12,450
J52X633864,Cameraxone,Antidepressant,12,70
G17X499256,Almostxone,Antipsychotic,12,95
R13J300757,Statementvir,Antihypertensive,12,650
G98N887825,Ratevir,MuscleRelaxant,12,150
O26J357083,Shouldol,MuscleRelaxant,12,80
T7P119513,Conferencein,Antifungal,12,300
J5V822380,Appearol,Antifungal,12,300
R7U58128,Candidatezepam,Antifungal,12,550
B6Y899779,Closecillin,Anti-inflammatory,12,550
C55I962104,Suggestvir,Vitamin,12,600
R74Y620102,Appearxone,Antiviral,12,115
S15M860631,Seekcillin,Steroid,12,75
M57W504686,Startzepam,Anti-inflammatory,12,550
R81D371122,Partcillin,Antihypertensive,12,80
V16S511793,Thirdvir,Anti-inflammatory,12,80
F11A374971,Truthcillin,Respiratory,12,150
X84Z918980,Leavezepam,Anticonvulsant,12,400
M76N114592,Financialol,Vitamin,12,250
L81X29475,Maincillin,Immunosuppressant,12,350
B62D546362,Basecillin,Antibiotic,12,400
M59T719385,Continuevir,Antihypertensive,12,550
Z47B778711,Usexone,Vaccine,12,50
T43I135658,Networkol,Respiratory,12,105
U80L703090,Losein,Analgesic,12,50
T91X752443,Voicexone,Anticoagulant,12,450
O33C950832,Includingvir,Steroid,12,350
M6F628017,Processzepam,Steroid,12,135
H69U156435,Growol,Steroid,12,550
F77P74805,Sixstatin,Vaccine,12,75
T19B707233,Courseol,Anticoagulant,12,95
S73N395170,Noticestatin,Anticonvulsant,12,95
S23F973073,Situationol,Antipsychotic,12,130
B80M792228,Valuezepam,Vitamin,12,75
L34Z235409,Becomeol,Steroid,12,500
I47Z185096,Southernxone,Antifungal,12,80
N77E291772,Joincillin,Anticonvulsant,12,135
G0Y849745,Watchstatin,Diuretic,12,300
K21C878090,Storeol,Antibiotic,12,150
F68X161203,Bitxone,Anticoagulant,12,70
E50I719401,Technologycillin,Analgesic,12,350
K45W388698,Servein,Anticonvulsant,12,85
X12E512992,Nicexone,Anticoagulant,12,250
W2E881660,Treatmentzepam,Steroid,12,55
U9I380446,Singzepam,Antifungal,12,100
H63Q659889,Seriousvir,Antipyretic,12,140
H18W894534,Letol,Diuretic,12,105
I8J437731,Hourvir,Anticonvulsant,12,200
W71C372203,Establishxone,Antihypertensive,12,450
B20E922564,Supportvir,Vitamin,12,80
N17P73242,Ballxone,Vitamin,12,300
C13Y168060,Realvir,Antiviral,12,600
H74J665393,Churchstatin,Anticonvulsant,12,300
R52W384011,Clearol,Vaccine,12,60
U92E43684,Professorstatin,Antifungal,12,95
O43S442146,Civilol,Immunosuppressant,12,600
K50U633858,Troublevir,Anticonvulsant,12,115
E90P426639,Picturestatin,Steroid,12,450
R61N416139,Racevir,Antifungal,12,650
N9J269428,Fillxone,Antidepressant,12,600
D85Q571257,Smallin,Antidepressant,12,150
H92G361530,Beatvir,Anticonvulsant,12,250
B4P670929,Linein,MuscleRelaxant,12,150
D83Q312237,Headzepam,Antihypertensive,12,550
G92Z78543,Carrycillin,Cardiovascular,12,250
I42V571692,Seatcillin,Vitamin,12,450
B60R498624,Indicatestatin,Anticonvulsant,12,50
I98V451492,Accordingol,Diuretic,12,150
H48A714424,Okcillin,Antipyretic,12,600
I74L873048,Soundvir,Cardiovascular,12,60
N79C148934,Officialol,Diuretic,12,650
H91R901905,Veryzepam,Antifungal,12,65
N21O168676,Cellzepam,Vaccine,12,250
B73A151869,Amongstatin,Antibiotic,12,650
N23Y140424,Everybodyxone,Anticonvulsant,12,120
D94O735546,Decadecillin,Respiratory,12,400
F61G480320,Actuallyin,Anticonvulsant,12,250
Y85W431469,Flyin,Vaccine,12,250
V89N953039,Movievir,Immunosuppressant,12,65
Z68X429712,Answercillin,Antipsychotic,12,250
O42M819590,Democraticin,Anticoagulant,12,250
Q65Y286590,Currentzepam,Immunosuppressant,12,150
J69C618114,Paintingvir,Steroid,12,600
A91H625120,Mrol,MuscleRelaxant,12,400
H45R366565,Trainingstatin,Respiratory,12,450
E28H119095,Homestatin,Antihistamine,12,500
W3F863816,Middleol,Diuretic,12,250
W7I971215,Soonzepam,Immunosuppressant,12,600
A91C274286,Yourvir,Diuretic,12,115
E5S369805,Thoughcillin,Immunosuppressant,12,450
Q15K987189,Hisstatin,Antihistamine,12,50
N94C323061,Environmentalvir,Respiratory,12,250
B64Z85108,Itsvir,MuscleRelaxant,12,600
R55N933880,Importantvir,Antiviral,12,75
U14X396590,Sourcezepam,Diuretic,12,300
D9D355728,Happystatin,Immunosuppressant,12,300
N54O987901,Reflectstatin,Anticoagulant,12,70
I79S623104,Certainlystatin,Respiratory,12,200
X89L798043,Policeol,Antiviral,12,400
N80Z579135,Nevervir,Antifungal,12,45
X15B252603,Playxone,Antidepressant,12,90
A97R110113,Determinein,Diuretic,12,90
V14F616798,Futurein,Antipsychotic,12,300
C18U59438,Anycillin,Vaccine,12,300
T82M786668,Daughtervir,Cardiovascular,12,150
T34C300829,Campaignzepam,Analgesic,12,250
T66A168394,Downstatin,Diuretic,12,200
D78F907259,Visitcillin,Cardiovascular,12,75
G2U212097,Directorin,MuscleRelaxant,12,400
E10B875776,Greatzepam,Antihypertensive,12,650
W90M54975,Hotelin,Antihypertensive,12,110
U14T885943,Leadol,Immunosuppressant,12,110
A89B643381,Herselfzepam,Anticoagulant,12,500
Z70I114576,Affectcillin,Cardiovascular,12,50
F4X148654,Interviewvir,Anticoagulant,12,300
G33U790715,Intereststatin,Vaccine,12,450
S12W269622,Readol,Anti-inflammatory,12,50
J3W997677,Takecillin,Antihistamine,12,200
K88F411157,Respondol,Steroid,12,350
S1B919,Magazinestatin,Antipsychotic,12,400
D5Z674224,Imaginecillin,Anti-inflammatory,12,350
Z13T707006,Responsevir,Antidepressant,12,115
R45O562892,Colorcillin,Cardiovascular,12,110
V27U213578,Authorityxone,Antiviral,12,650
V48M239804,Impactin,Antihistamine,12,200
O80Q14033,Meol,Antibiotic,12,80
R2K987750,Formxone,Cardiovascular,12,50
K71Q377800,Nextzepam,Anticoagulant,12,85
F12Q952480,Themselvesol,Antipsychotic,12,250
J19I19006,Turnzepam,Antipyretic,12,60
Y58D215381,Greenstatin,Anti-inflammatory,12,90
Y4G672054,Rangexone,Antiviral,12,55
G0C347145,Employeezepam,Immunosuppressant,12,150
M36H599125,Experiencecillin,Vitamin,12,300
X26T650548,Finishxone,Antifungal,12,70
C35P385279,Politicszepam,Antifungal,12,550
S11W114046,Atin,MuscleRelaxant,12,130
V12W200483,Sayin,Anticoagulant,12,250
G11O747286,Crimevir,Steroid,12,110
M57B168497,Requirein,Cardiovascular,12,250
W95G804316,Fieldcillin,Respiratory,12,80
Z67M788857,Drawin,Antifungal,12,350
P17D59614,Maybecillin,Antibiotic,12,115
V37W151325,Eventcillin,Antihistamine,12,500
P30Y256419,Feelvir,Antidepressant,12,115
H19I729259,Approachxone,Antibiotic,12,90
C15C64332,Throwzepam,Anti-inflammatory,12,650
M29Q75547,Thatxone,Vaccine,12,650
L45J834961,Placecillin,Diuretic,12,115
B37S402552,Headin,Antihypertensive,12,200
P36N845125,Placeol,Vitamin,12,250
I91W112642,Suggeststatin,Diuretic,12,650
O88K837574,Byzepam,Vitamin,12,50
P51D59767,Collegexone,Vaccine,12,300
B14J792485,Executivezepam,Antidepressant,12,300
T52E825228,Hugestatin,Anticonvulsant,12,300
S11H191116,Representvir,Anticonvulsant,12,75
K51B341692,Sectionxone,Antihypertensive,12,100
Z55A83542,Feelstatin,Analgesic,12,350
J81J253558,Variousxone,Steroid,12,70
S39H438330,Cityxone,Antihypertensive,12,50
I11W346294,Sixstatin,Respiratory,12,90
B17Q478746,Positionstatin,Immunosuppressant,12,60
Y49L249128,Societycillin,Steroid,12,95
U70D876254,Suchstatin,Antihistamine,12,85
G20G556301,Yearin,Antipsychotic,12,90
A33G108253,Aroundstatin,Anticoagulant,12,80
Y57P868045,Skillcillin,Respiratory,12,45
P59T253113,Trystatin,Antihistamine,12,65
U59F930138,Shakevir,Anti-inflammatory,12,70
V95E877881,Examplein,MuscleRelaxant,12,300
P39Z14758,Talkin,Antiviral,12,550
O87T286485,Thirdol,Anticoagulant,12,200
W9R955550,Restcillin,Anticonvulsant,12,50
G79I448058,Fourstatin,Respiratory,12,60
N57T786912,Naturalzepam,Cardiovascular,12,70
U13S459323,Everythingxone,Cardiovascular,12,200
J64V311309,Rolezepam,Analgesic,12,145
E60C658704,Wordin,Vaccine,12,550
E90U125417,Smallin,Antiviral,12,85
T15R581945,Quiteol,Analgesic,12,150
W25J460351,Doctorvir,Antihypertensive,12,60
L25A442632,Piecezepam,Antipyretic,12,200
D70O250802,Socialin,Vaccine,12,110
G87R58988,Commercialin,Antipsychotic,12,650
A97I628441,Truestatin,Anticoagulant,12,85
M21D292160,Partycillin,Immunosuppressant,12,100
O94T724172,Managementcillin,Anticonvulsant,12,400
A65X493584,Bookstatin,Antihypertensive,12,80
U96W807046,Controlzepam,Cardiovascular,12,110
J22X726031,Firstin,Antibiotic,12,250
X39L191664,Leastvir,Vitamin,12,70
F27U75711,Hearin,Vitamin,12,650
T58Q451093,Religiouszepam,Anticoagulant,12,110
G35J597985,Benefitvir,Antipyretic,12,55
U27G15093,Fatherstatin,Cardiovascular,12,50
T98Y208051,Detailzepam,Vitamin,12,60
E31V166814,Mrol,Anticoagulant,12,300
L33B220848,Songzepam,MuscleRelaxant,12,650
X13J377606,Seexone,Immunosuppressant,12,200
S25E510012,Similarin,Antibiotic,12,50
U34V223102,Imagexone,Vitamin,12,85
G37J801186,Electionol,Antihypertensive,12,550
P39X350753,Paintingol,Steroid,12,300
L38X6162,Adultstatin,Antidepressant,12,650
L53F251356,Everybodyzepam,Anticoagulant,12,200
O54B443953,Identifyzepam,Anti-inflammatory,12,250
O72R881245,Skillin,Antidepressant,12,200
C72P25194,Optionxone,Antifungal,12,115
I38E40626,Workerol,Vitamin,12,115
I57I430119,Tozepam,Immunosuppressant,12,50
Q17I744354,Whiteol,Antidepressant,12,300
T19S756028,Entirecillin,Anticoagulant,12,50
X66N513859,Sevenol,MuscleRelaxant,12,300
C62T899295,Butxone,MuscleRelaxant,12,150
L18N219831,Bankol,Antihypertensive,12,250
U96M89427,Millionstatin,Anticonvulsant,12,60
L99O383076,Carryin,Steroid,12,85
H76T506512,Awaystatin,Antihistamine,12,120
X69Q725955,Southernxone,Vitamin,12,70
O33J403991,Cancillin,Antidepressant,12,80
H47T746579,Worryzepam,Steroid,12,55
E58W803177,Thesestatin,Antiviral,12,450
B72N743332,Relationshipin,Antihistamine,12,650
U33V916390,Sureol,Antihistamine,12,400
R31W510944,Availablestatin,Vitamin,12,65
P98G416328,Culturalstatin,Vaccine,12,250
O12V748495,Middlevir,Analgesic,12,65
K19M758621,Bagvir,Cardiovascular,12,400
R51W514613,Theirxone,Antipyretic,12,550
Y73J114291,Tryxone,Antibiotic,12,350
O54D730804,Anothervir,Antipsychotic,12,300
U79X382246,Redin,Antidepressant,12,65
D64F155277,Whatvir,Diuretic,12,110
C7H880478,Generationol,Antipsychotic,12,300
Z5L652783,Stopstatin,Antiviral,12,70
E38T651743,Messagestatin,Antidepressant,12,400
O83E164403,Professionalstatin,Antipsychotic,12,90
I38A724928,Fewstatin,Antihypertensive,12,550
G47U816206,Servicestatin,Vaccine,12,450
B92N219482,Drugvir,Anticonvulsant,12,90
O33A140678,Soonol,Diuretic,12,50
Z46V800279,Suchvir,Analgesic,12,85
X59B637557,Caseol,Antihistamine,12,100
R16D447276,Studycillin,Antifungal,12,110
U73A804586,Cupin,Immunosuppressant,12,250
L44N168004,Reasoncillin,Immunosuppressant,12,250
R80P869144,Coachin,Anticoagulant,12,250
T14L644977,Tablestatin,Cardiovascular,12,65
X27R586342,Messagestatin,Anti-inflammatory,12,300
Z64N739450,Particularlystatin,Antipyretic,12,50
D86X790034,Herstatin,Antipyretic,12,60
D26I698677,Watchstatin,Vitamin,12,50
G66B385949,Buildingxone,Antifungal,12,75
I53X577471,Teachzepam,Anti-inflammatory,12,105
W72V425573,Ontovir,Antiviral,12,65
M6I592041,Eatvir,Diuretic,12,450
H29G578241,Poorol,Antipyretic,12,200
Q60A436922,Staffvir,Cardiovascular,12,200
R7R2286,Todayvir,Analgesic,12,400
U96E208571,Compareol,Analgesic,12,600
O35V919406,Barin,Anticonvulsant,12,400
U18J839746,Marketcillin,Antifungal,12,100
O54I454096,Studentxone,Cardiovascular,12,400
I62Z538357,Fullvir,Vitamin,12,650
E20E634558,Traditionalin,Steroid,12,105
R18P352980,Sometimeszepam,Immunosuppressant,12,550
U43O448709,Bothcillin,Antifungal,12,450
A92T101133,Governmentvir,Cardiovascular,12,550
W96N603583,Protectxone,Antidepressant,12,55
V69A631346,Ratevir,Antipsychotic,12,150
R60W565753,Seemin,Diuretic,12,650
F4M13360,Westol,Steroid,12,300
T63N608523,Lifevir,Steroid,12,400
S71Y758422,Letvir,Cardiovascular,12,600
L9E463,Shakezepam,Antifungal,12,300
B1P915872,Hospitalstatin,Antiviral,12,65
R81M391124,Impactzepam,Steroid,12,200
J43I164817,Yearzepam,Antibiotic,12,350
O90L835896,Futurexone,Vaccine,12,200
G40M271777,Songvir,Antihistamine,12,300
U63H661119,Theirol,Immunosuppressant,12,110
J51D670755,Morecillin,Antipsychotic,12,80
T1X124260,Itsstatin,Anticonvulsant,12,150
A27B674237,Aboutin,MuscleRelaxant,12,500
E71C385022,Sevenol,Immunosuppressant,12,135
O75W297854,Especiallyvir,Vitamin,12,70
P90C405776,Beginzepam,Vitamin,12,550
P98P97733,Preventcillin,Antiviral,12,100
M0N784633,Everythingvir,Antipyretic,12,600
N91N925461,Playstatin,Analgesic,12,85
K13K715235,Bestvir,Anticonvulsant,12,55
C53Z578833,Relatestatin,Diuretic,12,95
G28W905211,Occurxone,Antihistamine,12,85
C76P606469,Thisin,Immunosuppressant,12,500
O3E691435,Despiteol,Anticonvulsant,12,250
B63I386215,Whencillin,Respiratory,12,110
P66F412850,Hopexone,Anticoagulant,12,90
S45M122425,Agencyin,Antipsychotic,12,45
E21I129792,Oilcillin,Antifungal,12,300
G9Q164800,Areacillin,MuscleRelaxant,12,400
K98P152096,Paintingcillin,Antidepressant,12,70
O25X736477,Changein,Vitamin,12,120
P48H639876,Manvir,Anti-inflammatory,12,650
M50A767166,Discussionin,Antiviral,12,200
M6U252893,Laterzepam,Vaccine,12,50
B67H68862,Institutionstatin,Antihistamine,12,350
N23Q912356,Finalvir,MuscleRelaxant,12,75
L85X173228,Methodcillin,Vaccine,12,200
H91L102227,Redvir,Analgesic,12,65
Z5I967022,Eitherstatin,Analgesic,12,90
I41R546545,Piecezepam,Antihistamine,12,400
J88S266636,Mrsol,Anticoagulant,12,350
W26J808383,Significantvir,Anti-inflammatory,12,250
O83X533226,Indeedol,Anti-inflammatory,12,100
K49L963412,Takein,Cardiovascular,12,250
L87S114774,Lotol,Diuretic,12,120
G86E580715,Happenol,Antihypertensive,12,110
H53R153710,Intoxone,Antifungal,12,300
A6P711695,Friendvir,Antipyretic,12,85
D52V486715,Listin,Anticoagulant,12,350
H41G56851,Momentvir,Antipsychotic,12,110
S29R61955,Optionstatin,Anticonvulsant,12,85
S37X938598,Cellcillin,Antiviral,12,550
U9P684231,Membervir,Antipsychotic,12,500
T14B16530,Factol,Antidepressant,12,450
S56Z824305,Conferencecillin,Steroid,12,150
J54L103412,Throughoutin,Antipsychotic,12,115
B89W44142,Finallycillin,Immunosuppressant,12,300
G3D492568,Qualitycillin,Antidepressant,12,500
S82X322282,Thesestatin,Anticonvulsant,12,85
T27C925312,Leaderin,Vaccine,12,115
U18G227759,Electionol,Analgesic,12,450
Z95P391151,Optionxone,Antihistamine,12,70
J80J754953,Hospitalcillin,Steroid,12,135
J51V94837,Giveol,Respiratory,12,300
C54F259722,Shortstatin,Anticoagulant,12,95
U47J685650,Listenzepam,Antipyretic,12,300
M19U795795,Yesstatin,Antipsychotic,12,200
M26V105199,Articlein,Immunosuppressant,12,140
L54J820385,Nationcillin,Cardiovascular,12,450
C38U226971,Finishstatin,Antihistamine,12,100
F72N162943,Popularstatin,Anticoagulant,12,120
W29Q551640,Laystatin,Anticoagulant,12,90
Q34L440774,Radiozepam,Anticonvulsant,12,600
X28H798085,Customerin,Antidepressant,12,75
U41U525946,Agentzepam,MuscleRelaxant,12,200
C69C414122,Townol,Antipsychotic,12,110
J25I762972,Alwaysin,Antibiotic,12,400
F61B802064,Governmentcillin,Vaccine,12,50
R15Q33759,Armxone,Antipyretic,12,550
B13W439960,Bevir,Antipsychotic,12,45
H38J325310,Aheadvir,Vaccine,12,75
L7L395453,Bloodxone,Antipyretic,12,450
B12N342453,Otherstatin,Diuretic,12,120
Z59L666534,Drawzepam,Cardiovascular,12,500
U47S558132,Reflectcillin,Antihistamine,12,550
W10Y796090,Sayin,Antihypertensive,12,350
X81I826222,Mentionin,Antibiotic,12,55
H77X545628,Qualitystatin,Antibiotic,12,110
W67H64688,Canxone,Antibiotic,12,65
W90N724113,Ontool,Antihypertensive,12,250
F14G139514,Commercialstatin,Anticoagulant,12,350
C61A750648,Laughstatin,Antiviral,12,650
O38V333979,Millionin,Analgesic,12,450
S41B459045,Beforestatin,Antifungal,12,65
P27W44102,Tencillin,Vaccine,12,200
Z79D345751,Edgein,Antihypertensive,12,400
K1R591223,Reduceol,Vitamin,12,100
Z59Z335386,Travelol,Vitamin,12,115
G44M818350,Seecillin,Antihypertensive,12,650
O55W20366,Internationalvir,Cardiovascular,12,600
O37I380819,Recentvir,Vaccine,12,400
S50Y222126,Fieldstatin,Antibiotic,12,85
V41I942776,Executivezepam,Antipsychotic,12,500
L57P103118,Partvir,Antihistamine,12,600
C28D732268,Niceol,Antihistamine,12,200
Z41E312878,Askxone,Vitamin,12,65
E5Q19062,Moneystatin,Vitamin,12,45
W3H882527,Totalzepam,MuscleRelaxant,12,200
A7F351314,Hopexone,Antipyretic,12,500
U25B323833,Companyin,Respiratory,12,350
W49N128366,Presentol,Anticoagulant,12,105
O31S170190,Wordstatin,Steroid,12,600
K40B982098,Agreementzepam,Respiratory,12,300
M4Z634676,Duringcillin,Antidepressant,12,110
S9K281794,Spendcillin,Antihistamine,12,105
I84F711062,Actcillin,MuscleRelaxant,12,55
Z68F898078,Leastol,Anticonvulsant,12,80
S25V9056,Animalin,Antidepressant,12,250
K58P958824,Benefitxone,Anticonvulsant,12,300
Q69J872132,Debateol,Vaccine,12,65
Y1H779939,Staycillin,Anticonvulsant,12,75
L39C34182,Astatin,Antibiotic,12,300
V47S115804,Boyxone,Cardiovascular,12,200
Y63Y553079,Prepareol,Diuretic,12,400
Y56Y185647,Tripin,Antipyretic,12,60
L58C791284,Degreevir,Diuretic,12,105
W29C686205,Throughstatin,Antihypertensive,12,650
D19X360593,Someonein,Antidepressant,12,600
E2P270693,Candidatexone,Anticonvulsant,12,400
B96Z625686,Authorxone,Analgesic,12,250
A35E51712,Hotelin,Vitamin,12,55
P16A418080,Wellvir,Antidepressant,12,450
U42Q915973,Insidein,MuscleRelaxant,12,600
V87M672710,Tendxone,Antibiotic,12,600
H91T482743,Mainol,Antiviral,12,75
E12F347067,Writezepam,Diuretic,12,550
Z35N930860,Televisionxone,Steroid,12,200
N97L651191,Speakol,Anticoagulant,12,65
W79Q954887,Alwaysvir,Antipyretic,12,65
E91C72127,Cityzepam,Antifungal,12,650
E91I738414,Leadstatin,Respiratory,12,650
J75A151014,Movezepam,Antipsychotic,12,400
U2U75725,Allcillin,Anticoagulant,12,150
Z35A385889,Whitexone,Analgesic,12,115
S35A476083,Coachzepam,Antiviral,12,300
Q74T78646,Throughvir,Antihypertensive,12,400
J21D451937,Admitol,Immunosuppressant,12,100
L4X148088,Badxone,Analgesic,12,250
I48Y511126,Lowzepam,Antibiotic,12,200
U27O267437,Signol,Antipyretic,12,250
W27F32088,Askxone,Respiratory,12,95
A4V299470,Manyvir,Steroid,12,70
Q82I376901,Reducexone,Antibiotic,12,100
Y16Y718236,Whomvir,Analgesic,12,55
D35Q255292,Largecillin,Cardiovascular,12,115
U62X619628,Discoverzepam,Diuretic,12,110
K9F248615,Richol,Antifungal,12,300
D3T340928,Sharezepam,Anticoagulant,12,250
H0E738423,Talkol,Steroid,12,115
E39I823479,Maystatin,Vaccine,12,150
Y43V179925,Occurstatin,Analgesic,12,105
T52F408779,Foodvir,Antiviral,12,300
L36Q667426,Smallvir,Steroid,12,250
L88M875197,Ideaxone,Vaccine,12,80
G68D413740,Bothxone,Steroid,12,95
B80T995638,Collectioncillin,Antihistamine,12,75
W62T449453,Pastcillin,Vitamin,12,300
B54Q696536,Generationcillin,Antiviral,12,450
G92P155447,Seasonvir,Analgesic,12,300
Q23M250613,Treatmentstatin,Analgesic,12,650
E21F603816,Suchin,Antibiotic,12,110
V11W107719,Effortin,Diuretic,12,300
V31H356864,Backin,Vaccine,12,115
Y87U118665,Tendstatin,Antifungal,12,70
C52T131339,Shortcillin,Anticonvulsant,12,300
J29J547476,Managementin,MuscleRelaxant,12,650
K49T980939,Establishstatin,Antiviral,12,80
P86Y933471,Interestin,Analgesic,12,105
C83Y664479,Letterzepam,Vitamin,12,400
G13I843686,Presentxone,MuscleRelaxant,12,55
I22O279363,Preparestatin,Diuretic,12,85
X15C71452,Toostatin,Antipsychotic,12,300
B96N256090,Officercillin,Vitamin,12,200
C35S537243,Twozepam,Analgesic,12,600
K76G109408,Sendzepam,Analgesic,12,65
U53R926218,Skillvir,Cardiovascular,12,75
Y37C225834,Brothervir,Antifungal,12,100
H0P661819,Justcillin,Analgesic,12,80
I93G451191,Prettyzepam,Antiviral,12,400
Z49F187693,Lesscillin,MuscleRelaxant,12,50
A81V33896,Memberzepam,Cardiovascular,12,75
D60M370116,Somestatin,Antipsychotic,12,550
F39T617459,Minutevir,Antifungal,12,200
S62O347115,Fiveol,Vitamin,12,300
F64E559673,Nearlyin,Anticonvulsant,12,130
F10D455027,Effortin,Steroid,12,115
K54I366745,Mindol,Anticonvulsant,12,100
S4H581340,Coupleol,Cardiovascular,12,300
Q32N677387,Foreignin,Immunosuppressant,12,200
U88G907276,Windowstatin,Vaccine,12,300
F25D489543,Eightzepam,Antipsychotic,12,450
P19T840901,Eachin,Antibiotic,12,450
J74C725715,Personin,Antifungal,12,300
N72M487254,Heol,Antidepressant,12,450
T35V307805,Drugzepam,Anti-inflammatory,12,60
G39J896696,Collectionzepam,MuscleRelaxant,12,95
L72L757587,Leftol,Anticoagulant,12,105
R12W900021,Ratherzepam,Antifungal,12,70
X6M759564,Investmentvir,Antihistamine,12,110
W60P487489,Sizecillin,Cardiovascular,12,75
Z71R29085,Actol,Antiviral,12,300
I99U564959,Resultin,Antihypertensive,12,75
O67H902503,Managerxone,MuscleRelaxant,12,115
L99M161354,Starzepam,Diuretic,12,120
O25R164626,Whystatin,Steroid,12,250
X72Y120238,Landcillin,Respiratory,12,600
H69E148917,Manol,Antibiotic,12,300
N68N195348,Workerol,Respiratory,12,65
T21A516180,Findxone,Respiratory,12,55
O56K211213,Stillvir,Respiratory,12,55
P18R362497,Stylevir,Antiviral,12,450
T95L731089,Becomein,Immunosuppressant,12,100
Z56Q920178,Ratecillin,Steroid,12,110
G50N476894,Leadervir,Vitamin,12,350
K47V725816,Specialin,Antipyretic,12,90
A76V29327,Fundxone,Diuretic,12,105
J9R328427,Openzepam,Antipyretic,12,300
E10R265048,Yardin,Anticonvulsant,12,300
I46U537810,Populationcillin,Antifungal,12,400
R23U283,Wifevir,Antipsychotic,12,60
S35W891143,Identifyin,Antifungal,12,120
K21Y29303,Hisvir,Antidepressant,12,250
W6W996176,Speechin,Antipyretic,12,400
L49Y995110,Daughterin,Anticoagulant,12,350
Q12T18007,Somebodystatin,Cardiovascular,12,110
U43A556489,Politicsin,Steroid,12,250
W44T816898,Finecillin,Antihistamine,12,80
M95A670288,Shestatin,Antipyretic,12,300
U80F83627,Returnzepam,Antidepressant,12,80
X61A569505,Firevir,Antidepressant,12,80
Q84A248189,Bexone,Antiviral,12,550
C29R54563,Youngstatin,Antihistamine,12,450
S14W248038,Throwcillin,Antihistamine,12,120
B26N116367,Asvir,Respiratory,12,450
N50E185298,Adultin,Antipsychotic,12,350
R24Z351063,Environmentalin,Antibiotic,12,75
R37N160501,Whileol,Steroid,12,85
V11X749767,Studentol,Antibiotic,12,250
X47D29197,Listenstatin,Vaccine,12,200
H19F106325,Fieldin,Antifungal,12,500
C85M143928,Tablevir,Antipyretic,12,250
U52Q634770,Actioncillin,Antiviral,12,75
R9Q483175,Checkvir,Immunosuppressant,12,75
N33G104507,Hourzepam,Antibiotic,12,150
G81C816200,Opportunityin,MuscleRelaxant,12,70
O78S318296,Dropzepam,Anti-inflammatory,12,500
N57U52500,Kindol,Respiratory,12,90
C38U642973,Nextzepam,Antiviral,12,55
L11R640020,Stopcillin,Vaccine,12,115
X78O75639,Keystatin,Antibiotic,12,105
I77U962223,Surfaceol,Antidepressant,12,115
M25Y583449,Anyxone,Antipsychotic,12,85
X31J341581,Fromcillin,Anticoagulant,12,75
D94P666169,Redol,Diuretic,12,70
U45H296873,Dropvir,Anti-inflammatory,12,65
M31H844188,Participantxone,Anticonvulsant,12,85
D99X47205,Treatcillin,Antidepressant,12,200
W19T945315,Responsestatin,Diuretic,12,350
T95Z902311,Churchzepam,Steroid,12,115
H12Z120847,Sendcillin,Vaccine,12,100
C0A774126,Investmentcillin,Antipsychotic,12,150
P21H313695,Scienceol,Antihypertensive,12,80
X74M880461,Tellxone,Steroid,12,65
O12V422915,Moneyxone,Antihypertensive,12,110
A66I352,Mancillin,Respiratory,12,90
A77C332876,Workxone,Antibiotic,12,105
X27R512261,Organizationstatin,Immunosuppressant,12,120
G65Z395437,Representstatin,Antipyretic,12,300
B22L116132,Groupxone,Analgesic,12,70
F12E45265,Strategyzepam,Respiratory,12,450
W58X153163,Offerol,Anticonvulsant,12,80
X94J400819,Coverstatin,Anti-inflammatory,12,650
R18H288709,Togetherol,Vitamin,12,350
Z89K889304,Thosein,Antihypertensive,12,105
T68V634824,Closexone,Respiratory,12,200
O55A286982,Seemxone,Antihypertensive,12,60
O68E592331,Orderin,Vitamin,12,120
I25X456428,Debatezepam,Antihistamine,12,150
F4N587604,Neverxone,Antipyretic,12,300
S73N39329,Tenin,Anti-inflammatory,12,120
S46V942856,Humanstatin,Vitamin,12,100
I95T135806,Financialxone,Immunosuppressant,12,55
D69Z876442,Rateol,Anticonvulsant,12,200
P93B849138,Staffvir,Analgesic,12,115
W58F670894,Propertyxone,Anticoagulant,12,350
P34S433474,Laststatin,Analgesic,12,550
D64M972507,Stepzepam,Anti-inflammatory,12,150
E52B464860,Growthstatin,Anticonvulsant,12,90
D42U734874,Dreamstatin,Immunosuppressant,12,550
B89Q360322,Familycillin,Analgesic,12,70
V92I294222,Believexone,Anticoagulant,12,350
L97H737529,Picturevir,Antipsychotic,12,95
G88J27764,Agreexone,Anti-inflammatory,12,350
H87X520098,Checkzepam,Antihypertensive,12,55
G11J722802,Realstatin,Antipsychotic,12,70
B1X603893,Walkzepam,Diuretic,12,300
Y46H462968,Believevir,Anti-inflammatory,12,600
N20X220461,Truthol,Antibiotic,12,650
O68H727133,Causexone,Antihistamine,12,120
V58L909473,Intovir,Steroid,12,65
K21Y378645,Standardol,Antipsychotic,12,50
Q99Q237770,Articlecillin,Vaccine,12,55
T31W782430,Roleol,Antidepressant,12,450
N13V618039,Thingol,Antipyretic,12,115
F40D264801,Healthin,Vitamin,12,95
N9C730811,Thein,Antidepressant,12,150
C28K51470,Commercialin,Vitamin,12,300
C87J807769,Samezepam,Anti-inflammatory,12,350
O65F604314,Debatein,Respiratory,12,45
C60P108831,Itin,Antibiotic,12,150
T51N900513,Ballin,Antipyretic,12,400
Q41R503125,Changecillin,Anticoagulant,12,300
L70R409708,Specificvir,Respiratory,12,450
L23X858185,Conferencecillin,Vitamin,12,250
Z59U636611,Relationshipzepam,Respiratory,12,80
S28O265073,Wifevir,Anticonvulsant,12,250
J58V179491,Sectionvir,Diuretic,12,100
U92G248454,Areaol,Antiviral,12,70
E73F677135,Receivein,Antibiotic,12,400
S31W521357,Tradein,Respiratory,12,150
D41V733172,Boyin,Anticonvulsant,12,60
T84E554496,Programol,MuscleRelaxant,12,85
S45I285372,Sonvir,Anti-inflammatory,12,350
T78H374061,Strongstatin,Immunosuppressant,12,150
O70S434575,Riskxone,Antipsychotic,12,350
M59L81460,Possiblezepam,Steroid,12,110
A13B988306,Reducexone,Antihistamine,12,650
W45Z874762,Heartvir,Analgesic,12,75
W33N13432,Aftervir,Anti-inflammatory,12,65
Q53W749339,Productvir,Vaccine,12,120
T86I853022,Truthzepam,Anticonvulsant,12,650
J19O537049,Studentxone,Antiviral,12,250
P57G577205,Realstatin,Analgesic,12,550
V14U110550,Pagexone,Diuretic,12,100
M63H50953,Secondxone,Antipyretic,12,250
K47Z384981,Musicvir,Anti-inflammatory,12,650
V73N866065,Totalstatin,Antihistamine,12,450
L31Y235014,Skillzepam,Diuretic,12,650
W2D223041,Sendxone,Analgesic,12,85
V88N709854,Himselfol,Steroid,12,70
G78F367051,Thenol,Vitamin,12,70
H78L298369,Presidentol,Anti-inflammatory,12,120
C7N197971,Herselfcillin,Antipyretic,12,70
H42R815321,Timestatin,Analgesic,12,500
C47E17201,Fearzepam,Antihypertensive,12,550
T64X117696,Sortstatin,Antihistamine,12,55
O24S863490,Stagexone,Anticoagulant,12,55
F18Y402313,Foreignstatin,Anti-inflammatory,12,150
S61B34669,Networkcillin,Antihypertensive,12,50
B3I610944,Howevervir,Antibiotic,12,95
B41Y801339,Productionvir,Diuretic,12,250
X68S429562,Uscillin,Analgesic,12,350
V91T931979,Fightin,Antipsychotic,12,105
Z78G799657,Popularcillin,Antihypertensive,12,300
J19K593491,Nearlyvir,Antihypertensive,12,55
G10P339558,Himselfin,Diuretic,12,650
Q99Z312828,Thezepam,Antifungal,12,350
O94S373336,Situationzepam,Antipyretic,12,110
C88S895153,Addresszepam,Steroid,12,70
R24X143857,Applyvir,Antiviral,12,600
R55V116548,Seevir,Respiratory,12,600
Y22E271472,Schoolin,Anticonvulsant,12,60
F81A294717,Healthzepam,Immunosuppressant,12,550
E99J392403,Teamstatin,Antibiotic,12,550
B19K764088,Subjectvir,Anticonvulsant,12,100
D73W422255,Managementvir,Vitamin,12,85
S56O832573,Largevir,Anticonvulsant,12,500
G30X993437,Callin,Cardiovascular,12,120
J38K308525,Thankxone,Vaccine,12,70
S1L197352,Majorcillin,Respiratory,12,110
L61R324684,Classcillin,Respiratory,12,500
Y43D565990,Quitestatin,MuscleRelaxant,12,550
Q27V256116,Holdstatin,MuscleRelaxant,12,400
J52L590658,Wouldin,Steroid,12,300
R71F321419,Thingstatin,MuscleRelaxant,12,75
I66G347308,Boyxone,Immunosuppressant,12,75
T91Q208081,Otherszepam,Vaccine,12,60
R11Q499256,Freein,Vitamin,12,350
L68F564380,Justvir,Cardiovascular,12,300
P61N207030,Somethingzepam,Antidepressant,12,400
V20I195811,Bloodxone,Analgesic,12,105
C56B854294,Yeszepam,Immunosuppressant,12,350
D27A296784,Byvir,Antidepressant,12,400
S47E459281,Changeol,Vitamin,12,450
K68W343853,Eventvir,Anticonvulsant,12,450
T9N233371,Centurycillin,Antihypertensive,12,95
W66E199509,Everin,Antihypertensive,12,300
G35X766097,Largeol,Cardiovascular,12,650
E48K928525,Sourcezepam,MuscleRelaxant,12,150
Y85Z752780,Suffercillin,Respiratory,12,115
O72Y21589,Performin,Vitamin,12,550
C8Q514215,Teamin,MuscleRelaxant,12,250
S7X793643,Fishstatin,Antidepressant,12,350
P75Y478525,Forgetvir,Antipyretic,12,300
E99D113986,Entirein,Antifungal,12,350
D50X675230,Leavecillin,Anti-inflammatory,12,300
J16L119277,Healthstatin,Antipyretic,12,70
Z71L654612,Troublevir,Antihypertensive,12,450
T99A711638,Sellstatin,Steroid,12,55
J14H451983,Placevir,Vitamin,12,145
J78Q351029,Streetvir,Steroid,12,90
Q26N639337,Analysisstatin,Diuretic,12,65
D32I740418,Oncecillin,Anti-inflammatory,12,125
I71K630632,Actcillin,Antiviral,12,500
N48L438119,Insidezepam,Antibiotic,12,500
L43A630992,Societystatin,Antifungal,12,250
N34P997912,Discusszepam,Antiviral,12,50
W82W241675,Alwaysol,Vitamin,12,120
N27C267015,Startin,Respiratory,12,300
N93Y314389,Futurein,Antihypertensive,12,350
E61F4475,Strongcillin,Cardiovascular,12,60
P11W96446,Morecillin,Antihypertensive,12,450
I24C638073,Chairxone,Antidepressant,12,50
M67U609077,Knowin,Vaccine,12,105
C93M340366,Crimein,Antihypertensive,12,300
E49N749556,Adultzepam,Diuretic,12,85
U98N210473,Discoverol,Antihypertensive,12,95
I79I389186,Heartvir,Analgesic,12,120
R42S296259,Theoryin,Diuretic,12,350
Q4E663113,Kitchenin,Cardiovascular,12,85
N87M880018,Wincillin,Respiratory,12,50
L61M438958,Storycillin,Steroid,12,150
Q14A123977,Hugevir,Antipsychotic,12,400
S81O782071,Putvir,Immunosuppressant,12,60
R27Q661837,Usvir,Antipyretic,12,400
D74X717417,Analysisstatin,Antifungal,12,75
B85V356851,Seemin,Antifungal,12,80
H7W419882,Growthxone,Immunosuppressant,12,300
E99K776337,Fewcillin,Antidepressant,12,150
P17O820776,Latestatin,Antipyretic,12,140
R34E884703,Governmentstatin,Antihistamine,12,130
Z74Y973604,Girlstatin,Vitamin,12,300
B40T306000,Sciencexone,Antifungal,12,650
A55C485080,Investmentcillin,Antiviral,12,200
G17Y265862,Languagein,Antiviral,12,400
W6A366019,Performzepam,Anti-inflammatory,12,650
Z5Y998314,Addol,Immunosuppressant,12,125
O47L395472,Westzepam,Anti-inflammatory,12,200
S41G44012,Treeol,Antihypertensive,12,350
C65J913193,Stepin,Anticoagulant,12,105
O42E814509,Patterncillin,Anticonvulsant,12,300
A58C498845,Specialxone,Anticonvulsant,12,50
X84R24990,Thousandol,Antifungal,12,55
Y14R109621,Suddenlycillin,Steroid,12,115
Z32N85968,Testin,MuscleRelaxant,12,450
Z53D357136,Thanin,Steroid,12,55
H84G350286,Teachcillin,Analgesic,12,200
O72G964127,Notecillin,Analgesic,12,250
T13Y995582,Lesszepam,Analgesic,12,350
D13G398216,Coursevir,Antiviral,12,300
E26F388532,Commercialxone,Analgesic,12,300
K57F10730,Feelzepam,Respiratory,12,300
F95U114263,Phonestatin,Antiviral,12,650
F25A903116,Redvir,Antihistamine,12,200
W81R843705,Increasein,Vitamin,12,115
W37T259384,Someonein,Steroid,12,250
J65P944504,Internationalin,Antihistamine,12,300
Q11K184737,Redcillin,Antihistamine,12,200
C68R129998,Politicsxone,Antiviral,12,50
P15Z916556,Surestatin,Antihistamine,12,450
T69Y498218,Resourcexone,Steroid,12,115
E88C695995,Ratherxone,Antipsychotic,12,75
P26G31851,Readyxone,Analgesic,12,50
O43V143109,Beol,MuscleRelaxant,12,70
M83T177363,Tocillin,Cardiovascular,12,600
Q0R72110,Roomzepam,Respiratory,12,115
E25D889655,Waterzepam,Vaccine,12,650
T1G685653,Representxone,Steroid,12,95
H83L277918,Preparezepam,Respiratory,12,80
Y81G345589,Cameraxone,Antihypertensive,12,650
G39M905290,Richstatin,Anticoagulant,12,95
N11W833033,Axone,MuscleRelaxant,12,500
E70S390751,Humanin,MuscleRelaxant,12,400
X0N976593,Abovevir,Anti-inflammatory,12,650
K1M898527,Drawxone,Antifungal,12,75
U72B151801,Okstatin,Vitamin,12,550
E30J771311,Sonin,Antipsychotic,12,450
G75B752287,Ourin,Antipyretic,12,300
F63U248200,Commercialcillin,Vitamin,12,80
B89M314204,Gasstatin,Antihistamine,12,120
U93L249208,Againstatin,Cardiovascular,12,105
S21S850956,Timeol,Anti-inflammatory,12,200
U8B314791,Suddenlyin,Antihistamine,12,500
P35C182599,Flyol,Analgesic,12,550
H74Q142057,Naturalcillin,Antifungal,12,105
Y5Z846386,Customervir,Respiratory,12,120
B39Y547850,Coursexone,Antipsychotic,12,120
P26X657280,Dogcillin,Anticoagulant,12,200
W12O338433,Shouldxone,Immunosuppressant,12,250
R26X677574,Planol,Anticonvulsant,12,60
L89M750911,Agentcillin,Antiviral,12,100
D45Z287003,Deepcillin,Antidepressant,12,65
C46T620777,Widein,Antiviral,12,650
A64K95072,Fivein,Antiviral,12,300
D5N389324,Commonzepam,Antidepressant,12,250
G41R748182,Popularin,Diuretic,12,600
B85R460017,Choiceol,Respiratory,12,350
X32B328776,Reachzepam,Anti-inflammatory,12,600
F85C402177,Performstatin,Antihypertensive,12,300
L69X957220,Tendcillin,Antifungal,12,400
J86S118281,Sufferstatin,Cardiovascular,12,80
Y15Z869630,Authorityxone,MuscleRelaxant,12,80
W34A870163,Determinein,Antihistamine,12,150
M90J804045,Wishcillin,Anti-inflammatory,12,600
I40T536507,Specialxone,MuscleRelaxant,12,300
T26R68880,Accordingxone,Immunosuppressant,12,95
F59L817936,Againxone,Antihypertensive,12,55
P52L163404,Policecillin,Steroid,12,50
I32D74674,Suchol,Antifungal,12,250
U93I403301,Imagineol,Anticoagulant,12,200
I20T734700,Unitxone,Antidepressant,12,300
H2R769342,Gunzepam,Diuretic,12,55
R51O609870,Keepzepam,Antibiotic,12,300
E64N70670,Explainstatin,Antipsychotic,12,45
J69F953972,Quitecillin,Diuretic,12,100
T50U333936,Politicscillin,Steroid,12,85
C69L906685,Eventxone,Steroid,12,500
S79L741050,Addresscillin,Vitamin,12,75
R37W364413,Foodstatin,Analgesic,12,500
Q45T150460,Butxone,Analgesic,12,70
M78S16683,Doxone,Antibiotic,12,80
E3D693379,Partyol,Antihypertensive,12,550
J67L5731,Courtxone,Antibiotic,12,150
N83X622088,Mainxone,Steroid,12,300
J47Q755260,Soonzepam,Antiviral,12,350
X45W540450,Purposeol,MuscleRelaxant,12,550
T88F402128,Provideol,Immunosuppressant,12,300
V50D943403,Commonvir,Respiratory,12,85
V93K381102,Sortxone,Vitamin,12,300
G49B276080,Deepzepam,Antiviral,12,650
M82Q12261,Closecillin,Respiratory,12,95
E28I78350,Othersvir,Antidepressant,12,250
E85W422234,Addxone,Respiratory,12,300
W33N903778,Todaystatin,Vitamin,12,55
U41S758449,Herein,MuscleRelaxant,12,50
O96B423543,Behindstatin,Diuretic,12,55
C18S850887,Sidestatin,MuscleRelaxant,12,85
C94Z970874,Attackzepam,MuscleRelaxant,12,650
R95O275077,Simplycillin,Antihistamine,12,75
I80H96397,Restxone,Respiratory,12,65
V91S510018,Continuestatin,Diuretic,12,105
B62P831990,Rangestatin,Anticoagulant,12,200
F57K319330,Plantxone,Immunosuppressant,12,100
B40P98556,Securityol,Antiviral,12,45
V55X230543,Whitexone,Antifungal,12,100
Z46T206443,Handcillin,MuscleRelaxant,12,100
X41J770914,Goodol,Cardiovascular,12,300
E70I748787,Companyol,Immunosuppressant,12,650
S90C489867,Millioncillin,Antihistamine,12,500
K61C958914,Degreestatin,Analgesic,12,500
G96M615187,Aheadin,Antiviral,12,400
W33T180799,Treatmentin,Vaccine,12,100
T61N500226,Yeahxone,Antifungal,12,600
N13S556794,Unitzepam,Anticonvulsant,12,200
K36C767161,Sharevir,Antiviral,12,200
S76V981174,Halfstatin,Antihistamine,12,95
X35X109152,Realzepam,Steroid,12,400
R26E39539,Hundredvir,Anti-inflammatory,12,550
G21O396890,Handol,Steroid,12,200
O8B616262,Joinstatin,Antipyretic,12,550
F33V165177,Easystatin,Cardiovascular,12,550
R60B155059,Longxone,Antihistamine,12,550
F33M295475,Mustcillin,Antifungal,12,90
G80Y692738,Uponin,Antifungal,12,300
C12A203701,Citizenstatin,Antidepressant,12,500
K91R583503,Redin,Anti-inflammatory,12,400
H20G9764,Windin,Vitamin,12,120
V87S744042,Directorin,Anti-inflammatory,12,50
F36S983860,Planvir,Analgesic,12,450
N87W155533,Establishol,Antihistamine,12,500
N42M489505,Environmentol,Vaccine,12,200
C4I634715,Campaignvir,Immunosuppressant,12,500
U98S143976,Wonderstatin,Antipyretic,12,90
G49Z946410,Behindxone,Anti-inflammatory,12,550
N38Y311646,Leavexone,Steroid,12,130
J76G79625,Conferencecillin,Cardiovascular,12,120
Y4H908463,Abilitystatin,Anticonvulsant,12,450
V61H701449,Accordingin,Antipsychotic,12,200
C45U12014,Commercialvir,Antibiotic,12,150
D22N138142,Changecillin,Diuretic,12,600
Z23D412019,Bothzepam,Antihistamine,12,300
R53O605921,Speechxone,Antihistamine,12,50
A28X56567,Roomxone,Antipsychotic,12,120
S25V806460,Thoughtxone,Antipsychotic,12,95
W21M890139,Childin,Antifungal,12,300
Y23J69852,Managezepam,Diuretic,12,500
T5O199778,Roomstatin,Anticonvulsant,12,125
C44N506642,Economyxone,Antifungal,12,90
M1G680902,Guesszepam,Anticoagulant,12,150
S85O454091,Memoryin,Respiratory,12,250
J27U210509,Whoxone,Immunosuppressant,12,650
R47G657356,Actvir,Antihypertensive,12,200
E10W601907,Missxone,Anticoagulant,12,250
R62I692191,Managerxone,Analgesic,12,50
K50H857643,Onein,Vaccine,12,65
B5H633441,Staystatin,Antipyretic,12,100
I73G325994,Audiencexone,Antidepressant,12,50
E43X83437,Whatol,Vitamin,12,400
D40V73724,Forceol,Anticonvulsant,12,95
A65H953608,Waitvir,MuscleRelaxant,12,500
Y43X247698,Methodcillin,Diuretic,12,350
K10E978854,Whomzepam,Antifungal,12,50
R97T961893,Applyxone,Anticonvulsant,12,650
P21H900863,Institutionxone,Diuretic,12,80
F96R112294,Oilxone,Respiratory,12,145
Y47B79353,Publicstatin,Vitamin,12,250
N29P181204,Americanxone,Anticoagulant,12,115
S94A194494,Simplyvir,Antiviral,12,300
T63L140453,Sufferstatin,Antihistamine,12,650
S88C264045,Bloodcillin,Anti-inflammatory,12,250
F5Z723902,Treatmentzepam,Steroid,12,650
H64Y749165,Speechin,Antibiotic,12,110
E50V619986,Whozepam,MuscleRelaxant,12,75
Y43E388558,Chairin,Anti-inflammatory,12,400
P92B806504,Gamein,Analgesic,12,90
Y86R559652,Necessaryin,Antifungal,12,650
B58K291229,Muchol,Antiviral,12,300
U60H744770,Majorcillin,Antihistamine,12,95
K2B528415,Coursestatin,Respiratory,12,80
P41Z908143,Educationol,Analgesic,12,300
N28M656997,Monthol,Antidepressant,12,650
N53T13246,Includestatin,Steroid,12,350
Y80S4167,Whilecillin,Diuretic,12,650
K30E323151,Footol,Anti-inflammatory,12,250
S93O736512,Countryol,Vaccine,12,60
O29P905013,Unitxone,Respiratory,12,450
E53N568727,Easyzepam,MuscleRelaxant,12,120
X44G983630,Howevercillin,Antidepressant,12,650
V4Q587181,Helpzepam,Antifungal,12,105
O42J483070,Youvir,Analgesic,12,500
I39D368208,Mayxone,Antihistamine,12,300
K52O240361,Handin,Antifungal,12,300
A95L517508,Paperol,Respiratory,12,95
D89L888424,Votexone,Antiviral,12,500
X71S228278,Overxone,Anticoagulant,12,60
X33K738823,Communityol,Vaccine,12,200
B0V201087,Towardstatin,Respiratory,12,250
R62N53090,Accountin,Antifungal,12,300
L92O593364,Systemcillin,Steroid,12,300
S65A272005,Sistervir,Antifungal,12,65
W35H32204,Weightol,Antiviral,12,600
X60F252759,Writerstatin,Steroid,12,300
E29V386332,Republicanstatin,Antihypertensive,12,400
G82Y541281,Moneyxone,Antipyretic,12,350
N8W655456,Articlestatin,Analgesic,12,150
W98Q398916,Getxone,Vitamin,12,150
Q74X498592,Mightzepam,Antihistamine,12,150
Q10H242468,Importantxone,Respiratory,12,300
O31P851482,Followstatin,Vitamin,12,300
D15Y82823,Goalol,Analgesic,12,80
T6D510656,Typevir,Diuretic,12,450
Y50I329677,Programxone,Antipyretic,12,200
T44X223738,Howevervir,MuscleRelaxant,12,150
Q82G606318,Electioncillin,Analgesic,12,500
C68D155414,Dropstatin,Vitamin,12,350
O86Y213510,Agreevir,Cardiovascular,12,60
L16Z82896,Tryol,Antidepressant,12,200
W64R200111,Forwardin,Antidepressant,12,50
A38Y421947,Andzepam,Antiviral,12,55
M23S201592,Callcillin,Respiratory,12,95
J43C437648,Anythingstatin,Immunosuppressant,12,150
L88P813880,Hourin,Antifungal,12,85
P54L398575,Relationshipstatin,Antidepressant,12,450
N84I877054,Oilcillin,MuscleRelaxant,12,115
Y89L691966,Withinin,Antipyretic,12,300
F25L43436,Similarxone,Antiviral,12,90
S68B629814,Buildingol,Antidepressant,12,600
Y83S457386,Officervir,Antidepressant,12,200
K64F244375,Brothercillin,Respiratory,12,85
C33U268554,Hitxone,Anti-inflammatory,12,600
Z10W980792,Congressvir,Analgesic,12,65
B1A896746,Pervir,Antifungal,12,650
A29Z561856,Needstatin,Analgesic,12,150
U65F949486,Successfulvir,Steroid,12,90
M3E612121,Centervir,Anti-inflammatory,12,55
R77R289809,Timezepam,Steroid,12,600
D17D190346,Positivecillin,Analgesic,12,75
E49Z246523,Trueol,Anti-inflammatory,12,95
H51Z369926,Fewstatin,Antiviral,12,400
O90B30765,Hearstatin,Antihistamine,12,105
N0Q587967,Considerzepam,Antifungal,12,150
P78P908505,Causexone,MuscleRelaxant,12,50
V60I786862,Toughvir,MuscleRelaxant,12,450
D64Y50157,Lightzepam,Respiratory,12,120
M91U609555,Recognizezepam,Diuretic,12,600
T27Q487054,Tenin,Analgesic,12,55
C55I909684,Carxone,Steroid,12,70
O77U143649,Individualol,Antifungal,12,50
M50B781293,Centerin,Antibiotic,12,350
S75H988808,Bothcillin,Antiviral,12,80
Z76F879033,Seemin,Cardiovascular,12,115
W76D183377,Returnzepam,MuscleRelaxant,12,100
M11C263093,Nationin,Analgesic,12,250
J97W532106,Bothcillin,Anticonvulsant,12,90
M93B611742,Taxol,Cardiovascular,12,200
G81P600389,Readystatin,Antihistamine,12,300
J41E144641,Dovir,Immunosuppressant,12,600
M16K550121,Onlyol,Respiratory,12,500
B95W814234,Revealin,Diuretic,12,80
S98U727202,Stockcillin,Antibiotic,12,650
A32C774549,Rateol,Antifungal,12,200
F38V189543,Treatmentcillin,Anticonvulsant,12,650
U61B98644,Thesevir,MuscleRelaxant,12,200
S56D192611,Scientistvir,Vitamin,12,75
C7Q690826,Ideavir,Antiviral,12,65
W23A854683,Authoritycillin,Antibiotic,12,140
F45F74654,Tradestatin,Antiviral,12,70
C6Q643967,Playzepam,Antihypertensive,12,450
T93Q706027,Deepin,Analgesic,12,115
W81Q77546,Tablezepam,Antipsychotic,12,250
Z48G464289,Developcillin,Antidepressant,12,120
Q18K415865,Economicin,Cardiovascular,12,60
D78W542912,Patternin,Immunosuppressant,12,70
S65V907494,Environmentalcillin,Respiratory,12,300
K70C499971,Positivein,Respiratory,12,150
M84P427457,Considerstatin,Antibiotic,12,95
X80U160200,Boyin,Immunosuppressant,12,250
M12J616804,Facexone,Antibiotic,12,80
A59F689549,Enjoyxone,Cardiovascular,12,600
K16O609652,Probablyol,Respiratory,12,400
L73J625149,Simplestatin,Anti-inflammatory,12,650
R61B33315,Currentol,Diuretic,12,75
E57J32035,Powervir,Analgesic,12,300
G87N14461,Coursestatin,Antifungal,12,300
D7G198412,Whatcillin,Antipyretic,12,450
X47L501040,Pastvir,Steroid,12,350
O72H962245,Veryin,Respiratory,12,450
G91Z631476,Herselfcillin,Vitamin,12,600
L23Q692206,Feelingcillin,Antihypertensive,12,90
E41M2425,Cancillin,Antihistamine,12,80
V35C681490,Arguevir,Respiratory,12,400
T62A81945,Lightin,Antipyretic,12,105
T8Y288495,Tonightin,Analgesic,12,105
J71M310860,Leftin,Respiratory,12,55
X62I774053,Statementxone,MuscleRelaxant,12,75
M59A929209,Sometimescillin,Steroid,12,55
F27E530822,Southvir,Antiviral,12,50
I21L875323,Soldierin,Antidepressant,12,60
W43A662157,Understandvir,Steroid,12,300
M11A552283,Havecillin,Antidepressant,12,105
N98A564972,Tooin,Anti-inflammatory,12,150
W77L615817,Knowledgezepam,Antifungal,12,550
U6B953543,Treatmentol,Vitamin,12,300
H50X237988,Collegexone,Cardiovascular,12,50
E10U776463,Reportcillin,Steroid,12,90
K1Y901486,Increasein,Analgesic,12,65
I63G577997,Powerstatin,Antipsychotic,12,65
H44L808387,Authoritycillin,Antipyretic,12,150
S51S827292,Presentol,Antidepressant,12,55
U44O12342,Havecillin,Steroid,12,110
Q46D741432,Paintingzepam,Anticonvulsant,12,550
A51Y590950,Breakin,Steroid,12,650
Y33T597608,Itol,Anti-inflammatory,12,500
C62A679703,Informationxone,Antifungal,12,70
T47H715032,Ablestatin,Anti-inflammatory,12,100
E90J700341,Personalxone,Anticonvulsant,12,350
Y13K791426,Mediaol,Analgesic,12,100
Q82Z270588,Chairzepam,Diuretic,12,80
B83L254965,Companyol,Anti-inflammatory,12,550
D46E871700,Lastzepam,Antifungal,12,50
S77N446671,Companycillin,Antibiotic,12,90
N72P891187,Ratestatin,Steroid,12,100
O24B914993,Attentionstatin,Immunosuppressant,12,70
C6N840252,Signzepam,Analgesic,12,65
W2U334941,Heartcillin,Antihistamine,12,650
R19C366166,Saveol,Vaccine,12,600
K10J456104,Sellvir,Diuretic,12,95
U29R845667,Kindxone,Cardiovascular,12,115
O26A679327,Answerxone,Antibiotic,12,45
Z14L607510,Analysisol,Respiratory,12,650
O68W282880,Barxone,Antipsychotic,12,55
Q18Y985260,Couldol,Antifungal,12,500
X32X932510,Considerin,Anti-inflammatory,12,75
A36S452727,Nationstatin,Antihistamine,12,200
H72R421750,Livexone,Antihypertensive,12,150
F62M116783,Allowstatin,Antifungal,12,60
V57F113041,Scenezepam,Steroid,12,650
V11O820079,Cardstatin,Cardiovascular,12,120
V80R334781,Eyexone,Antidepressant,12,80
Z39N302065,Methodin,Antihypertensive,12,95
S83C104121,Endzepam,Anticoagulant,12,75
B52C45428,Eachxone,Antihistamine,12,550
M11G550812,Treatmentstatin,Antiviral,12,55
X70G603790,Protectxone,Antidepressant,12,550
V24R14089,Decadecillin,Antidepressant,12,400
A78O734986,Schoolvir,Anti-inflammatory,12,90
J8M689807,Mediain,Diuretic,12,110
H19R563169,Situationol,Vitamin,12,75
D35E662407,Specialol,Anticoagulant,12,55
T7Q44569,Canin,Anti-inflammatory,12,150
U26W750681,Resourcein,MuscleRelaxant,12,50
U71G318345,Racevir,MuscleRelaxant,12,350
C84H314725,Closeol,Antibiotic,12,150
G0V958001,Authorxone,Antihistamine,12,150
K76X121827,Politicalin,Anticoagulant,12,300
B88O903779,Womanin,Antifungal,12,450
L22U595401,Ageol,Diuretic,12,300
A99X20214,Endin,Steroid,12,120
S38U873668,Mrsstatin,Antipyretic,12,90
K83Y162816,Toin,Anti-inflammatory,12,350
K49O425079,Izepam,Antiviral,12,300
V50Z488272,Buildingin,Vaccine,12,450
B15Z518674,Takexone,Analgesic,12,450
R85F957525,Stillxone,Vitamin,12,450
Y91J167029,Groundin,Anti-inflammatory,12,95
U88L148131,Suddenlyin,Anticonvulsant,12,300
T43A953811,Messagezepam,Anti-inflammatory,12,550
X65W467691,Groupin,Steroid,12,550
N88M298073,Threezepam,Anti-inflammatory,12,55
T43X859855,Namein,Antiviral,12,150
Y90X371480,Theoryvir,Antihistamine,12,110
K99V291154,Wishol,Steroid,12,650
D45F72047,Physicalstatin,Vitamin,12,120
X54X107185,Includingin,MuscleRelaxant,12,150
Q7N596950,Treatxone,Anti-inflammatory,12,100
Q42A401804,Aroundol,Analgesic,12,85
L59U718515,Anyonevir,Antidepressant,12,250
B61O248924,Inol,Vaccine,12,650
R20L37919,Foodvir,Antipsychotic,12,120
P68X469557,Attentionol,Analgesic,12,105
X59Q162750,Materialxone,Diuretic,12,300
V1E135363,Fundin,Anticonvulsant,12,85
P85G642106,Meetstatin,Immunosuppressant,12,60
W77U736448,Shoulderstatin,Antiviral,12,450
R36X753592,Managementvir,Vaccine,12,250
P87S794210,Pressurexone,Antihistamine,12,400
E96Z180296,Mrin,Vitamin,12,150
G42A535716,Thirdstatin,Vitamin,12,150
F54X294306,Reallycillin,Antiviral,12,135
F70J35837,Willol,Anticonvulsant,12,550
F74L588984,Yeszepam,Antidepressant,12,600
O82I404051,Othersxone,Cardiovascular,12,65
H78Q615201,Earlystatin,Anticoagulant,12,550
R7G568609,Aroundstatin,Antihypertensive,12,150
A78V146764,Skinxone,Antiviral,12,550
I68C501611,Stuffvir,Vaccine,12,65
C23I96875,Weightxone,Antidepressant,12,300
F33H379909,Believeol,Cardiovascular,12,600
P36T640158,Levelxone,Cardiovascular,12,300
Q74S147745,Gunvir,Antihistamine,12,300
A84Z307001,Ownercillin,Anticoagulant,12,350
O94H848999,Thingvir,Immunosuppressant,12,600
N74Z742248,Preparestatin,Antiviral,12,95
Q73E330183,Providezepam,Antibiotic,12,55
E43D321394,Himvir,Antihistamine,12,450
A32G675038,Carcillin,Analgesic,12,80
R52W414393,Feelin,Anticonvulsant,12,550
P27Z557494,Firmzepam,Anticonvulsant,12,450
D94T200663,Billioncillin,Anticonvulsant,12,150
L33R502360,Patternstatin,Anticoagulant,12,600
V97U142989,Authorityvir,Antiviral,12,70
Z45A107245,Stayin,Anticoagulant,12,115
F4C399637,Nearcillin,Analgesic,12,100
R79C953840,Partcillin,Antidepressant,12,75
I22Q24924,Tendxone,Analgesic,12,70
R13V667536,Myselfvir,Antipyretic,12,100
E79D614424,Discussionzepam,Antihypertensive,12,350
P9A940886,Marriagestatin,Antipyretic,12,250
Y1P259636,Materialstatin,Antihypertensive,12,100
B60G93291,Happencillin,Anti-inflammatory,12,50
D97B647663,Exactlyvir,Antiviral,12,550
G63Y451188,Truthol,Antiviral,12,120
O4D113585,Entirexone,Vaccine,12,200
R3Y185994,Benefitin,Respiratory,12,120
D53W527724,Colorzepam,Vaccine,12,300
W83E289127,Peoplecillin,Anticoagulant,12,300
W13X750357,Smilecillin,MuscleRelaxant,12,85
T92O62911,Willxone,Antibiotic,12,350
G54Q484456,Skincillin,Antipsychotic,12,90
I62E949327,Numberxone,Antiviral,12,650
W70V751998,Finallyzepam,Antipsychotic,12,145
W91P462304,Wearstatin,Vitamin,12,450
B39G140728,Managerstatin,Steroid,12,55
U79J767390,Towardxone,Antidepressant,12,150
N77B873541,Theyzepam,Antidepressant,12,90
T25E63143,Groundstatin,Antihistamine,12,250
B16P693259,Attorneycillin,Steroid,12,500
Z65H944890,Militarystatin,Antipyretic,12,300
H20R849941,Alreadyol,Antidepressant,12,350
N29X580610,Samecillin,Antidepressant,12,100
L58T480383,Guyin,Antiviral,12,450
L34F221218,Addstatin,Antihistamine,12,150
Z61Y221445,Significantcillin,Vaccine,12,50
L33M37869,Outcillin,Vitamin,12,650
J80P55282,Talkzepam,Cardiovascular,12,75
L72D238723,Personin,Antifungal,12,400
V17U851304,Sincezepam,Antibiotic,12,115
R74B282748,Medicalstatin,Antibiotic,12,75
R43G118391,Sharexone,Anticoagulant,12,100
S37R7928,Eyezepam,Antiviral,12,85
F4I607013,Checkxone,Steroid,12,55
W67G35631,Eaststatin,Antihistamine,12,105
Q56S691594,Scenevir,Vaccine,12,350
K7A785858,Keepcillin,Antihypertensive,12,65
S56Y789962,Easyxone,Steroid,12,60
F83Z230678,Speechzepam,Respiratory,12,75
B84B589003,Recentcillin,Antipyretic,12,150
Z27U937535,Provexone,Antihypertensive,12,150
N79U876347,Truexone,Diuretic,12,300
S80C726451,Addresscillin,Antihistamine,12,300
K87U847387,Challengevir,Antiviral,12,60
L57U15029,Wonderxone,Analgesic,12,80
L31U974874,Officialvir,Analgesic,12,550
J55B994046,Memberin,Anticonvulsant,12,250
D42M768601,Arguein,Vitamin,12,120
J70K616953,Afterol,Anticoagulant,12,200
U75A485059,Customercillin,Antifungal,12,550
N46Z675898,Untilcillin,Anticoagulant,12,400
B80O966876,Tonightstatin,Immunosuppressant,12,200
Z6Z575541,Marketol,Antidepressant,12,400
M41I887502,Despitestatin,Antifungal,12,95
P46A814552,Sellzepam,Antipyretic,12,55
Q39G511611,Hourol,Antifungal,12,400
J43T956214,Analysisol,Anticonvulsant,12,600
A41Y107028,Abilityin,Immunosuppressant,12,85
G87Q945109,Hospitalstatin,Antiviral,12,150
C41W321513,Positiveol,Antihypertensive,12,500
S21J393793,Eastxone,Antifungal,12,65
A2U922141,Shakezepam,Steroid,12,550
S33G500400,Industryin,Anti-inflammatory,12,550
W72F515813,Dealstatin,MuscleRelaxant,12,150
Y23B595796,Cellzepam,Vaccine,12,90
M31V755154,Facecillin,Respiratory,12,200
M34V697276,Simplyvir,Immunosuppressant,12,115
J34F37655,Floorin,Antihistamine,12,300
A50J1386,Hardstatin,Antihistamine,12,500
D54B264206,Thesein,Antipsychotic,12,200
I56J768280,Becausevir,Antipsychotic,12,300
K5B885209,Sufferzepam,Vaccine,12,300
J36K969017,Smilecillin,Anticoagulant,12,150
W59G637811,Allowvir,Anti-inflammatory,12,200
N93J53454,Chancezepam,Anti-inflammatory,12,125
V68Q90166,Thirdvir,Antiviral,12,115
W33V428236,Sixin,Anticoagulant,12,500
A30C636356,Lightvir,Cardiovascular,12,300
T95V162054,Joinol,Cardiovascular,12,400
Q80D965147,Industrycillin,Vitamin,12,55
P31K41011,Naturalstatin,Antipyretic,12,600
F57Y860199,Downzepam,Respiratory,12,95
V32G841385,Includingxone,Cardiovascular,12,350
S24F350730,Mightcillin,Antihistamine,12,70
I15T954836,Supportin,Immunosuppressant,12,65
J76K730969,Runcillin,Antipsychotic,12,120
S22N473317,Sortstatin,Steroid,12,150
Q48Z27901,Fearzepam,Vitamin,12,50
J64M857020,Yeahxone,Antidepressant,12,105
X60C749801,Firestatin,Antihistamine,12,80
L59U24923,Farvir,Antihistamine,12,100
N95Q139378,Learnxone,Antibiotic,12,500
S36Z932190,Underzepam,Anti-inflammatory,12,75
E48N310684,Eveningxone,Anticoagulant,12,300
H47Y684607,Insideol,Analgesic,12,50
F2Q194077,Othersol,Antipyretic,12,200
F18I988517,Strongol,Anticonvulsant,12,650
X74M577028,Notzepam,Antipsychotic,12,200
U36K937077,Feelingvir,MuscleRelaxant,12,135
B86V553332,Whovir,Anticoagulant,12,60
E4U773445,Filmin,Antihistamine,12,125
B17I366293,Provexone,Vaccine,12,120
J40W916163,Althoughvir,Analgesic,12,90
N70Z36510,Lastxone,Antiviral,12,110
R50S518090,Nationstatin,Anticonvulsant,12,100
W30B128558,Collegein,Anti-inflammatory,12,65
N29P950348,Educationvir,Anticoagulant,12,105
L51P470,Bankzepam,Analgesic,12,70
A87E443649,Technologyol,Analgesic,12,50
M92B749748,Processvir,Respiratory,12,115
R22Y657568,Speechvir,MuscleRelaxant,12,75
F32U686247,Wellvir,Antihistamine,12,65
B26H999184,Futurecillin,Diuretic,12,150
Y87B516487,Wifeol,Antiviral,12,300
C68G601332,Sectionstatin,MuscleRelaxant,12,110
J82N869043,Farzepam,Steroid,12,50
I32N228539,Checkin,Anti-inflammatory,12,140
E49Q973515,Analysisstatin,Anticoagulant,12,50
R76S401470,Interestingin,Anti-inflammatory,12,300
L8Z399893,Whosezepam,Anti-inflammatory,12,550
P62B522772,Greatzepam,Antipsychotic,12,100
G13B896140,Partystatin,Respiratory,12,95
Z17S391772,Capitalcillin,Respiratory,12,550
V76Z235300,Seekcillin,Steroid,12,350
P96N929393,Learnvir,Steroid,12,80
D98X777495,Mindxone,Steroid,12,60
P56O503625,Schoolol,Antihypertensive,12,600
W9P273764,Actuallystatin,Antibiotic,12,600
Q36R932215,Toovir,Respiratory,12,150
E53N968103,Paperol,Antiviral,12,100
F60J195962,Goodstatin,Antidepressant,12,120
U44F674800,Understandstatin,Analgesic,12,95
D90T20803,Watchxone,MuscleRelaxant,12,95
S43P676196,Avoidxone,Vaccine,12,120
D44W207314,Prepareol,Analgesic,12,550
N36H392250,Everybodyin,Antibiotic,12,145
U88S292821,Opportunityzepam,Immunosuppressant,12,70
E60H758986,Millionstatin,Antipsychotic,12,75
G20Q411350,Gardenin,Antihistamine,12,150
N6M519380,Eventstatin,Vaccine,12,200
G13O784945,Sevenzepam,MuscleRelaxant,12,550
C85Q166937,Latestatin,Antibiotic,12,60
P96W254696,Almostxone,Antiviral,12,200
O11L2363,Technologyvir,Vaccine,12,200
R91B479506,Risestatin,Diuretic,12,500
H86C73915,Kindvir,Vaccine,12,90
W3Q125340,Toughstatin,Steroid,12,85
P56U52983,Eitherstatin,Antihypertensive,12,200
F27X890296,Articlexone,Analgesic,12,65
Q22C957034,Regionol,Antibiotic,12,60
L31J898781,Studycillin,Vitamin,12,65
W43A460628,Weekol,Antipyretic,12,550
I23Y14671,Drugcillin,Diuretic,12,95
Z2R422368,Enoughzepam,Analgesic,12,650
C79W403622,Guyvir,Antidepressant,12,400
M11X607022,Productxone,Anticoagulant,12,250
V54O849054,Democratcillin,MuscleRelaxant,12,65
X38U984196,Lettervir,Diuretic,12,250
R96N497235,Aheadxone,Cardiovascular,12,110
R62O174342,Officialcillin,Anticoagulant,12,115
Q21S373418,Southernin,Anti-inflammatory,12,600
O5T500664,Withinvir,Anti-inflammatory,12,400
U87G970075,Workerxone,Antiviral,12,450
I21O955471,Gozepam,Anticoagulant,12,115
Z76B522423,Processol,MuscleRelaxant,12,115
G1H948146,Recordzepam,Antidepressant,12,550
Y76B741233,Interviewcillin,Antipsychotic,12,60
A29R158659,Particularol,Immunosuppressant,12,600
N81M755227,Alonestatin,Cardiovascular,12,65
T54H69831,Electionol,Cardiovascular,12,65
C44W545118,Evidencein,Vitamin,12,120
M7E862601,Servicevir,Steroid,12,110
W44J529178,Sisterin,Immunosuppressant,12,600
M83K206007,Majorxone,Antifungal,12,200
W18R201138,Buildstatin,Antihistamine,12,500
S95T359680,Herselfol,Respiratory,12,300
R51Y170566,Theirol,Vitamin,12,150
T71Q65478,Windstatin,Antifungal,12,400
K37L137899,Attackol,Antipsychotic,12,300
B22B697976,Bitcillin,Antiviral,12,450
M97E731315,Homecillin,Vaccine,12,250
Z12W898387,Coldxone,Antidepressant,12,500
S47O882040,Viewxone,Analgesic,12,115
U53R158269,Healthol,Vitamin,12,70
W55L990320,Pushvir,Cardiovascular,12,140
W35O749550,Specificxone,Immunosuppressant,12,600
R25I760491,Federalzepam,Steroid,12,120
A24C559410,Likelyvir,Antipsychotic,12,400
K53D58386,Brotherxone,Antiviral,12,550
Z73S264073,Longin,Antihypertensive,12,250
R64U756350,Pushol,Anticoagulant,12,105
O46O157062,Stayzepam,Antihypertensive,12,65
K60C487060,Directionin,Respiratory,12,300
D30V785782,Forcevir,Diuretic,12,50
W28R562739,Believestatin,Vaccine,12,350
D45F522133,Oilxone,Anticonvulsant,12,500
S52L565195,Difficultstatin,Analgesic,12,400
V49R132086,Couldin,Vitamin,12,150
U32E151331,Countryol,MuscleRelaxant,12,105
P99M344619,Surein,Antipsychotic,12,500
B56S962902,Existzepam,Steroid,12,300
Q84G988745,Paperxone,Anticonvulsant,12,550
H13Q811312,Suffercillin,Steroid,12,500
M52P644278,Financialin,Anticonvulsant,12,450
H60I770309,Workzepam,Anticoagulant,12,550
X84D790347,Notezepam,Diuretic,12,450
U5B400591,Scorexone,Antiviral,12,55
Q23C676589,Evenzepam,Antipyretic,12,135
T3T448923,Feelzepam,Diuretic,12,350
D62I287956,Existcillin,Anti-inflammatory,12,150
L23B623592,Aroundcillin,Antidepressant,12,550
A48P114630,Tellvir,Anticonvulsant,12,600
Q17O607423,Yesin,Diuretic,12,105
M74U984173,Carevir,Analgesic,12,115
A94D988084,Timevir,Diuretic,12,300
M82H299689,Mainxone,Respiratory,12,75
A51O513136,Riskzepam,Antibiotic,12,500
S50Z576479,Hairstatin,Respiratory,12,200
O35F77078,Roomzepam,Antipsychotic,12,95
J83M918499,Filmstatin,MuscleRelaxant,12,115
U1C49166,Lawyercillin,Anticonvulsant,12,550
Q10Y652378,Providein,Anticoagulant,12,200
U58T153397,Firmxone,MuscleRelaxant,12,150
V28I444898,Shouldzepam,Antipsychotic,12,110
F14Y25120,Amountvir,Analgesic,12,500
F83D561477,Arriveol,Anticoagulant,12,200
T85V896012,Herin,Antibiotic,12,250
I4P614785,Voiceol,Antibiotic,12,450
L42Z704437,Laughin,Anti-inflammatory,12,450
W82W769631,Containin,Antifungal,12,500
M11X77513,Decisionzepam,Diuretic,12,550
P8Z131956,Votestatin,Vitamin,12,70
A28G156298,Admitvir,Steroid,12,85
W64E892303,Generalzepam,Vaccine,12,65
V3U555622,Bothcillin,Respiratory,12,65
W93P521141,Boardstatin,Respiratory,12,200
V2T265157,Areaxone,Anticonvulsant,12,85
H71C753939,Writerxone,Antihistamine,12,80
U27G128824,Stuffol,Anticoagulant,12,100
U57W842403,Spendstatin,Respiratory,12,125
N95H429058,Wholexone,Antibiotic,12,120
R76M235616,Understandol,Respiratory,12,350
A86G622921,Keystatin,Steroid,12,110
S60B569325,Manyxone,Anticoagulant,12,100
B76W174151,Recordcillin,Antiviral,12,300
V81K37099,Employeecillin,Diuretic,12,650
F92M160342,Someonevir,Respiratory,12,200
A3M317645,Affectstatin,Anticonvulsant,12,105
R48N766487,Passxone,Antihypertensive,12,60
L9U634305,Sortin,Anti-inflammatory,12,200
W57M824326,Methodzepam,Antiviral,12,55
L81T55654,Enjoyxone,Vaccine,12,75
J38K563196,Noin,Steroid,12,110
B6T162181,Successfulvir,Anticonvulsant,12,55
G90Z477609,Meetvir,Antipsychotic,12,90
D54S927800,Positionxone,Anti-inflammatory,12,400
D11P237358,Billcillin,Antihistamine,12,150
M9Z572683,Successfulvir,Anticoagulant,12,650
O15D509628,Perhapsstatin,Antiviral,12,500
V57B554401,Entirein,Anti-inflammatory,12,110
E10H145296,Myselfstatin,Diuretic,12,200
T64P442919,Abovein,MuscleRelaxant,12,105
T22M738332,Lossxone,Vitamin,12,110
T18Y838022,Suffercillin,Antipyretic,12,650
M44A415417,Redcillin,Antiviral,12,60
Z1M438120,Describevir,Antipsychotic,12,95
F91R500985,Everyonein,Anticonvulsant,12,450
Z24L478879,Applyin,Antihistamine,12,60
I54T842770,Pullstatin,Cardiovascular,12,145
F87O887575,Totalzepam,Anti-inflammatory,12,500
S73G960515,Livestatin,Antiviral,12,100
J71X443252,Groundvir,Steroid,12,500
E75Z589491,Picturecillin,Antihistamine,12,110
S57X840930,Southstatin,Antipsychotic,12,300
O12O954540,Memoryin,Antihypertensive,12,115
D99R495076,Ifvir,Steroid,12,200
E45W549001,Latexone,Antifungal,12,500
L76R319613,Northzepam,Antihistamine,12,650
Y46V900834,Naturalin,Immunosuppressant,12,550
W76S124117,Politicsin,Antiviral,12,550
I68N994641,Propertyvir,Cardiovascular,12,400
U45H714778,Testol,Antipsychotic,12,85
X77Z786691,Dealin,Immunosuppressant,12,50
D22N377030,Spacecillin,Antipsychotic,12,45
Z5D360640,Programvir,Diuretic,12,550
W36R881201,Drawzepam,Antifungal,12,450
C25X421341,Strongcillin,Anticoagulant,12,250
T69W773036,Motherzepam,Antihypertensive,12,550
D70D954180,Participantcillin,Respiratory,12,95
F4H283746,Nearlyxone,Antipyretic,12,60
Y14V92696,Meetingxone,Vitamin,12,350
W0F817517,Figurezepam,Antiviral,12,95
T25Y561442,Fatherstatin,Anticonvulsant,12,85
Y76L27453,Enoughin,MuscleRelaxant,12,600
U78I68784,Finecillin,Diuretic,12,60
E46E587239,Capitalvir,Vitamin,12,450
V68M844318,Taskvir,Vaccine,12,60
U11R355742,Theystatin,Respiratory,12,110
Y19A691618,Wrongzepam,Antihypertensive,12,450
O86W184046,Reflectvir,Diuretic,12,450
X29L635510,Stepvir,MuscleRelaxant,12,500
I73K842534,Audiencecillin,Vaccine,12,550
T85U31912,Canol,Cardiovascular,12,600
I55T259178,Ourin,Anticoagulant,12,550
V82L800639,Discoverstatin,Antipyretic,12,110
L61F456585,Effortstatin,Antiviral,12,300
A94J395720,Everyonezepam,Analgesic,12,400
S31W756327,Explainin,Vitamin,12,350
W37G526534,Mayzepam,Antibiotic,12,80
V6V283493,Trainingxone,Antifungal,12,115
W61Y158298,Hugecillin,Immunosuppressant,12,500
D2Q752965,Protectcillin,Respiratory,12,300
Z7N469028,Passxone,Analgesic,12,650
W81R768227,Sistervir,Antihistamine,12,650
W14F371847,Nicevir,Antihistamine,12,60
I78F680766,Thanstatin,Vitamin,12,300
A17R518826,Reasoncillin,Cardiovascular,12,200
E17V243372,Oldvir,Anticonvulsant,12,150
Z41G256597,Bedol,Cardiovascular,12,300
C5E126871,Termzepam,Anticoagulant,12,500
U37D536592,Getol,Vaccine,12,450
N84F194886,Goodin,Anti-inflammatory,12,70
E30M839991,Coldol,Cardiovascular,12,70
S37V131357,Soldierstatin,Anticoagulant,12,115
O98W533711,Agreestatin,Antidepressant,12,65
V61P650996,Animalcillin,Cardiovascular,12,60
E51E667610,Workvir,Cardiovascular,12,110
A83W926754,Enterxone,Analgesic,12,120
T25D433243,Missionstatin,Analgesic,12,105
K42G686740,Deepstatin,Antihistamine,12,95
H47L859778,Wantin,Antidepressant,12,400
U45T571845,Dinnerstatin,Vaccine,12,100
X91J866451,Knowledgexone,Anticoagulant,12,70
J44E835893,Summerzepam,Vitamin,12,65
K23S625345,Educationcillin,Respiratory,12,60
U92Z743518,Leftol,Immunosuppressant,12,115
C13X990943,Kidvir,Analgesic,12,650
Q66Y524104,Oilzepam,Antihypertensive,12,80
E16H302041,Alongstatin,MuscleRelaxant,12,400
W74K676965,Havevir,Antidepressant,12,75
W92H516428,Authoritystatin,Antipsychotic,12,200
W27S382626,Analysisvir,Antidepressant,12,95
R17U297769,Collectionxone,Antibiotic,12,70
N44P516970,Starol,Anticoagulant,12,650
N75V896854,Itszepam,Antibiotic,12,90
X75Z442952,Reportol,Antihistamine,12,300
B36K121244,Acceptstatin,Vaccine,12,100
F23O687179,Healthstatin,Vaccine,12,300
I86A592513,Practicevir,Anticonvulsant,12,110
S44K90626,Tablestatin,Anti-inflammatory,12,400
P29B368961,Walkin,MuscleRelaxant,12,450
W99H618984,Computervir,Diuretic,12,105
C37A671370,Betweenin,Anti-inflammatory,12,250
P46W27134,Votein,Anticonvulsant,12,55
Q53I493233,Ratherin,Antihypertensive,12,140
F40E773344,Statevir,Anticoagulant,12,350
N13J341176,Wherexone,Anticonvulsant,12,70
G17L445302,Especiallycillin,Antibiotic,12,65
L53D654228,Morein,Cardiovascular,12,115
D27S790154,Citizenxone,MuscleRelaxant,12,450
O36M800691,Middlevir,Analgesic,12,105
M30D438031,Authoritystatin,Antifungal,12,95
J3G193561,Detailol,Immunosuppressant,12,80
S56A777609,Feelin,Antihistamine,12,450
H16T290627,Oftenzepam,Antihistamine,12,115
G75X266611,Insteadstatin,Antipyretic,12,300
H76C968108,Followcillin,Antipsychotic,12,500
Z50V205143,Certainol,Vitamin,12,350
E31P700842,Flystatin,Antipsychotic,12,650
H70N133716,Betterzepam,Vitamin,12,450
G7Q120157,Computerxone,Antipsychotic,12,115
Q80U186411,Policexone,Diuretic,12,450
M24C60986,Readyol,Cardiovascular,12,150
Z43V864660,Certainol,Antibiotic,12,300
B62D631874,Successstatin,Cardiovascular,12,350
B44J306703,Generalvir,Vitamin,12,75
Y32Y662524,Approachol,Immunosuppressant,12,85
A90Q812759,Paintingin,Vaccine,12,350
P0R909921,Undercillin,Diuretic,12,450
I24T622157,Dovir,Anti-inflammatory,12,600
M29L289289,Learnxone,Vitamin,12,550
X42H544913,Sellzepam,Antidepressant,12,110
E95R70584,Amountvir,Cardiovascular,12,400
L14U846798,Barol,Antifungal,12,300
G52B643187,Gunxone,Cardiovascular,12,450
Y41H711512,Realol,Antipsychotic,12,300
A97C42959,Industryxone,Vaccine,12,600
C31N98691,Knowledgecillin,Diuretic,12,450
O8J62814,Socialzepam,Immunosuppressant,12,150
W35H177098,Centuryvir,Analgesic,12,55
V82I778395,Traditionalin,Respiratory,12,500
P75V157108,Eitherstatin,Vaccine,12,350
S35A751138,Pressurevir,Diuretic,12,500
Q83M265840,Abilityvir,MuscleRelaxant,12,300
L14R601048,Typexone,Anticoagulant,12,200
A70I129362,Stockstatin,Antipyretic,12,550
R31F226630,Centercillin,Anti-inflammatory,12,300
F27N789502,Studentstatin,Cardiovascular,12,75
V21A558179,Investmentxone,Vitamin,12,200
U7U964816,Attackol,Vaccine,12,95
U1Y414070,Investmentin,Vaccine,12,200
G58F801851,Knowvir,Antihypertensive,12,650
X97X688833,Owncillin,Vitamin,12,75
D17K380237,Livevir,Immunosuppressant,12,650
J34F775320,Wearvir,Anticonvulsant,12,50
B72S695761,Withstatin,Antihistamine,12,550
M79I59522,Howeverzepam,Antifungal,12,150
D55E985823,Regionin,Anti-inflammatory,12,300
K98L980932,Takexone,Steroid,12,115
T74C987406,Approachzepam,Antiviral,12,250
Q96C122456,Mrxone,Antiviral,12,400
B75B167349,Environmentzepam,Vitamin,12,95
V15C4062,Pushvir,Antiviral,12,70
J87X867013,Finishxone,Antiviral,12,250
D10S941749,Campaignxone,Immunosuppressant,12,300
A81Z90543,Lotol,Antidepressant,12,300
I12I727654,Thusin,Anticonvulsant,12,250
I66I156197,Clearzepam,Analgesic,12,105
T41D907859,Reflectcillin,Antiviral,12,65
R92E623351,Staffzepam,Antidepressant,12,60
I60K27560,Preparevir,Cardiovascular,12,300
Z8D927887,Bigzepam,Antipyretic,12,450
V45W995039,Processstatin,Steroid,12,300
U74U862874,Artcillin,Vaccine,12,250
C34M331215,Managementin,Cardiovascular,12,100
E25W249093,Hourol,Vitamin,12,550
E47J306705,Beatvir,Antipyretic,12,60
P83L295682,Keepzepam,MuscleRelaxant,12,450
U18I392620,Tonightstatin,Antipyretic,12,200
T48L590749,Cityol,Antifungal,12,250
L92G897044,Tozepam,Antidepressant,12,350
L99J995509,Youstatin,Antihistamine,12,300
E5E934576,Dogol,Immunosuppressant,12,80
G73I593858,Agencystatin,Anti-inflammatory,12,115
L97D18083,Knowvir,Antifungal,12,115
O22T957429,Pressurexone,Antidepressant,12,500
X28A368608,Paststatin,Anticonvulsant,12,60
H98I972442,Readystatin,Anticonvulsant,12,350
D28K371409,Bedzepam,Diuretic,12,450
S71J282546,Alreadystatin,Antidepressant,12,110
U19J195284,Samevir,Anticoagulant,12,95
N94Z214843,Suddenlyol,Anti-inflammatory,12,95
K6R871576,Becausexone,Vitamin,12,90
M52X161210,Mouthxone,Respiratory,12,500
E13H811484,Veryxone,Antidepressant,12,550
E81F274526,Sharecillin,Antifungal,12,60
R75Y870053,Filmxone,Antihypertensive,12,60
R53V532533,Awayvir,Vaccine,12,150
N25W326590,Newspaperin,Anticonvulsant,12,350
H25T201010,Attentionvir,Antidepressant,12,600
A87F317228,Babyin,Anticoagulant,12,200
P81B40432,Languagecillin,Anticoagulant,12,650
Z22W440763,Cellvir,Antihypertensive,12,300
W66W205044,Southernxone,Antiviral,12,300
J16L232327,Differencezepam,Anticoagulant,12,120
M8K582081,Kitchenol,Steroid,12,85
V74G274132,Seemol,Antihypertensive,12,55
E48T420765,Approachol,Antipyretic,12,450
Z56K135319,Activityin,Diuretic,12,105
R44Y946900,Eventzepam,Antihypertensive,12,50
M93U270858,Becomecillin,Antipyretic,12,200
W82E373378,Imaginevir,Analgesic,12,85
K36L222568,Aboutstatin,Antihistamine,12,95
V4Q565919,Momentin,Antidepressant,12,120
S48U575249,Questionol,Steroid,12,80
Q45G730396,Carryxone,Cardiovascular,12,600
F66X339651,Developmentxone,Analgesic,12,70
V65D790444,Tradexone,Immunosuppressant,12,55
C71G854719,Executivexone,MuscleRelaxant,12,55
B27W737502,Totalstatin,Vaccine,12,550
E13Q956601,Beautifulin,Antipyretic,12,200
M27T28715,Studentcillin,Diuretic,12,200
F38J601560,Youngvir,Respiratory,12,55
H38M165687,Monthxone,Steroid,12,650
A16L400182,Culturalin,Vitamin,12,550
D11O226015,Artzepam,Diuretic,12,95
O38I438448,Totalvir,Vitamin,12,95
E23L640692,Notin,Antipyretic,12,85
K31O952231,Startstatin,MuscleRelaxant,12,350
C28P369777,Claimzepam,Antidepressant,12,350
Q11X936042,Artistvir,Immunosuppressant,12,105
G36O728974,Qualityvir,Antipyretic,12,400
X69O497224,Glassin,Immunosuppressant,12,110
N53I678636,Daystatin,Anticonvulsant,12,50
F9I305701,Thirdcillin,Antibiotic,12,350
C4X718055,Determinezepam,Antidepressant,12,150
X74F197228,Televisionzepam,Cardiovascular,12,115
X31J51245,Lettercillin,Anticoagulant,12,100
T99Y757597,Ownxone,Diuretic,12,105
A69I862529,Worldzepam,Anti-inflammatory,12,150
W30E956863,Stockxone,Antidepressant,12,100
Y4V228925,Workvir,Antipsychotic,12,450
T9J945234,Interviewstatin,Steroid,12,60
C23W234385,Trialin,Steroid,12,350
H61X33397,Whyin,Steroid,12,55
E60P484070,Wantxone,Analgesic,12,300
W48T689617,Fearxone,Immunosuppressant,12,300
Y13R537936,Eventin,Antibiotic,12,65
E24Z884838,Adultstatin,Antifungal,12,150
L17E72946,Agreementcillin,Respiratory,12,100
Y22N374905,Weightcillin,Vitamin,12,70
H93H381516,Showvir,Antidepressant,12,60
Y90Y400911,Likestatin,Respiratory,12,85
Y39D910230,Researchol,Anticonvulsant,12,120
H44X813049,Kitchenin,Antihistamine,12,500
E78Z15586,Naturevir,Anti-inflammatory,12,95
A68O163700,Needvir,Steroid,12,250
G23O227853,Billol,Respiratory,12,300
R29G392856,Economiczepam,MuscleRelaxant,12,100
X97Y538823,Treatmentzepam,Vaccine,12,95
N17M346958,Piececillin,Anti-inflammatory,12,350
V71D607955,Yearzepam,Immunosuppressant,12,55
P52L211052,Localin,Vitamin,12,350
Z3H175408,Showstatin,Anticoagulant,12,550
P73Z12168,Growzepam,Antiviral,12,400
Y12T72112,Officestatin,Antipyretic,12,80
K39H792130,Centralxone,Steroid,12,95
L77Z19765,Knowledgezepam,Antipsychotic,12,500
J54P277234,Justzepam,Antihypertensive,12,600
L59O308197,Detailvir,Steroid,12,110
A70O784155,Eachol,Immunosuppressant,12,450
D97W359211,Blackol,Antipyretic,12,550
V38E726964,Myselfin,Antipyretic,12,500
R25C596495,Detailol,Antipyretic,12,55
F85Z601106,Gardenzepam,MuscleRelaxant,12,75
J53Y98163,Recentstatin,Analgesic,12,200
V64I57352,Largexone,Anticonvulsant,12,150
X56X588626,Sizestatin,Antidepressant,12,140
O57I8082,Aroundstatin,MuscleRelaxant,12,70
D48S515219,Testxone,Antipsychotic,12,145
R62S468458,Usezepam,Anti-inflammatory,12,450
V84V861188,Againstzepam,Vitamin,12,450
X98Y264725,Finallycillin,Antihypertensive,12,110
P66B152155,Casezepam,Antidepressant,12,650
S16K711113,Typexone,Antihypertensive,12,400
S26W102686,Fightzepam,Anticonvulsant,12,125
H59C436083,Herselfstatin,Antihistamine,12,650
A17S499841,Floorvir,Vitamin,12,650
D23P869949,Interestingstatin,Anticoagulant,12,85
W93V397100,Likelyzepam,Antipsychotic,12,550
D58V559806,Chairin,Vaccine,12,300
Z28J707230,Quicklystatin,Cardiovascular,12,450
W39T110573,Tripvir,Cardiovascular,12,95
H1T559031,Somebodyvir,Anti-inflammatory,12,400
X3O668411,Leavecillin,Respiratory,12,95
S78W313151,Intoxone,Cardiovascular,12,200
U16P176436,Acrossstatin,Vaccine,12,200
C60B886859,Thirdxone,Antiviral,12,400
W80U509641,Systemvir,MuscleRelaxant,12,100
Z65H520522,Tenvir,Antibiotic,12,250
U28C916230,Whosein,Antihistamine,12,250
R0Y246049,Leavestatin,Steroid,12,500
D58D403279,Theorystatin,Antibiotic,12,150
S18T569103,Everycillin,Vaccine,12,70
B66C126895,Growol,Antipyretic,12,400
W41T588347,Itemstatin,Vaccine,12,350
G17E315699,Missol,Anticoagulant,12,120
D98K281770,Untilcillin,MuscleRelaxant,12,60
N10Q572131,Byol,Steroid,12,650
M12Z97273,Faststatin,Diuretic,12,400
Z91N712027,Fromvir,Antidepressant,12,85
B95L859224,Findcillin,Antihypertensive,12,70
V83S221851,Quitecillin,Antipsychotic,12,600
W93X336276,Assumeol,Steroid,12,400
F38R762299,Scientiststatin,Antipyretic,12,400
Z67A528433,Oncillin,Antipsychotic,12,300
O92D176449,Computerxone,Anticoagulant,12,650
C76S316975,Choosevir,Vitamin,12,50
E10H908123,Certainvir,Immunosuppressant,12,55
Y20D823443,Sportol,Diuretic,12,65
B12U295158,Improvezepam,Anticonvulsant,12,200
R50Y71332,Remainin,Steroid,12,650
Z69G558915,Eveningin,Antipsychotic,12,55
O2V554483,Coachol,Antipsychotic,12,300
Y15N683332,Medicalstatin,Anti-inflammatory,12,115
C11S335165,Magazinezepam,Steroid,12,90
T26Y674707,Fishvir,Anticonvulsant,12,80
T98I673906,Youngvir,Antiviral,12,400
D98W987247,Redvir,Vaccine,12,95
U72Y174531,Maincillin,Diuretic,12,300
U74G585344,Recognizexone,Antifungal,12,110
J14C317537,Nearlyzepam,Anticoagulant,12,90
C86P165449,Beforein,Cardiovascular,12,85
W1O707506,Capitalcillin,Antiviral,12,120
A4T243104,Mightxone,Anti-inflammatory,12,85
Z20C863351,Describexone,Antiviral,12,60
C48Q262623,Sooncillin,Steroid,12,350
F42W697364,Healthin,Diuretic,12,85
R55Q989694,Mustxone,Anticonvulsant,12,500
V37A35833,Includingxone,Analgesic,12,75
Z55V819792,Arrivevir,Antipyretic,12,600
C45V689909,Manyin,Analgesic,12,550
I23B677510,Variouscillin,Antifungal,12,650
T68M39486,Hospitalin,Antidepressant,12,200
G12A268718,Networkxone,Cardiovascular,12,400
B1W745225,Buildvir,Antiviral,12,60
V30H287953,Respondxone,Analgesic,12,500
B82P115881,Congresscillin,Vaccine,12,80
W84R697445,Widein,Vaccine,12,70
C39R373099,Computerxone,Antifungal,12,100
I13W660232,Getzepam,MuscleRelaxant,12,55
G63T32885,Littlezepam,Antipsychotic,12,350
F82Y596351,Economicvir,Vaccine,12,550
L23J315809,Chargezepam,Antiviral,12,200
Z27M153193,Loseol,Vitamin,12,135
P36F405188,Restvir,Antiviral,12,350
O66W932833,Factvir,Antihypertensive,12,50
X41I139322,Establishzepam,Immunosuppressant,12,90
I88O810526,Othercillin,Antihypertensive,12,600
H87G445962,Abilitystatin,MuscleRelaxant,12,500
P65A610027,Linestatin,Steroid,12,75
I40Q655803,Togethercillin,Vaccine,12,60
A8B819821,Regionin,Antihypertensive,12,550
S41U31292,Itselfol,Vitamin,12,85
B24E922838,Ratestatin,Antihistamine,12,350
C34E494049,Boxcillin,Analgesic,12,350
W94B569545,Richin,Steroid,12,65
Z65V308793,Givevir,Steroid,12,120
N42M832760,Politicsvir,Immunosuppressant,12,105
Q47F991891,Sharein,Antiviral,12,500
X11V649819,Speechvir,Antipsychotic,12,80
Z90P602470,Churchin,Antibiotic,12,650
X41P829038,Despitevir,MuscleRelaxant,12,450
O71S97786,Relatexone,Steroid,12,650
J43Z175096,Currentin,Antifungal,12,65
Z97G63234,Naturezepam,Anticoagulant,12,250
E92G329814,Structureol,Cardiovascular,12,105
G88F210124,Coupleol,Vaccine,12,200
C40N582251,Questionol,MuscleRelaxant,12,400
A40F521370,Firmstatin,Analgesic,12,300
X31Y55289,Togetherzepam,Vitamin,12,50
P30O790567,Orol,Antidepressant,12,75
A29Z369509,Betterzepam,Vaccine,12,85
V70K122666,Whosezepam,Antiviral,12,120
S11W703966,Presentcillin,Anti-inflammatory,12,400
H50V494479,Fewxone,Antibiotic,12,500
B67M116358,Pointol,Anti-inflammatory,12,85
Q7S229213,Basestatin,Antihypertensive,12,200
O73A603078,Taskvir,Antihistamine,12,400
U25N252233,Offerin,Antihypertensive,12,300
R0Q236597,Responsibilityzepam,Anticonvulsant,12,600
L45Z590998,Seriousol,Antihistamine,12,450
P35K647873,Thereol,Antiviral,12,105
M57U588423,Materialol,Anti-inflammatory,12,250
L65F417554,Caseol,Anti-inflammatory,12,450
U61D340567,Partin,Antipyretic,12,300
D23W876722,Valuezepam,Antipsychotic,12,300
H38B941014,Youstatin,Antihypertensive,12,200
G62M401780,Getol,Antipsychotic,12,65
Z84X671789,Simplycillin,Diuretic,12,70
J25R344533,Representstatin,Antipyretic,12,450
L9A136245,Ofin,Antipyretic,12,600
E19K393649,Storycillin,Steroid,12,65
R73U622821,Coursexone,Analgesic,12,600
G55U792007,Needol,Antipyretic,12,100
F78N23545,Actionxone,Anti-inflammatory,12,85
P46C466645,Wordin,Antiviral,12,60
E65D904447,Administrationin,Diuretic,12,100
D60K696477,Althoughzepam,Antihypertensive,12,500
E1J485803,Hugexone,Analgesic,12,200
N59D166396,Everybodyzepam,Antipsychotic,12,300
B19X141716,Justxone,Cardiovascular,12,200
S66U612046,Richcillin,Anti-inflammatory,12,100
D22I224423,Beautifulin,Antidepressant,12,75
A70R601310,Offerol,Anticonvulsant,12,650
G17V664185,Housezepam,Analgesic,12,55
Q28Z873625,Collectionvir,Anti-inflammatory,12,95
J57Q403821,Raiseol,Antiviral,12,400
T30C247192,Startzepam,Antihypertensive,12,85
L97W523883,Clearlyxone,Antidepressant,12,550
U45I193683,Piecexone,Antihistamine,12,550
G85U77532,Ownvir,Analgesic,12,450
P41B719954,Supportstatin,Steroid,12,95
I22C545295,Particularlyxone,Antipyretic,12,110
V47A2939,Magazineol,Antihypertensive,12,95
R97J756426,Serieszepam,Analgesic,12,55
B86C843245,Windowzepam,Antipsychotic,12,650
L87Z897579,Wifeol,Immunosuppressant,12,95
S17X204790,Businesszepam,Antihistamine,12,140
C14K757787,Feelstatin,Antipyretic,12,85
Q20T275528,Eithervir,Antidepressant,12,80
T4Z623916,Placevir,Anti-inflammatory,12,400
Z8T273669,Truein,Antiviral,12,55
T7A981589,Alreadyxone,Anticoagulant,12,60
L76F494405,Towardin,Immunosuppressant,12,85
X18G532540,Attackin,Analgesic,12,95
R90C586946,Evenzepam,Respiratory,12,80
A19T146915,Happencillin,Antihypertensive,12,125
Q90R884841,Threevir,Antipyretic,12,300
K2S370200,Nonezepam,Diuretic,12,75
P59S521221,Linestatin,Analgesic,12,450
X43N586349,Identifycillin,Anti-inflammatory,12,150
V85Y733915,Soonxone,Antiviral,12,80
N69I157381,Friendcillin,Antihypertensive,12,65
M3A482587,Storezepam,Vitamin,12,80
T52Q452547,Citystatin,Antibiotic,12,65
K49Y615618,Attorneystatin,Antipsychotic,12,120
C74C706739,Suddenlyzepam,Anti-inflammatory,12,60
H94K288677,Finallyol,Anticonvulsant,12,105
C79P844997,Consumerol,Analgesic,12,550
A37Y95428,Everzepam,Antifungal,12,300
F58Y396198,Sendstatin,Antipsychotic,12,300
K33A674080,Misszepam,Antihypertensive,12,55
T11X211055,Matterol,Immunosuppressant,12,55
O70K461987,Suffercillin,Antipyretic,12,200
C39C411903,Behindstatin,Antifungal,12,120
L52W190421,Defensein,Anti-inflammatory,12,150
I86Z542649,Mrzepam,Antifungal,12,70
D55T985202,Seaxone,Antifungal,12,105
W44R39759,Treatmentol,Antidepressant,12,60
N72F8714,Recentzepam,Diuretic,12,450
R63T617743,Sisterzepam,Analgesic,12,500
I30X636905,Historyvir,Steroid,12,115
N94G972473,Believeol,Steroid,12,120
T93X526217,Seazepam,Anticoagulant,12,400
R54P226395,Formzepam,Antifungal,12,115
K30L286862,Landstatin,MuscleRelaxant,12,600
K20O893737,Seatol,Antifungal,12,80
G1N943952,Stagein,Antifungal,12,550
N1L589159,Optioncillin,Immunosuppressant,12,650
R58H744159,Lookin,Anticonvulsant,12,115
J13N643823,Northzepam,Antibiotic,12,65
I30W201290,Toughxone,Antipsychotic,12,650
E52P519314,Halfzepam,Antidepressant,12,400
N13P945011,Hiszepam,Immunosuppressant,12,600
A18R426052,Atcillin,Antifungal,12,135
I52A380863,Choiceol,Antihistamine,12,500
V4N82031,Spacexone,Steroid,12,600
L0V216991,Possiblezepam,Antihypertensive,12,350
F13F398055,Ballcillin,Antibiotic,12,500
R82H552959,Modernxone,Diuretic,12,105
H10N353594,Goalol,Cardiovascular,12,100
Q71D626843,Learnstatin,Antiviral,12,75
N58P644910,Policycillin,Immunosuppressant,12,60
F52X72616,Sportvir,Antihypertensive,12,120
N76W808287,Animalol,Antibiotic,12,75
U8K804171,Themin,Antipyretic,12,250
R44D465230,Chancezepam,Antidepressant,12,450
R5C869020,Informationstatin,Vaccine,12,400
K61B111323,Whichvir,Antibiotic,12,600
K13C564380,Customerol,Antihypertensive,12,500
R4C681706,Sidecillin,Antifungal,12,55
X17I759920,Oilzepam,Antihypertensive,12,450
V56X973010,Tovir,Immunosuppressant,12,350
F99G812768,Theoryol,Immunosuppressant,12,115
Y7Q730940,Generalxone,Respiratory,12,125
B60K299318,Bookol,Antihypertensive,12,120
H30X134199,Economiczepam,Anticoagulant,12,55
Z56F32440,Forwardvir,Respiratory,12,115
C61S487284,Sayvir,Antihypertensive,12,80
S44S25081,Congressol,Respiratory,12,85
L71J862195,Leastzepam,Antiviral,12,400
D62V531469,Restzepam,Antifungal,12,400
K43P939782,Outsidevir,Vitamin,12,115
P23R623717,Interviewol,Anticoagulant,12,450
X96Y625538,Trainingzepam,Antibiotic,12,400
G1F537412,Thankzepam,Antipyretic,12,550
S46K122120,Termstatin,Anticoagulant,12,650
Y82M312414,Eightxone,Vitamin,12,55
V18G282556,Everyonexone,Steroid,12,250
K76A126973,Sonxone,Immunosuppressant,12,650
A88Q149673,Yourselfcillin,Antiviral,12,75
A46S240434,Betterxone,Anticoagulant,12,70
R39G805805,Eachstatin,Respiratory,12,300
X55P226186,Includingzepam,Steroid,12,200
X80Z394120,Centralzepam,Antifungal,12,50
Z4O644392,Impactol,Diuretic,12,100
B34X823745,Expertzepam,Analgesic,12,400
P78L608526,Offercillin,Steroid,12,400
G52R299433,Wrongstatin,Immunosuppressant,12,90
D4I962022,Explaincillin,Anticonvulsant,12,600
L11W595703,Eachin,Cardiovascular,12,70
O21A406636,Samevir,Analgesic,12,60
D58V398004,Haveol,MuscleRelaxant,12,70
D1Z125930,Workzepam,Immunosuppressant,12,50
T79G510392,Greenol,Antifungal,12,250
B37P548644,Whetherzepam,Immunosuppressant,12,200
Q82I614133,Enjoyol,Vitamin,12,500
G21A264801,Coachcillin,Antiviral,12,350
J87Z221803,Sportcillin,Antipyretic,12,450
O66A138336,Alreadystatin,Respiratory,12,70
Z56C849748,Professionalzepam,Steroid,12,145
X70J928759,Authorityin,Anticonvulsant,12,300
Z71B408102,Everythingstatin,MuscleRelaxant,12,450
L6E593801,Maybevir,Anticoagulant,12,50
F38M822121,Simplecillin,Anticoagulant,12,550
X66S381638,Noteol,Immunosuppressant,12,60
V33S516032,Rangexone,Vitamin,12,90
V13K316027,Spacecillin,Cardiovascular,12,600
M13P295418,Centerzepam,Steroid,12,145
G35X359381,Taskstatin,Antihistamine,12,350
I35H28015,Defensezepam,Antipsychotic,12,50
P8E742149,Billol,Antidepressant,12,90
L72Z527502,Certainlycillin,Anticoagulant,12,250
A13T695560,Allowvir,Analgesic,12,600
M53G340734,Herselfstatin,Anticoagulant,12,300
B5W699199,Heavyzepam,Steroid,12,300
A51S151832,Pastvir,Immunosuppressant,12,65
G91L895857,Cardzepam,Antiviral,12,50
E48L694772,Coverol,Antihypertensive,12,65
I8P553815,Scienceol,Antifungal,12,300
H34U509449,Airstatin,Diuretic,12,80
N39U141858,Somethingvir,Antipsychotic,12,110
D30H874180,Interestingcillin,Steroid,12,350
W91F673144,Ascillin,Vitamin,12,130
J59S42785,Breakin,MuscleRelaxant,12,650
S61M935341,Recordstatin,Cardiovascular,12,90
A89J36812,Itemvir,Immunosuppressant,12,85
G90Y788524,Whateverzepam,Vaccine,12,55
X39L991778,Nostatin,Antibiotic,12,105
A85V379212,Seestatin,Anticoagulant,12,80
Q94F394578,Happenin,Antihistamine,12,300
K37I723947,Providecillin,Immunosuppressant,12,55
S60G739312,Orstatin,Vaccine,12,400
W92R274187,Performol,Vaccine,12,200
P55X343567,Managervir,Analgesic,12,200
F38L170347,Beautifulstatin,Steroid,12,150
H58F614115,Houseol,Respiratory,12,550
Z22Z3952,Managementcillin,Analgesic,12,50
T33K721970,Usein,MuscleRelaxant,12,110
Y71A750474,Detailvir,Antihistamine,12,250
W61H115980,Marriageol,Antidepressant,12,650
R15N428303,Beautifulzepam,Antibiotic,12,65
M60U118923,Pageol,Anti-inflammatory,12,55
F97Y846502,Littlevir,Antifungal,12,70
T4H650778,Ratherstatin,Antipsychotic,12,400
I7U213654,Chargezepam,Immunosuppressant,12,550
B63I558594,Basestatin,Vitamin,12,600
X11Z407168,Offerstatin,Anticonvulsant,12,150
X66K251323,Hardxone,Antipyretic,12,120
Y97G229216,Couplein,Respiratory,12,70
N78I712667,Sayxone,Vaccine,12,300
Q40R246419,Aroundin,Vitamin,12,110
O96Z641705,Bagin,Respiratory,12,550
R38L335233,Eachstatin,Antihypertensive,12,500
R53M311594,Whosexone,Antihistamine,12,100
O40K483891,Mostcillin,Antipyretic,12,350
S96U33843,Rathervir,Antidepressant,12,80
I43E779147,Homevir,Antifungal,12,90
N0O279444,Lifexone,Anti-inflammatory,12,450
L97I667572,Flycillin,Anticoagulant,12,650
E15C816497,Indicatezepam,Analgesic,12,115
P0D61392,Religiousol,Antihistamine,12,650
L22O845582,Likexone,Anticoagulant,12,650
Z34Y359249,Politicszepam,Antihistamine,12,60
R15E137238,Howcillin,Antibiotic,12,135
R47X15922,Pagevir,Antihistamine,12,55
D50J593158,Realizeol,Respiratory,12,450
R34J421597,Activityol,Anticonvulsant,12,600
L35Z419870,Momentxone,Antiviral,12,500
Z16H161201,Officexone,Antibiotic,12,500
K41G888882,Startxone,Diuretic,12,100
T24C611781,Applyin,Antipsychotic,12,400
D9O157097,Modelzepam,Diuretic,12,60
R7C25899,Winzepam,Anticonvulsant,12,50
L76P588446,Simplecillin,Analgesic,12,200
P41N991533,Hourcillin,Antipyretic,12,350
O97R392478,Representcillin,Immunosuppressant,12,550
C81X977728,Artistxone,Vitamin,12,55
P89D114062,Cutzepam,Antidepressant,12,95
M10C171499,Twocillin,Immunosuppressant,12,300
B58S292283,Employeevir,Antidepressant,12,115
O25B423798,Dogstatin,Antipyretic,12,95
A38I789652,Timein,Anticonvulsant,12,80
C9P815865,Likevir,Diuretic,12,450
G93F939877,Footcillin,Vaccine,12,65
A36P391891,Reportstatin,Anti-inflammatory,12,60
P53S349743,Ownerxone,Anti-inflammatory,12,300
K37W595286,Leadcillin,Cardiovascular,12,90
L8B648652,Topzepam,Steroid,12,150
L10V781606,Topvir,Cardiovascular,12,400
P14V733455,Aboutstatin,Cardiovascular,12,250
B60R760735,Debatexone,Steroid,12,550
F77B558988,Generalcillin,Cardiovascular,12,110
V78J210715,Lossxone,Antipsychotic,12,550
J1S2075,Itemol,Antipsychotic,12,250
H71J115192,Reallystatin,Respiratory,12,70
Q92L89945,Determinestatin,Respiratory,12,200
E42O197358,Kidol,MuscleRelaxant,12,150
N77G886455,Manyol,Antihistamine,12,55
X54C903272,Collegexone,Antifungal,12,60
Y56G79991,Todaystatin,Analgesic,12,150
G21S140072,Thecillin,Anti-inflammatory,12,105
J37U634119,Familyin,Diuretic,12,65
E2O933339,Bagcillin,Analgesic,12,55
R17U101378,Prettyol,Analgesic,12,250
B59O228268,Forgetvir,Anticonvulsant,12,150
H24W640811,Evidencexone,Cardiovascular,12,300
Z83I263547,Treatol,Steroid,12,55
K12C595841,Articlevir,Anti-inflammatory,12,600
R54T455997,Guesscillin,Antiviral,12,200
K52K610747,Quicklyzepam,Antifungal,12,60
I9F686046,Samevir,Respiratory,12,150
Z13K535922,Thingcillin,Anticonvulsant,12,70
M92T935508,Whomstatin,Antihypertensive,12,90
L5J725625,Feelcillin,Antiviral,12,200
Z12K51052,Ain,Antidepressant,12,650
P91U76131,Rolecillin,Antidepressant,12,400
M14G923331,Thousandvir,Vitamin,12,350
T89D952642,Twoxone,Steroid,12,75
O34H278420,Specialin,Antihypertensive,12,550
H24F507767,Artol,Anticoagulant,12,250
W7F232360,Raisein,Immunosuppressant,12,300
W30E153873,Stayxone,Antibiotic,12,50
T80R746283,Especiallycillin,Anti-inflammatory,12,650
O21C857690,Democraticol,Antihistamine,12,200
S28L22875,Naturalin,Antiviral,12,120
Y27E912084,Modernxone,Antipsychotic,12,300
S15R812891,Airxone,Diuretic,12,150
K74M262871,Throughxone,Steroid,12,55
C12Z557782,Needcillin,Antipyretic,12,100
U45G814770,Feelvir,Antipsychotic,12,90
N5V657950,Onzepam,Vitamin,12,140
O20F625577,Itstatin,Steroid,12,200
B4S735474,Imagein,Immunosuppressant,12,110
D34I902588,Hearin,Vaccine,12,600
G56W812225,Brothervir,Antifungal,12,50
N3C28894,Carxone,Antipyretic,12,85
D37V587759,Someonevir,Vaccine,12,65
T9A452341,Presidentvir,Cardiovascular,12,120
H73A962388,Hisstatin,Diuretic,12,300
S84Q568423,Managecillin,Immunosuppressant,12,400
Q69K467527,Dayvir,Anticonvulsant,12,250
G45K273074,Healthol,Antipyretic,12,300
T83P729188,Theystatin,MuscleRelaxant,12,90
L78O974530,Bluexone,Antibiotic,12,130
E26Z607141,Armzepam,Steroid,12,600
I57Y456596,Commercialzepam,Antiviral,12,550
N6I285057,Doctorin,Vaccine,12,550
A26W747132,Heavyxone,Vaccine,12,75
U7D638633,Thoughtcillin,Anticonvulsant,12,120
G16E734270,Focuscillin,Cardiovascular,12,600
G11H957417,Sciencexone,Antihistamine,12,100
X50B649824,Alsoxone,Antifungal,12,50
Q86B924960,Interviewvir,Antihypertensive,12,500
G59P851338,Bitzepam,Anticoagulant,12,90
G88Q759296,Bettercillin,Antidepressant,12,145
T75Y517481,Himselfzepam,Cardiovascular,12,200
U67E430259,Whitecillin,Respiratory,12,300
N89D382139,Legstatin,Respiratory,12,60
O42A7126,Seatzepam,Anticoagulant,12,150
T99B802100,Waitxone,Antifungal,12,115
K17C123480,Ifstatin,Antihistamine,12,110
J72M748959,Televisionstatin,Anticoagulant,12,400
T90V934733,Bothvir,Steroid,12,150
F61X966965,Resourceol,Steroid,12,550
W68U694290,Secondcillin,Anticoagulant,12,450
K30V537178,Culturalcillin,Diuretic,12,55
M43D650320,Oneol,Antidepressant,12,85
J91O189194,Americancillin,Analgesic,12,100
G24A14090,Managerstatin,Antidepressant,12,200
Z41N505981,Democratin,Antifungal,12,100
S53Y326056,Womanin,Diuretic,12,80
X47K896854,Revealstatin,Vitamin,12,90
Z67P456917,Entirestatin,Antiviral,12,110
U26Y49714,Rathercillin,Anticonvulsant,12,100
Q10I742571,Hitzepam,Antihistamine,12,80
X37B348705,Examplecillin,Antifungal,12,350
K48O681382,Reportzepam,Antifungal,12,500
M54U233476,Basexone,Antihypertensive,12,200
Z4V178880,Particularcillin,Antipsychotic,12,105
G83P935676,Leastol,Analgesic,12,60
K33J587055,Federalstatin,Diuretic,12,500
H26V486799,Crimecillin,Anti-inflammatory,12,80
S98D176950,Sitexone,Antihistamine,12,600
K85K606112,Yourzepam,Respiratory,12,200
I4U506183,Cameravir,Antidepressant,12,300
A22R373661,Reallycillin,Antidepressant,12,105
V7Z177491,Managerin,Steroid,12,600
D2N426216,Againol,Diuretic,12,70
L76I856843,Aircillin,Steroid,12,90
Z89U125533,Experiencein,Vitamin,12,115
B28Q597799,Latercillin,Respiratory,12,300
O26P146701,Seasonxone,Diuretic,12,400
Z4E964852,Nearlyzepam,Steroid,12,75
E17F528292,Takexone,Cardiovascular,12,100
I1W354670,Towardvir,Antidepressant,12,85
F14Y703088,Kidcillin,Antihypertensive,12,200
O57Q989324,Soin,Analgesic,12,50
P5O705422,Cityin,Antihistamine,12,500
K47M719997,Earlyxone,Anticonvulsant,12,450
P65Y451875,Laterol,Antifungal,12,250
I92T529050,Areavir,Antipsychotic,12,650
A3S155908,Clearcillin,Antihistamine,12,95
G47D570709,Colorvir,Antipyretic,12,300
B1A439995,Towardxone,Antifungal,12,600
C27U615045,Girlcillin,Antifungal,12,550
Z81Y129003,Shouldcillin,Diuretic,12,115
U44U277143,Thosevir,Immunosuppressant,12,80
B11C331919,Structurein,Vitamin,12,105
Q57Q257377,Actxone,Anticoagulant,12,550
V48F845016,Choosexone,Analgesic,12,150
I46M868119,Notecillin,Analgesic,12,100
W93S78545,Carezepam,Antibiotic,12,250
L25A974811,Beforecillin,Respiratory,12,105
L5O524749,Brothervir,Immunosuppressant,12,600
Y51N178287,Gunvir,Antidepressant,12,60
B93E42955,Heartin,Steroid,12,80
S26S660506,Whichol,Vaccine,12,300
T2M61883,Safexone,Antipyretic,12,80
E44Z539508,Directionstatin,Antiviral,12,200
Z72Y729375,Picturevir,MuscleRelaxant,12,105
G92H356966,Physicalstatin,Antipsychotic,12,115
Y31W177008,Beol,Respiratory,12,95
U9Z63553,Coachin,Antipsychotic,12,140
S58O647333,Restxone,Analgesic,12,200
Z90V966499,Theircillin,Anti-inflammatory,12,400
O40O610164,Simplestatin,Antihistamine,12,600
H5J905365,Goodol,Respiratory,12,600
Q45R124009,Policezepam,Steroid,12,650
R16T381226,Memberxone,Steroid,12,95
M42Q700789,Wallxone,Anti-inflammatory,12,115
S37U914614,Campaignzepam,Antidepressant,12,300
J41P941963,Treatzepam,Diuretic,12,550
Q49N446228,Internationalin,Cardiovascular,12,550
T62J117343,Whitezepam,Cardiovascular,12,115
Z78V759983,Therecillin,Antipsychotic,12,90
T26Y29021,Leaderol,Antihistamine,12,300
O35F973221,Wouldstatin,Diuretic,12,300
A28U461114,Whichcillin,Immunosuppressant,12,550
V95F734500,Leaderxone,Cardiovascular,12,400
J11H754474,Herselfcillin,Antiviral,12,110
E81Z30566,Opportunityin,Antiviral,12,350
L92N378409,Whomin,Steroid,12,60
Q82O623089,Lastcillin,Antibiotic,12,140
D20G654919,Couplein,Anticonvulsant,12,400
O22E768669,Speakvir,Anti-inflammatory,12,60
M57N189802,Projectstatin,Antifungal,12,550
V76L577743,Moderncillin,Analgesic,12,350
Q85Z882480,Nonezepam,Diuretic,12,500
M4I261814,Guessxone,Antipyretic,12,550
Y18T517546,Energyzepam,Antipsychotic,12,100
W33M139426,Onzepam,Cardiovascular,12,250
W68Z402191,Concernvir,Antiviral,12,350
P84B49943,Badzepam,Antidepressant,12,600
S66W366506,Tellcillin,Anticonvulsant,12,350
V32P680768,Costvir,Antihistamine,12,95
M57B364500,Popularxone,Antiviral,12,120
X25C256152,Materialzepam,Vitamin,12,300
K39M291186,Despitevir,Antihypertensive,12,120
R81M259073,Casexone,Antihistamine,12,110
U2E296600,Morningxone,Antipyretic,12,350
Y49Z406992,Wifevir,Diuretic,12,70
N66J925178,Thosezepam,Steroid,12,600
D26C235259,Chargestatin,Vitamin,12,105
A4L143535,Beyondcillin,Antipsychotic,12,100
A34U367398,Projectcillin,Respiratory,12,120
Z1D192879,Reducexone,Antihistamine,12,60
E16K159832,Realityzepam,Immunosuppressant,12,300
I29I847372,Commercialol,Antihistamine,12,400
W95Z24657,Homexone,Vitamin,12,120
M85V106490,Getol,Immunosuppressant,12,95
Z50P472331,Norol,Vaccine,12,65
N71D550423,Lawyerin,Antipsychotic,12,300
B70O465119,Orol,Respiratory,12,350
Y85F711414,Makezepam,Analgesic,12,200
C24V578730,Pushxone,Cardiovascular,12,300
N64Z401109,Intovir,Analgesic,12,300
N92S516216,Recognizevir,Anticoagulant,12,105
D12K972951,Ownol,Anti-inflammatory,12,105
H18Y98695,Perhapszepam,Antibiotic,12,400
E14J43938,Executivexone,Antipsychotic,12,450
W57X579457,Asin,Anticoagulant,12,350
Y88P914245,Secondstatin,Anti-inflammatory,12,55
W61S215643,Areastatin,Cardiovascular,12,450
P31H683739,Publiczepam,Vaccine,12,500
V0T103043,Seekzepam,Steroid,12,55
C30Y411679,Latezepam,Antidepressant,12,500
Y47I982649,Redol,Vaccine,12,65
S6D715881,Lightvir,Antipyretic,12,250
Q40U723104,Republicanxone,Cardiovascular,12,90
L4A420018,Changexone,Analgesic,12,600
J57Z678109,Historycillin,Vitamin,12,105
I40Y103909,Bluestatin,Anti-inflammatory,12,110
U47J908031,Fullin,Steroid,12,70
Y29Q193509,Centuryol,Anti-inflammatory,12,105
R22T828369,Perin,Vitamin,12,650
P13Q105910,Plantol,Vaccine,12,120
V84O890031,Defensein,Antipyretic,12,600
W64C214378,Fillxone,Steroid,12,200
M26D694623,Growthstatin,Immunosuppressant,12,65
X91J489146,Housein,Diuretic,12,650
Z75A358321,Whomin,Antipsychotic,12,400
D28J106538,Seemzepam,Immunosuppressant,12,400
J21N832854,Specificvir,Vitamin,12,550
W60M869069,Singlestatin,Cardiovascular,12,350
U28G313533,Buyin,Antihypertensive,12,300
A49B855649,Medicalstatin,Anticonvulsant,12,550
Z19S124334,Allowstatin,Antiviral,12,300
I67Z323728,Directionstatin,MuscleRelaxant,12,75
G46D659575,Thesestatin,Antifungal,12,90
J87D786933,Turnin,Anticoagulant,12,550
L95V151639,Themselvesstatin,Anticonvulsant,12,110
O29A701256,Termol,Antibiotic,12,70
N91I938173,Imagevir,Antiviral,12,105
R12C185168,Troublein,Antidepressant,12,65
H47E398461,Responsezepam,Antiviral,12,115
U81T65203,Militaryxone,Antipyretic,12,120
F10Z861589,Relatestatin,Antidepressant,12,400
C99C93656,Ablein,MuscleRelaxant,12,70
N9T276037,Enterol,Vaccine,12,150
W75R777334,Overvir,Antipsychotic,12,90
U71Z30196,Relatestatin,Anti-inflammatory,12,80
I65O997557,Returnstatin,Anticoagulant,12,90
G73X862734,Standardcillin,Anti-inflammatory,12,60
Y47C485556,Sciencestatin,Anticoagulant,12,150
F26M485542,Managerol,Cardiovascular,12,250
W3W12556,Racexone,Antiviral,12,200
F31C447151,Lastzepam,Analgesic,12,350
F45G718347,Runzepam,Steroid,12,110
C27G301118,Racexone,Steroid,12,70
Z12C130368,Differentxone,Cardiovascular,12,75
Q59I77205,Qualitycillin,Steroid,12,500
V85B900901,Thoughvir,Antibiotic,12,110
X54X690085,Medicalin,Respiratory,12,120
U91U313627,Herxone,Steroid,12,50
C50V648079,Healthin,Antiviral,12,300
C16F731462,Generationzepam,Antihypertensive,12,65
D52F189582,Currentvir,Immunosuppressant,12,300
A31F621894,Whyin,Antiviral,12,95
A6T411274,Americanvir,Steroid,12,55
I81C630843,Maintainol,MuscleRelaxant,12,150
U96L482996,Callin,Antihypertensive,12,100
E88C185447,Meanol,Vitamin,12,300
P85X322129,Pressurestatin,Antifungal,12,350
Z93B250570,Receivexone,Anti-inflammatory,12,350
Y8X148456,Richol,Antifungal,12,75
G92G661013,Tryzepam,Anticonvulsant,12,500
I71O536871,Thanstatin,Antihistamine,12,50
N93J740920,Authorcillin,Anticoagulant,12,450
E73B160924,Soxone,Antipsychotic,12,120
E79M621691,Boardcillin,Antibiotic,12,95
H54R748210,Alwaysol,Respiratory,12,250
D29C130119,Agoin,Antihypertensive,12,400
V74O852043,Layzepam,Antihistamine,12,70
O51R695565,Hardxone,Anti-inflammatory,12,85
V77O176381,Spaceol,Immunosuppressant,12,95
R3V435400,Duringstatin,Vitamin,12,115
G13N877191,Latervir,Vaccine,12,100
H55Y776536,Newsxone,Vitamin,12,75
B25D530572,Thankstatin,Respiratory,12,200
Z63M561359,Sciencein,Analgesic,12,550
J21Q652197,Doctorin,Anti-inflammatory,12,500
X6D670369,Addresszepam,Anticonvulsant,12,90
Q87Q93024,Againstol,Vitamin,12,650
S27M243821,Conferenceol,Diuretic,12,300
K59A995557,Othersin,Antifungal,12,60
A8J126223,Mrsxone,Diuretic,12,150
L26E516338,Gunvir,Anti-inflammatory,12,150
M20L84841,Whichol,Antihypertensive,12,90
K16O289376,Todayvir,Anticonvulsant,12,600
A73X892661,Getxone,Diuretic,12,500
X28F984336,Wondervir,Antihistamine,12,400
P75C800063,Lossol,Antiviral,12,55
Y79X840791,Themol,Antiviral,12,200
H3B608004,Holdin,Antipyretic,12,200
M28K903442,Totalstatin,Antipsychotic,12,90
M32L340071,Middlestatin,Analgesic,12,65
O57H685817,Citystatin,Anti-inflammatory,12,650
W54S925579,Smilexone,MuscleRelaxant,12,75
E19C744123,Risevir,Anticoagulant,12,450
L6V236880,Matterin,Vaccine,12,550
O2G545614,Moviecillin,Antihistamine,12,600
S68G447708,Environmentalvir,Steroid,12,150
O54F3970,Figurein,Anti-inflammatory,12,300
T90C549827,Ontocillin,Antihistamine,12,550
W38Q526523,Seasoncillin,Antipsychotic,12,350
E83S816955,Activityvir,Vaccine,12,400
J44V764174,Specificzepam,Cardiovascular,12,65
Z79C988004,Sometimesin,Antipsychotic,12,300
V93D783070,Yesstatin,Immunosuppressant,12,55
T69J15550,Tryvir,Anticonvulsant,12,60
H78C23359,Reducestatin,Steroid,12,550
J65K132968,Notecillin,Antipsychotic,12,650
H57A783114,Oilvir,Antipsychotic,12,250
V49J229826,Storyin,MuscleRelaxant,12,550
A33Y259360,Actuallycillin,Analgesic,12,150
F99M498978,Findzepam,Antifungal,12,450
M12O589775,Cameraol,Anticonvulsant,12,600
H40S847951,Attentioncillin,Vaccine,12,650
Y80X397618,Understandxone,Immunosuppressant,12,90
N99J127082,Nightin,Vaccine,12,150
C36V946854,Causezepam,Antipsychotic,12,300
U33K961014,Insteadin,Anticonvulsant,12,650
B18H521932,Societyzepam,Anti-inflammatory,12,200
Z50F614634,Suggestzepam,Antibiotic,12,650
P84J600367,Weekvir,Steroid,12,650
A23M594222,Hotxone,MuscleRelaxant,12,300
N63H744531,Culturalcillin,Anticoagulant,12,250
F65E834786,Seatzepam,Antipsychotic,12,300
J16E592913,Enjoyin,Anticoagulant,12,75
T15H235602,Containzepam,Antipsychotic,12,550
A87V186147,Clearlycillin,Antipsychotic,12,60
W67E79538,Yearzepam,Antipsychotic,12,65
M76K7931,Managervir,Antipyretic,12,550
P2G758312,Herexone,Antipsychotic,12,100
S65A364018,Myol,Anticonvulsant,12,200
X64B372327,Discussionvir,Analgesic,12,450
G49K682573,Shortcillin,Antihypertensive,12,600
F67Y598889,Surfacevir,Antipyretic,12,400
X91O854545,Certainlyxone,Cardiovascular,12,550
P31O754598,Anyonestatin,Anticoagulant,12,300
T69Q564948,Familyin,Antipyretic,12,120
Z38M73675,Orin,Antihistamine,12,120
X21W687428,Peacevir,Cardiovascular,12,300
T41Y593310,Justxone,Vitamin,12,90
H85Y449003,Roomstatin,Antihistamine,12,350
P26W629595,Billol,Antibiotic,12,150
S0X309907,Realizeol,Antidepressant,12,65
G63C806807,Keepvir,Antifungal,12,150
R47I626010,Costcillin,Anticonvulsant,12,85
K30F710931,Purposecillin,Vitamin,12,105
A39Q761251,Receivevir,Antidepressant,12,150
S78C743496,Smallol,Steroid,12,100
Y70V760013,Thoughol,Anti-inflammatory,12,250
U93L222791,Needvir,Steroid,12,650
K92V854725,Misscillin,Antibiotic,12,80
G62H367321,Organizationstatin,Steroid,12,100
J60Q598178,Tradecillin,Vitamin,12,650
Q15E107683,Husbandol,Respiratory,12,150
C65Z327492,Citizenvir,Vaccine,12,300
Y60L461186,Methodol,Antibiotic,12,350
O63T271891,Establishvir,Analgesic,12,600
L49K568934,Professorin,Cardiovascular,12,85
H83L781178,Remaincillin,Antihypertensive,12,450
Y43W370187,Withinvir,Respiratory,12,45
N95W951599,Generationol,Steroid,12,55
Y49J349447,Ifol,Anti-inflammatory,12,65
S5E95323,Watchxone,Anticoagulant,12,250
G76P864921,Agreezepam,Anti-inflammatory,12,70
F33P873303,Mothercillin,Antihistamine,12,150
W3Q609027,Sizevir,Respiratory,12,95
H34E10253,Lookin,Anticoagulant,12,350
I86S442094,Happencillin,Vitamin,12,70
I83Q403805,Tonightstatin,Immunosuppressant,12,80
J52U845641,Dostatin,Steroid,12,60
P44Z198699,Homestatin,Vaccine,12,55
K49F265177,Languagein,Vitamin,12,60
G78H357568,Wouldxone,Cardiovascular,12,500
A20N996913,Qualitycillin,Anticoagulant,12,500
S32C930382,Upstatin,Antipsychotic,12,600
I41U293505,Everyonevir,Diuretic,12,65
G83P299279,Culturecillin,Antipyretic,12,70
D59H249002,Nearlycillin,Steroid,12,110
T47A579462,Theirin,Respiratory,12,70
O85V771664,Abilityol,Antidepressant,12,200
M51N753355,Laughxone,Immunosuppressant,12,300
W26I75029,Hopeol,Antiviral,12,350
F64S305418,Seezepam,Analgesic,12,400
T9Y622689,Bornol,Respiratory,12,90
X75I477187,Seriesol,Antihypertensive,12,70
X76J960357,Todayol,Vaccine,12,650
J87R974745,Wearol,Antiviral,12,350
S35K902728,Everstatin,Analgesic,12,200
W62J128765,Fromin,Anticoagulant,12,600
P55J45711,Husbandxone,Steroid,12,60
C2V699339,Studyxone,MuscleRelaxant,12,150
L78I359742,Purposecillin,Anti-inflammatory,12,150
N28K198619,Upol,Antidepressant,12,300
O58P829116,Itin,Anticonvulsant,12,500
Z37H587517,Whatxone,Vaccine,12,300
S50W255449,Eastin,Antipsychotic,12,300
J97H206153,Neverol,Steroid,12,600
J0Q682044,Yeahol,Antibiotic,12,250
P66N784280,Momentvir,Diuretic,12,70
Z54A326547,Hotelin,Immunosuppressant,12,70
X73S542176,Thirdcillin,Antipsychotic,12,105
K69D281513,Organizationin,Antifungal,12,75
I48H812596,Bitol,Diuretic,12,65
K63J388395,Havexone,Antihistamine,12,105
H47Q519282,Travelxone,Cardiovascular,12,200
U84U132045,Insidein,Antipyretic,12,90
T56X702082,Paintingxone,Antipsychotic,12,60
E46F995912,Acceptin,Vitamin,12,95
Q24Q466933,Everythingxone,Vaccine,12,450
C88S798247,Heavycillin,Antipsychotic,12,500
F44Z407815,Qualityxone,Diuretic,12,115
L19P147662,Performancevir,Anticoagulant,12,300
T44U527533,Ivir,Cardiovascular,12,60
X50D575088,Protectstatin,Immunosuppressant,12,100
C25M235692,Lawstatin,Antipyretic,12,650
D70E630828,Staffstatin,Anti-inflammatory,12,105
T30X889130,Coachxone,Antifungal,12,90
U39M932680,Crimeol,Antihypertensive,12,115
G60S649990,Bagcillin,Anticonvulsant,12,300
K67B753190,Drawin,Cardiovascular,12,70
L93R755522,Linestatin,Steroid,12,550
J23I651966,Radioin,Cardiovascular,12,650
O62J579375,Almostzepam,Anticonvulsant,12,450
Z63K224351,Longxone,Cardiovascular,12,400
E21B623177,Sitol,Anti-inflammatory,12,110
J88Q349753,Generationstatin,Analgesic,12,80
P27C169158,Abilityol,Antibiotic,12,100
E60I818064,Clearlystatin,Antifungal,12,90
V41Y916313,Modelstatin,Antibiotic,12,500
P98Y73285,Sensevir,Antidepressant,12,65
X11A4686,Setvir,Vaccine,12,135
N75S453964,Onlyzepam,Analgesic,12,600
M69S149696,Pointxone,Antipsychotic,12,600
P33B173447,Believezepam,MuscleRelaxant,12,105
Y4A994423,Hundredvir,Antiviral,12,80
T81N879901,Sometimescillin,Antipsychotic,12,100
V79J265735,Rockin,Immunosuppressant,12,400
E79D826114,Establishzepam,Immunosuppressant,12,650
C85Y699878,Majorstatin,Anticonvulsant,12,100
K60O435189,Forol,Antihistamine,12,550
X91I986715,Latevir,Cardiovascular,12,550
M97Y488745,Ownzepam,Antipyretic,12,250
U21Y966658,Internationalol,Antidepressant,12,150
D85Z436316,Willstatin,Antipyretic,12,550
H65L607340,Majoritycillin,Analgesic,12,550
E18K759206,Livein,Cardiovascular,12,120
A82S105596,Experiencezepam,Respiratory,12,400
H79K59902,Throughin,Immunosuppressant,12,250
U50B320203,Administrationol,Vitamin,12,95
P2A162858,Outvir,Antiviral,12,110
T8V681424,Yescillin,Vaccine,12,450
F37D259563,Admitol,Vaccine,12,95
U26Z548816,Speechzepam,Antibiotic,12,100
S24T348853,Attorneystatin,Diuretic,12,650
C19A884806,Chargecillin,Vitamin,12,100
J96A357745,Ourstatin,Antibiotic,12,400
R72Q493503,Whateverxone,Antidepressant,12,400
Y12P941505,Travelstatin,Antiviral,12,300
D78Y467396,Edgein,Antihypertensive,12,105
J41F723981,Bedstatin,Anti-inflammatory,12,95
H65O841088,Computerzepam,Respiratory,12,550
J35V988182,Developmentvir,Antiviral,12,110
Q90J213500,Enjoystatin,Vitamin,12,105
S46I279139,Largecillin,Cardiovascular,12,200
T22D782473,Simpleol,Anticonvulsant,12,300
W67S46915,Cellzepam,Respiratory,12,115
X68B999797,Pullzepam,Antipyretic,12,600
C17M864188,Humanstatin,Anticoagulant,12,300
F82X840245,Protectol,Antidepressant,12,350
X84K955434,Realvir,Antipsychotic,12,350
H91D245323,Administrationin,MuscleRelaxant,12,200
V20O571105,Legzepam,Antipyretic,12,115
U13X855442,Playxone,Antibiotic,12,65
B75X462055,Commonxone,Antibiotic,12,300
W33G171525,Movementzepam,Antidepressant,12,95
Z89W438570,Myselfol,Respiratory,12,500
X71Q323835,Datacillin,Antidepressant,12,120
W37B843770,Goalin,Antifungal,12,95
H97R252153,Servezepam,Antipyretic,12,300
O58W717139,Researchol,Antibiotic,12,300
K37N557010,Eachvir,Respiratory,12,55
A60L974616,Tellol,Antibiotic,12,50
R38K131744,Nonexone,Diuretic,12,200
O84J201009,Whilecillin,Antiviral,12,50
F84R146022,Termcillin,Anticonvulsant,12,120
K76Y986267,Somethingstatin,Antihistamine,12,300
D38T548901,Housevir,Antidepressant,12,300
G66B896825,Characterin,Anti-inflammatory,12,650
E59W880986,Defensezepam,Analgesic,12,115
J47U500794,Groupxone,Diuretic,12,450
J80F682377,Sharecillin,Antibiotic,12,80
Q61J384476,Onol,Respiratory,12,650
G12D143472,Nationstatin,Anticonvulsant,12,300
G85K671130,Performvir,Respiratory,12,350
A85V200055,Wayxone,Antipsychotic,12,95
G20H193514,Conditionzepam,Steroid,12,250
D10B634204,Cellin,Antipsychotic,12,300
F13Q183340,Visitvir,MuscleRelaxant,12,50
Q20M638660,Understandstatin,Antiviral,12,65
L3Q695407,Norol,Antiviral,12,400
V74B719793,Firmzepam,Antipsychotic,12,500
G57K110401,Wallcillin,Analgesic,12,250
S4D736276,Hourstatin,Cardiovascular,12,300
M90W86461,Largestatin,Antipyretic,12,75
O77N484217,Picturezepam,Diuretic,12,450
Y72F892741,Availablecillin,Antifungal,12,95
E4V490227,Yescillin,MuscleRelaxant,12,350
P9Z503083,Onxone,Antidepressant,12,650
T46Z731286,Beautifulstatin,Anti-inflammatory,12,200
C59V353569,Institutionol,MuscleRelaxant,12,70
J23P713384,Ratherstatin,Antifungal,12,55
O2C957749,Finalcillin,Antifungal,12,200
W79N434469,Aboutxone,MuscleRelaxant,12,90
G59U835898,Laterxone,Respiratory,12,80
F98O389245,Peacevir,MuscleRelaxant,12,75
K23F932144,Attentionzepam,Anticonvulsant,12,60
U12L410424,Yardcillin,Antipyretic,12,115
Y93S878054,Variousxone,Anticoagulant,12,105
O15Y81377,Hospitalcillin,Respiratory,12,85
M34I955519,Aboutstatin,Cardiovascular,12,60
T28W502703,Thankvir,Respiratory,12,60
K76Z531135,Systemol,Vaccine,12,60
V38A643859,Payzepam,Analgesic,12,550
N33G595528,Threeol,Steroid,12,250
O86T96980,Nationin,Analgesic,12,150
U2U806920,Continuestatin,Anticonvulsant,12,60
O99M731743,Hotstatin,Antidepressant,12,80
N3U928270,Andcillin,Vitamin,12,110
W74J156919,Storein,Antiviral,12,150
C99U93266,Ownerxone,Antibiotic,12,150
D32E865579,Althoughzepam,Immunosuppressant,12,75
V70C438972,Monthin,Antidepressant,12,600
G40G366794,Rulezepam,Cardiovascular,12,550
S51D135958,Sureol,Antihistamine,12,550
D53C336558,Thusstatin,Antihypertensive,12,200
K97R796807,Seatcillin,Antibiotic,12,55
S21J846300,Agencyvir,MuscleRelaxant,12,90
F44A120527,Questionstatin,Cardiovascular,12,115
I96I653641,Statementstatin,MuscleRelaxant,12,550
U71H11158,Beyondcillin,Respiratory,12,350
W2H500300,Kitchenstatin,Immunosuppressant,12,110
G0T102003,Managein,Anti-inflammatory,12,300
G78R612952,Conditionin,Antihistamine,12,400
E76T821712,Congressstatin,Anticonvulsant,12,105
J6U839951,Risestatin,Antibiotic,12,450
E57I622175,Turnvir,Diuretic,12,55
I2H311793,Particularin,Immunosuppressant,12,95
D15K423316,Doorzepam,Immunosuppressant,12,550
L74C487640,Defensecillin,Cardiovascular,12,130
P95T612550,Allstatin,Vaccine,12,110
Z56E459268,Clearlystatin,Anticonvulsant,12,65
F19V647607,Animalzepam,Antipyretic,12,70
B77K641447,Seasonol,Respiratory,12,60
X27B993343,Realizevir,Antifungal,12,450
H68F149675,Groupxone,Antihypertensive,12,400
N60E977191,Groupxone,Anticonvulsant,12,150
I77Z276028,Stylein,Cardiovascular,12,200
P69I465825,Withxone,Antihypertensive,12,70
L15U616264,Treatin,Anti-inflammatory,12,400
G26Q829987,Uponzepam,Antibiotic,12,300
D91N620450,Boystatin,Antifungal,12,550
R10U911322,Wordvir,Anticonvulsant,12,100
B16S57703,Clearol,Analgesic,12,300
C49Z827026,Easystatin,Immunosuppressant,12,550
Q22N777155,Leadol,Respiratory,12,500
O66H30390,Bigstatin,Vitamin,12,200
J68K939713,Actionvir,Analgesic,12,650
U57O992654,Hitol,Antifungal,12,120
Y73U501310,Eventstatin,Steroid,12,110
R59N147761,Linevir,MuscleRelaxant,12,80
U9Z640622,Fillzepam,Diuretic,12,400
E73E787429,Heol,Antidepressant,12,105
H93M206795,Bein,Antipyretic,12,300
P51L867646,Yourol,Anticonvulsant,12,120
X65V814030,Localxone,Anti-inflammatory,12,250
C25O125859,Fewcillin,Antidepressant,12,600
W38P661804,Changexone,Diuretic,12,150
Q42L175425,Similarxone,Antibiotic,12,55
A53R221814,Containin,MuscleRelaxant,12,300
N39T755626,Growxone,Antipyretic,12,550
Y44J796935,Pmzepam,Antipsychotic,12,350
Z32G739688,Alonecillin,Respiratory,12,400
E27A482012,Checkstatin,Vitamin,12,250
Y33U781628,Springol,Anti-inflammatory,12,600
R8T509015,Weightol,MuscleRelaxant,12,250
Y15R163812,Ballxone,Anti-inflammatory,12,90
I37N98442,Challengecillin,Antibiotic,12,100
K6Z789916,Youxone,Analgesic,12,300
M22A529344,Turnol,Antibiotic,12,500
Q77L265680,Raisestatin,Immunosuppressant,12,80
V98N259008,Stepol,Antidepressant,12,120
I14Q302543,Wordcillin,Diuretic,12,200
D39V185454,Particularol,Antiviral,12,80
Q48U243613,Professorstatin,Antifungal,12,350
K21B7397,Numbervir,Steroid,12,250
K91V635105,Throughoutcillin,Cardiovascular,12,500
T73B548524,Aheadcillin,Antibiotic,12,600
F5T869278,Computerstatin,Vaccine,12,550
R41F485923,Hearvir,Antipyretic,12,200
D54A616409,Peaceol,Analgesic,12,110
M19T355804,Breakcillin,MuscleRelaxant,12,50
N46H333249,Certainlyvir,Cardiovascular,12,85
R95G285407,Strongcillin,Vaccine,12,600
J99W884937,Majorvir,Anti-inflammatory,12,250
S43T630310,Husbandin,Antipyretic,12,400
W79D909779,Questioncillin,MuscleRelaxant,12,200
E97K266962,Consumerxone,Anti-inflammatory,12,55
K65C981103,Insidexone,Anticonvulsant,12,95
Q58W675900,Agezepam,Antipsychotic,12,70
S70R937064,Tostatin,Antihypertensive,12,600
G83T248988,Payvir,Antidepressant,12,500
L48Y608085,Variousol,Anti-inflammatory,12,150
G84E784218,Notein,Antihistamine,12,650
A56E776,Carzepam,Vaccine,12,300
S43P223232,Partyol,Antihypertensive,12,100
F12R718553,Teamzepam,Vaccine,12,300
T31C224886,Outin,Anticonvulsant,12,600
N27M335807,Standin,Steroid,12,250
A24J511448,Perin,Antibiotic,12,350
F22G640648,Oilcillin,Antihistamine,12,65
H79H842743,Numbercillin,Cardiovascular,12,55
E83K825850,Latexone,Antipyretic,12,450
B16F127174,Highol,Analgesic,12,140
F81D145496,Strongxone,Antipsychotic,12,650
Z15U510718,Landcillin,Diuretic,12,250
Y49T771980,Hearzepam,Analgesic,12,550
L46F179848,Movievir,Antifungal,12,140
V90K357460,Conferencevir,Analgesic,12,80
G7D769084,Smallstatin,Cardiovascular,12,300
D67E862969,Everyvir,Antihypertensive,12,550
C67U331983,Eyezepam,Antiviral,12,85
S47M182889,Smilexone,Antibiotic,12,300
B5H216427,Mainvir,Antifungal,12,550
O11D816253,Anyonecillin,Respiratory,12,600
C15F813041,Mothervir,MuscleRelaxant,12,45
H31E779385,Gardenol,Antihistamine,12,150
X9G451599,Nonein,Antibiotic,12,95
F15E984863,Seatzepam,Vitamin,12,600
N21K908932,Closexone,Antiviral,12,200
U53I535465,Modernstatin,Antiviral,12,115
W27U757145,Institutionstatin,Antihistamine,12,85
L28B427231,Topin,Anticoagulant,12,60
Z22I198808,Headin,MuscleRelaxant,12,300
E46R305029,Amongvir,Antihistamine,12,150
T64D108504,Orderzepam,Antipyretic,12,105
H87W658046,Lawyervir,Antiviral,12,250
J54Z292743,Considerzepam,Vaccine,12,115
S24T180130,Althoughol,MuscleRelaxant,12,500
B15E484020,Heartol,Diuretic,12,550
C55G513550,Pastol,Antiviral,12,200
Q58E86780,Soonol,Antihistamine,12,95
Q2B636071,Marketxone,Antidepressant,12,550
J25S853854,Sizexone,Cardiovascular,12,50
J75R639567,Coachstatin,Analgesic,12,550
Z2L680667,Fallcillin,Vitamin,12,450
L6B886196,Bedxone,Antipyretic,12,550
B90E508019,Whenol,Antipyretic,12,55
C77N79942,Possiblexone,Anti-inflammatory,12,350
Q62D4619,Mustol,Antipsychotic,12,250
T55L351297,Identifyxone,Antipsychotic,12,200
H8S22891,Armstatin,Antibiotic,12,650
V3C864938,Enterxone,Vaccine,12,500
R2B771623,Oncillin,Anticoagulant,12,300
C80O940743,Charactercillin,Steroid,12,250
R89I950072,Createxone,Cardiovascular,12,95
I81P365868,Buystatin,Antihypertensive,12,150
L62Y891012,Worldin,Antiviral,12,150
I38B973564,Environmentalzepam,Antiviral,12,300
D23B851291,Enjoycillin,Antipyretic,12,75
E43A912200,Putvir,Antipyretic,12,500
A37E588596,Myin,Diuretic,12,250
I1X777471,Seemvir,Antihypertensive,12,300
B74W165773,Offin,Respiratory,12,60
P55P326072,Sidein,Antidepressant,12,65
E98N363681,Agostatin,Diuretic,12,450
Z74W932688,Forol,Antipyretic,12,60
F51G738577,Throughoutzepam,Anticoagulant,12,100
X94T733826,Authorityol,Anti-inflammatory,12,50
T85Z577234,Projectin,Antiviral,12,550
F65M672409,Sayol,Anticonvulsant,12,300
A51X132875,Investmentcillin,MuscleRelaxant,12,150
J93I654182,Headxone,Antifungal,12,200
Y99B349832,Optioncillin,Analgesic,12,85
U12P182006,Hundredzepam,Antiviral,12,250
Y70A19145,Topin,Antipsychotic,12,300
J90W611236,Missionxone,Diuretic,12,200
X79B500878,Mouthzepam,Steroid,12,250
T47H707597,Billstatin,Steroid,12,55
E2W434906,Offerstatin,Vitamin,12,100
S79F679477,Yetstatin,Analgesic,12,500
I13Z899195,Truezepam,Immunosuppressant,12,550
J37Z4977,Morexone,Anticonvulsant,12,100
D85B327120,Electioncillin,Antipsychotic,12,400
R53K975352,Beforezepam,MuscleRelaxant,12,85
S32V404372,Wearzepam,Analgesic,12,400
A4R353136,Voicestatin,Antidepressant,12,400
A66J335054,Seein,Respiratory,12,500
M61H140215,Rulecillin,Antihistamine,12,600
L23T650640,Drivevir,Respiratory,12,60
C79O472405,Getcillin,Vitamin,12,100
A15P315597,Foodvir,Anticonvulsant,12,600
T87P819342,Participantcillin,Antipsychotic,12,110
U0Q629369,Cupcillin,Antiviral,12,85
V19F84535,Listenvir,Diuretic,12,300
E62D165326,Ownerstatin,Immunosuppressant,12,70
O22X993609,Keyol,Antifungal,12,120
I89T366420,Groundvir,Antipyretic,12,55
G2S745515,Smilestatin,Analgesic,12,70
M71V921719,Questionzepam,Anticonvulsant,12,600
O3E955738,Believezepam,Antipsychotic,12,115
Y67T126296,Stillvir,Vaccine,12,95
Q37T844811,Nicestatin,Antifungal,12,150
L71Y151937,Preparezepam,Cardiovascular,12,110
Z16M767710,Realizevir,MuscleRelaxant,12,650
I68L989370,Letzepam,Antibiotic,12,450
H90T850188,Thatcillin,Respiratory,12,110
G27F497704,Billionin,Antiviral,12,90
Q95L738946,Probablycillin,Analgesic,12,350
Y15N961634,Representzepam,Steroid,12,125
T78I262474,Itselfstatin,Antibiotic,12,300
K31K729089,Acrossin,MuscleRelaxant,12,200
J67H89917,Internationalin,Immunosuppressant,12,90
D75X81120,Waystatin,Respiratory,12,70
V83D254642,Futurein,MuscleRelaxant,12,150
M87O893713,Headvir,Antihistamine,12,50
V1R801319,Itemol,Anti-inflammatory,12,400
K52N704414,Discussin,Vaccine,12,150
F56W604120,Successfulstatin,Cardiovascular,12,250
O55T937642,Bagstatin,Antipyretic,12,75
M78U679244,Keepvir,Vaccine,12,650
H59F790558,Democratxone,MuscleRelaxant,12,400
N33B385125,Enoughxone,Vaccine,12,400
T22S172911,Reallystatin,Antihypertensive,12,90
R72G58544,Recentxone,Anticonvulsant,12,70
C91T991289,Officestatin,Antihypertensive,12,450
K1I853664,Bornstatin,Antiviral,12,65
X31C346462,Greatzepam,Antipyretic,12,400
R20J328757,Deepcillin,Antiviral,12,55
K55Q80014,Rightxone,Vitamin,12,300
A20A857536,Suggestcillin,Immunosuppressant,12,150
U50P840793,Doorxone,Diuretic,12,85
R84X286165,Levelstatin,Antihypertensive,12,550
F87S264322,Actuallystatin,Steroid,12,350
C22O718169,Truthin,Anticonvulsant,12,75
Z83B160433,Lesszepam,Antifungal,12,95
Q25W119321,Rightxone,Vitamin,12,300
V89P569735,Magazineol,Diuretic,12,65
K5U549910,Easystatin,Immunosuppressant,12,200
V37C288594,Timecillin,Antifungal,12,400
O51G682864,Supportin,Antihistamine,12,500
O50N499754,Createzepam,Steroid,12,135
Z48C255648,Newspaperstatin,Antibiotic,12,45
E17O804522,Waterxone,Antiviral,12,85
P14X268766,Prettyxone,MuscleRelaxant,12,450
C13Q420671,Traditionalcillin,Vitamin,12,300
B72C84791,Stuffcillin,Antipyretic,12,115
L72G155771,Explainin,Anti-inflammatory,12,75
U0W453041,Dealvir,MuscleRelaxant,12,130
W42E279693,Valuein,Antiviral,12,650
S11D837113,Enjoyol,Antihistamine,12,65
N64C672199,Createvir,MuscleRelaxant,12,250
X17L325472,Collegein,Anticonvulsant,12,300
Y2D975704,Mothervir,Diuretic,12,350
V78J486674,Managervir,Steroid,12,250
Z5U508521,Expertzepam,Diuretic,12,70
F15Y732303,Finallyxone,Immunosuppressant,12,300
P78A967746,Forcillin,MuscleRelaxant,12,55
C6P965962,Frontxone,Diuretic,12,115
R25X480255,Whitexone,Antidepressant,12,70
Z80N744336,Wholestatin,Diuretic,12,80
D41O336254,Townzepam,Antifungal,12,300
V86L862935,Layvir,Analgesic,12,250
Z66D817725,Challengeol,Antidepressant,12,350
E50P138172,Reallyzepam,Steroid,12,400
E25S634785,Civilcillin,Anticonvulsant,12,550
W61B334014,Legzepam,Antipyretic,12,75
T23P656453,Wishvir,Antihypertensive,12,120
W19N401943,Leaststatin,Analgesic,12,550
M21J980991,Stayxone,Analgesic,12,300
J78D376237,Levelvir,Immunosuppressant,12,95
D16V697610,Dealol,Cardiovascular,12,65
G30D767890,Himselfvir,Antidepressant,12,300
L30P567721,Developvir,Anticoagulant,12,80
T1B33773,Smilevir,Antiviral,12,300
A71D524644,Dreamcillin,Vaccine,12,105
Z16Z881976,Barin,Immunosuppressant,12,45
B8D239321,Sincestatin,Anticoagulant,12,650
J29U615299,Alreadyxone,Diuretic,12,650
C11S880356,Tradestatin,Vitamin,12,100
I39Z511940,Hundredol,Antifungal,12,350
R5N726920,Researchxone,Cardiovascular,12,400
E43N199632,Aroundxone,Antibiotic,12,650
C7E469528,Readyzepam,Antifungal,12,450
I57R63142,Technologyvir,Vaccine,12,75
T71Y161736,Leaderin,Anticoagulant,12,200
P33Y343469,Ourol,Analgesic,12,200
J12U664710,Smileol,MuscleRelaxant,12,100
O56K270375,Patterncillin,Antiviral,12,300
N38V879028,Namein,Steroid,12,80
Z9O86367,Passcillin,Antidepressant,12,75
M3M194786,Guncillin,Immunosuppressant,12,115
S27I509576,Modelstatin,Vaccine,12,50
D39Y796595,Invir,Vitamin,12,300
R12N408703,Alwaysin,Anti-inflammatory,12,350
L1V229895,Safecillin,Antidepressant,12,70
Q59O312518,Controlin,MuscleRelaxant,12,50
X49D260485,Fromstatin,Antiviral,12,65
Z40K505679,Leavestatin,Diuretic,12,95
V19T622124,Reasonstatin,Antipsychotic,12,85
E63E297495,Allin,Respiratory,12,450
M62P360838,Degreexone,Analgesic,12,120
Y39O776630,Skinxone,Cardiovascular,12,650
A67F897298,Safeol,Antidepressant,12,600
D59M329307,Unitcillin,Vitamin,12,300
I94P89139,Seekvir,Antibiotic,12,95
P76C161274,Admitzepam,Steroid,12,300
Z54I123627,Summerol,Anti-inflammatory,12,50
M25U409840,Hezepam,Antipsychotic,12,300
N15X181727,Gaszepam,Anti-inflammatory,12,600
U90C717747,Studyvir,Antipsychotic,12,120
Q5R515762,Himstatin,Vaccine,12,90
Q19D351425,Mainvir,Respiratory,12,650
R51A138391,Beyondzepam,Antiviral,12,110
S64A245081,Herzepam,Antifungal,12,300
Q86W926498,Statezepam,Vitamin,12,50
R18A165363,Alsool,Antifungal,12,550
S52C264292,Foodol,Antihistamine,12,250
S60D536962,Seniorxone,Antifungal,12,400
W40Z391149,Levelxone,Vaccine,12,600
P91P542679,Approachzepam,Antipsychotic,12,65
P28K650125,Aftervir,Anticoagulant,12,300
A62P77415,Determinestatin,Diuretic,12,350
A96I412688,Walkcillin,Steroid,12,70
M31Y588578,Exactlyzepam,Antifungal,12,75
Y17C941000,Shortzepam,Vitamin,12,650
Y54Z885828,Pullcillin,Immunosuppressant,12,300
T43I526001,Structurexone,Antidepressant,12,80
W28P856505,Takezepam,Antipsychotic,12,300
S64Y806084,Ratherin,Vaccine,12,80
Q17L859460,Talkin,Diuretic,12,300
J56Q302823,Dinnerxone,Antifungal,12,75
Z22I369949,Bloodin,Analgesic,12,200
C9S7730,Dogzepam,Antipyretic,12,60
Q20Q88060,Energyin,Steroid,12,550
Q50H630330,Increasevir,Analgesic,12,200
L67Z760525,Unitxone,Analgesic,12,400
J44S929164,Althoughzepam,Antipsychotic,12,500
O5R571589,Anyonevir,Antipsychotic,12,450
P82G502269,Knowcillin,MuscleRelaxant,12,350
E47O668499,Howeverstatin,Antidepressant,12,100
Q48A765480,Floorol,Analgesic,12,115
V3U997130,Goodcillin,Antidepressant,12,150
B79F304353,Hitcillin,Antiviral,12,650
Y25M860423,Benefitin,MuscleRelaxant,12,60
V86C72335,Machinecillin,Antihypertensive,12,550
L9O940019,Nationalvir,MuscleRelaxant,12,60
B32L55655,Lawcillin,MuscleRelaxant,12,115
I20D392290,Seekol,Cardiovascular,12,80
V2P858621,Imageol,Antibiotic,12,300
W93P68325,Respondol,Analgesic,12,150
O0Q324454,Alsool,Immunosuppressant,12,150
K3G228737,Offerzepam,Vitamin,12,55
N79W196915,Richin,Immunosuppressant,12,150
W11R718206,Nowstatin,Antifungal,12,400
G77S696218,Farzepam,Analgesic,12,60
Z65N191880,Awaystatin,Anticonvulsant,12,250
R31F631313,Memberol,Steroid,12,450
G68Z198752,Pickxone,Analgesic,12,120
T44O97130,Reachvir,MuscleRelaxant,12,110
S35B789933,Aftercillin,Antiviral,12,75
V6X925565,Sportcillin,Antipsychotic,12,300
F61U674274,Stockstatin,Cardiovascular,12,100
A62S396032,Carevir,Immunosuppressant,12,55
G14Z767677,Ableol,Antipyretic,12,60
Y94W961992,Beststatin,Anticoagulant,12,110
U89W974275,Attorneycillin,Antidepressant,12,200
C11I573874,Datastatin,Antihypertensive,12,115
P56O654283,Eyezepam,Antipyretic,12,140
W41M837998,Forzepam,Analgesic,12,300
Z82M130328,Whatvir,Steroid,12,65
E56M698632,Formol,Anticonvulsant,12,110
T31N757389,Storystatin,Anti-inflammatory,12,350
T91M404316,Expertcillin,Vitamin,12,120
O8R617396,Moststatin,Antidepressant,12,45
R41H143699,Interestingvir,Antiviral,12,550
M67U944505,Controlxone,Antibiotic,12,250
O71J644521,Underxone,Anticoagulant,12,150
N84J662218,Admitzepam,Diuretic,12,550
G51Q800721,Receivezepam,Antipsychotic,12,130
X20W972592,Frontstatin,Vaccine,12,500
W10C729643,Lawyercillin,Antifungal,12,75
N8M714241,Capitalzepam,Anti-inflammatory,12,140
N37U337760,Forgetol,Vitamin,12,550
G79Q307111,Developzepam,Vitamin,12,50
A2W444929,Millionzepam,Analgesic,12,85
E73X408779,Yetcillin,Antibiotic,12,55
D0G886916,Turnol,Antipyretic,12,90
E51U439815,Sevenxone,Vaccine,12,300
B18V397622,Skillcillin,Antihypertensive,12,90
C45K61466,Differentol,Antifungal,12,650
B2Y258830,Clearzepam,Antifungal,12,150
O94V317855,Glassxone,Antidepressant,12,250
V31R462236,Daughtervir,Respiratory,12,600
L35W814999,Towardvir,Antiviral,12,250
T92I672922,Necessaryin,Antiviral,12,100
X88J747854,Thusvir,Vaccine,12,600
W32F818645,Workerxone,MuscleRelaxant,12,200
J73W968317,Underin,Antihypertensive,12,400
Z41K379768,Sidexone,Diuretic,12,80
F62O792891,Notein,Antibiotic,12,500
E86W103613,Reasonxone,Antifungal,12,500
H31Z584993,Womanzepam,Anticoagulant,12,70
X24U557000,Myselfcillin,Antiviral,12,50
E25D204760,Billzepam,MuscleRelaxant,12,100
O46U467762,Tradeol,Respiratory,12,200
V51T919465,Paperxone,Antiviral,12,85
C59A701763,Laughcillin,Anticoagulant,12,55
A15E15118,Bodyzepam,Antihypertensive,12,500
A34W359848,Readyol,Vitamin,12,150
C37X416825,Windol,Anticoagulant,12,80
K53B336309,Simplyzepam,Analgesic,12,65
L58Y343691,Itscillin,Diuretic,12,150
F78G3970,Coldstatin,Antihypertensive,12,55
L53X186970,Drawol,Analgesic,12,200
X48Y41385,Doorstatin,Analgesic,12,45
J29H367402,Economyin,Antipyretic,12,350
T50D765692,Todaycillin,Cardiovascular,12,300
V8Z571915,Preventcillin,Immunosuppressant,12,100
U89M908874,Firstol,Antipyretic,12,250
S59Q303255,Admitstatin,Steroid,12,120
U9A992727,Historyol,Antipsychotic,12,55
P84N279268,Allowzepam,Antipyretic,12,300
T99H789664,Nightstatin,Antifungal,12,55
K65C555996,Importantin,Anticonvulsant,12,100
J4I874005,Opportunityxone,Immunosuppressant,12,300
B93Y24503,Anyxone,Antipsychotic,12,250
U16T786036,Outin,Anti-inflammatory,12,110
B5H744611,Internationalvir,Antihistamine,12,500
I35F785996,Processxone,Antibiotic,12,450
H93Y403119,Managerstatin,Vaccine,12,650
V47F326259,Takeol,Antiviral,12,85
O3E86825,Pressurezepam,Antibiotic,12,200
S87H417053,Rockol,Analgesic,12,250
G97K712003,Deepzepam,Antipsychotic,12,105
U78Q111320,Computerstatin,Antifungal,12,600
D52T461011,Knowledgein,Anticoagulant,12,60
W15M506324,Missionstatin,Antifungal,12,450
J85E342019,Knowzepam,Anti-inflammatory,12,300
C44W672171,Discussxone,Steroid,12,110
U80V231553,Sharein,Anti-inflammatory,12,125
V13X747476,Availablexone,Antidepressant,12,55
G28P230801,Mrsxone,Antihypertensive,12,350
C55O828603,Marriageol,Antihistamine,12,100
D48L399563,Enterxone,Immunosuppressant,12,130
M98E429661,Humanol,Vitamin,12,500
Z31T120846,Quiteol,Anticonvulsant,12,150
Y72Y452567,Shouldervir,Antidepressant,12,250
V24P673048,Lifecillin,Antipsychotic,12,75
S87I644413,Knowxone,Respiratory,12,105
C99X304683,Fearzepam,Anticonvulsant,12,125
S22D53029,Partystatin,Anticoagulant,12,55
H16C622073,Sensexone,Anti-inflammatory,12,65
A68N494295,Somethingzepam,Antibiotic,12,115
K43L396494,Memberxone,MuscleRelaxant,12,65
T24D269180,Presidentxone,Anti-inflammatory,12,85
J25H159737,Sharevir,Diuretic,12,75
V8O677384,Kindcillin,Steroid,12,400
X19A312352,Mightvir,Steroid,12,90
N79R154477,Electionxone,Antidepressant,12,50
F24A558012,Fightcillin,Antibiotic,12,65
M62V196657,Finezepam,Anticonvulsant,12,200
Z33G786918,Popularstatin,Antipyretic,12,115
H76D545464,Americanzepam,Cardiovascular,12,50
H6V961123,Goodcillin,Antibiotic,12,650
F38P3726,Termin,Anticoagulant,12,550
J13X903297,Theyvir,Antihypertensive,12,300
M41J230537,Whitein,Steroid,12,300
M87G296270,Seatcillin,Respiratory,12,350
B8L904377,Newspaperxone,Antihistamine,12,600
V89W970212,Supportcillin,Antihypertensive,12,600
G1J218191,Specialin,Antidepressant,12,60
Z95N300150,Somethingin,Anti-inflammatory,12,70
M76Y960579,Tonightvir,MuscleRelaxant,12,550
K72T749295,Attentionin,MuscleRelaxant,12,150
H68H376149,Conferencecillin,Respiratory,12,120
K92H754777,Directionxone,MuscleRelaxant,12,300
G91M957032,Similarstatin,Anticonvulsant,12,80
E56E118097,Headxone,Analgesic,12,500
I2W781482,Worryvir,Antibiotic,12,300
F58C744778,Moveol,Diuretic,12,125
M5M191266,Humanvir,Antipsychotic,12,95
W27J736204,Somebodyzepam,Vaccine,12,400
B8L125335,Servevir,Respiratory,12,500
F46S18024,Peaceol,Antiviral,12,95
E6Z756627,Performxone,Antipyretic,12,600
R64J617554,Runin,Antihypertensive,12,150
L78W629051,Familyvir,Antibiotic,12,300
X89F251038,Benefitvir,Anticonvulsant,12,120
R56H10468,Watchol,Diuretic,12,300
Q51J905207,Cupin,Cardiovascular,12,80
B93J776881,Lookstatin,Antihistamine,12,60
S85U115132,Natureol,Antipsychotic,12,650
H82C557276,Successfulin,Antihypertensive,12,450
H42A487372,Herestatin,Antihistamine,12,400
F5S283452,Particularlycillin,Analgesic,12,600
M79C815381,Nextzepam,Vaccine,12,300
O49N282962,Sidecillin,Antifungal,12,400
R37K562017,Doorol,Analgesic,12,550
Z60T474337,Termcillin,Steroid,12,95
Q9P310946,Handvir,Analgesic,12,550
J59C535421,Understandol,Anticoagulant,12,200
J92V826571,Thatzepam,Vitamin,12,450
T78E923539,Muchvir,Immunosuppressant,12,60
D47U861095,Communityol,Analgesic,12,95
Y73Z735984,Somebodyol,Immunosuppressant,12,400
Z22X379652,Bedstatin,Antifungal,12,75
P27O231175,Similarcillin,Analgesic,12,400
W95Z61369,Seasonxone,Antihistamine,12,90
V27X544528,Programin,Analgesic,12,55
A56T791616,Awayxone,Antihistamine,12,550
G28K510693,Questioncillin,Respiratory,12,150
R46V995396,Stageol,Antipyretic,12,90
J60Z736730,Actuallyin,MuscleRelaxant,12,110
D25Y534165,Withcillin,Anti-inflammatory,12,300
P99U874703,Momentvir,Vaccine,12,90
D73S794831,Commonzepam,Antidepressant,12,500
F53S84888,Bodystatin,Antiviral,12,150
O66Y712942,Deepstatin,Antidepressant,12,85
U17F691049,Describevir,Anti-inflammatory,12,75
Z72U525629,Newcillin,Antidepressant,12,550
N20Z599401,Candidatestatin,Antifungal,12,450
S43P366313,Thatxone,Steroid,12,250
B52K952756,Turnzepam,Anticoagulant,12,105
M42Q104065,Scenevir,Antifungal,12,550
A95F135240,Modelzepam,Antiviral,12,300
V68U922137,Partyvir,Respiratory,12,100
C30Q218404,Bringol,Antipyretic,12,130
P52O148960,Dogcillin,Antidepressant,12,400
S72T408596,Finallyxone,Cardiovascular,12,550
Z41W772381,Summerin,Antiviral,12,600
U51Q264649,Remaincillin,Cardiovascular,12,550
I45A499142,Entireol,Analgesic,12,300
B53D273506,Wouldvir,Vitamin,12,550
U83L362627,Youngol,Respiratory,12,200
E96J323351,Tradevir,Vaccine,12,450
F65L943350,Challengein,Antibiotic,12,150
N10C702571,Servezepam,Analgesic,12,95
Y82F434419,Hearxone,Antihistamine,12,200
R56M402527,Everyonestatin,Anti-inflammatory,12,450
D9G850489,Withoutvir,Antihypertensive,12,105
A3F861009,Nextol,Anticoagulant,12,500
Q82P711284,Mrsxone,Cardiovascular,12,95
A19X149755,Agovir,Antihypertensive,12,300
X31L755100,Momentcillin,Cardiovascular,12,45
C42A359471,Politicsxone,Anticoagulant,12,300
M99B547849,Eithervir,Antiviral,12,140
E6A943299,Everyonevir,Antidepressant,12,550
R92P409592,Wordvir,Antifungal,12,110
M76A961180,Althoughzepam,Antihypertensive,12,600
T29D415965,Sensevir,Immunosuppressant,12,500
G71V632876,Spacecillin,Antibiotic,12,200
J32W384747,Currentxone,Antifungal,12,50
U5N575483,Internationalcillin,Antipsychotic,12,115
E83G143149,Followzepam,Anti-inflammatory,12,250
E26H264324,Togethervir,Antiviral,12,650
T29F120140,Decisionin,Vitamin,12,100
V48T927823,Yearvir,Antipsychotic,12,90
P42C214939,Gostatin,MuscleRelaxant,12,60
K63Y929340,Describezepam,Antifungal,12,90
S78I683364,Tripol,Antipyretic,12,60
K96T443923,Beautifulstatin,Antipsychotic,12,400
G41C496578,Startstatin,Antibiotic,12,400
K55D497055,Shouldcillin,Respiratory,12,65
B87U966924,Nothingxone,Antibiotic,12,70
D26X461824,Ifcillin,Anticonvulsant,12,300
T42P511298,Monthzepam,Antidepressant,12,80
O2K700443,Debatezepam,Antipsychotic,12,350
J49B354544,Wifestatin,Antifungal,12,650
O4K830768,Tvzepam,Analgesic,12,55
W20S746396,Pastin,Antipyretic,12,400
C70W770278,Whomol,Anticoagulant,12,50
F6O993553,Ofvir,Antipyretic,12,350
I29G223093,Individualcillin,Steroid,12,650
Q37I970094,Avoidzepam,Cardiovascular,12,110
Z21A746858,Billionin,Antihistamine,12,350
E65T701192,Okol,Antipyretic,12,300
T27R336317,Personalzepam,Steroid,12,550
D16A360532,Enoughzepam,Anticonvulsant,12,95
I70C373293,Againstxone,Cardiovascular,12,110
O34H81375,Firmvir,Immunosuppressant,12,350
K55H929823,Popularstatin,Cardiovascular,12,200
Q20V901461,Footvir,MuscleRelaxant,12,600
Z74C940857,Reducein,Antidepressant,12,55
Q60X12794,Newspaperin,Analgesic,12,55
L53H42389,Readin,MuscleRelaxant,12,250
K63A121934,Muchol,Diuretic,12,650
N95E212183,Buyzepam,Anti-inflammatory,12,60
L77Q395269,Finallyol,Antiviral,12,500
U19F576906,Lotcillin,Diuretic,12,400
Y1Q401727,Thoughtstatin,Antiviral,12,600
J74R534123,Sincevir,Antihistamine,12,55
B3N498310,Wifein,Antihistamine,12,100
L88Q583648,Shouldzepam,Analgesic,12,350
R12Y823281,Timestatin,Vaccine,12,400
K57Z335828,Mustin,Respiratory,12,400
K91R978686,Personalstatin,Anticonvulsant,12,105
X4O977176,Tripxone,Vaccine,12,250
O11F31300,Newspapervir,Anticoagulant,12,90
O26A871920,Bodyin,Steroid,12,50
Q18U831313,Imagevir,Anticonvulsant,12,350
U13G780168,Anyonexone,Anti-inflammatory,12,200
Y86I339762,Endin,Analgesic,12,50
Z94I34109,Consumerin,Antiviral,12,500
V73L795439,Optionstatin,Steroid,12,550
S81O632644,Somein,Cardiovascular,12,110
J4P928553,Itselfcillin,Antidepressant,12,300
M88D616801,Reflectol,Analgesic,12,200
B57E432855,Largezepam,Vaccine,12,350
P37U341621,Restcillin,Steroid,12,100
H92Q82154,Laystatin,Antihistamine,12,200
G15M854482,Recordol,Antifungal,12,550
P4X87314,Rangexone,Vitamin,12,105
W40K438998,Whyin,Antibiotic,12,250
J7S85470,Skinol,Cardiovascular,12,400
H94B593531,Growthol,Antihistamine,12,300
F81Y882622,Thirdol,Anticonvulsant,12,95
Y14M143552,Pastvir,Vaccine,12,350
L32G200234,Doctorzepam,MuscleRelaxant,12,300
J13B110233,Productioncillin,Diuretic,12,70
X53N454943,Leftxone,Anti-inflammatory,12,600
Y85J910679,Thuszepam,Vaccine,12,95
L56L649939,Parentxone,Analgesic,12,65
J16P599303,Officervir,Antifungal,12,115
U52Q380214,Reachstatin,Analgesic,12,60
Z99R47980,Knowledgecillin,Anti-inflammatory,12,450
C99T424670,Anythingzepam,Diuretic,12,350
W15C892825,Skinol,Antihistamine,12,450
N34M123403,Himselfol,Antiviral,12,250
T65W461350,Affectzepam,Anti-inflammatory,12,90
J31M501951,Handin,Cardiovascular,12,250
D12K790655,Sourcexone,Antibiotic,12,300
S53P776940,Historyol,Vitamin,12,60
M24R16207,Mancillin,Antifungal,12,450
T85E556525,Significantxone,Antihypertensive,12,80
U86B863489,Staffxone,Antidepressant,12,200
R2X782672,Trainingin,Antihypertensive,12,95
L49N654489,Particularzepam,Antihistamine,12,550
N80I588985,Reducestatin,Antidepressant,12,450
H14P141312,Seemxone,Antihypertensive,12,115
H35K773128,Storezepam,Antidepressant,12,350
F39G751287,Createstatin,Antiviral,12,600
Z94L281319,Speakvir,Immunosuppressant,12,500
H4U80178,Majorstatin,Immunosuppressant,12,70
Y5Y158968,Newspaperin,Antipyretic,12,110
P95Z662924,Realizein,Anticoagulant,12,60
A24G324212,Respondxone,Antihistamine,12,250
S66T424218,Whetherxone,Steroid,12,350
D16P662201,Abovexone,Antihypertensive,12,400
X37F983224,Gardenvir,Antidepressant,12,90
E24T87412,Bevir,Anti-inflammatory,12,300
J55C792998,Understandstatin,Antidepressant,12,350
S57O602395,Whilevir,Antipyretic,12,120
F19G730418,Partystatin,Diuretic,12,300
A37U180962,Songcillin,Antihypertensive,12,300
Y94V975563,Votein,Cardiovascular,12,70
B0V745730,Fearin,MuscleRelaxant,12,450
B3P216544,Growthzepam,Anticonvulsant,12,85
L54T540162,Mindstatin,Anti-inflammatory,12,500
A24Y364422,Particularol,Antifungal,12,250
D29R70010,Standardol,Anti-inflammatory,12,200
C47F484942,Particularcillin,Vaccine,12,450
E96W660110,Whomol,Antifungal,12,550
F32Y423709,Firmvir,Immunosuppressant,12,85
L72K615174,Keepol,Antidepressant,12,300
X6G810130,Beyondol,Anticonvulsant,12,350
Y94M796940,Pagexone,Anticonvulsant,12,115
F5I445178,Usuallyol,Antidepressant,12,500
F4X404467,Centerol,Respiratory,12,400
U97L903528,Actvir,Anticoagulant,12,400
Y95B466009,Fewcillin,Anticoagulant,12,110
F29T691428,Shouldzepam,Antipyretic,12,550
I85V684874,Millionxone,Steroid,12,200
G92E179956,Chargecillin,Diuretic,12,110
V74T903382,Howzepam,Antiviral,12,200
D91Z335015,Datain,Antiviral,12,75
D99G960931,Middlexone,Steroid,12,650
X42U785142,Maincillin,Antipsychotic,12,115
Z11J260979,Whomxone,Diuretic,12,120
A13G672931,Coachol,Anticonvulsant,12,70
W83S169108,Recentzepam,Antipyretic,12,110
P70R681863,Somebodyvir,Anticonvulsant,12,600
J28C773396,Industryol,Antihistamine,12,650
G90O931680,Beginstatin,Antihistamine,12,500
A24C130779,Coachcillin,Anticonvulsant,12,80
L69P914565,Theorycillin,Analgesic,12,65
Q40K316765,Offin,Anticoagulant,12,600
N95F508250,Whenxone,Antihistamine,12,110
N55W964479,Stopvir,Anticonvulsant,12,400
O98H857980,Everyzepam,Anticonvulsant,12,550
L70P271398,Overzepam,Anti-inflammatory,12,400
U76L359533,Organizationzepam,Antipsychotic,12,550
B68D952539,Thoughtcillin,Antipyretic,12,50
Q94L180249,Beginin,MuscleRelaxant,12,250
K36R911364,Outsideol,Diuretic,12,600
B34Q173778,Herselfvir,Anti-inflammatory,12,500
I63U482385,Managervir,Vaccine,12,400
M95Y997858,Typevir,Anticoagulant,12,300
L77K448202,Doorstatin,Antihypertensive,12,75
L87Y709874,Hourin,Anticoagulant,12,150
J47N927353,Designxone,Respiratory,12,115
S45Z257323,Yeahcillin,Antibiotic,12,500
B10Z821649,Thanol,Steroid,12,500
Y61T465065,Causestatin,Antifungal,12,600
Z43N216743,Fivezepam,Antibiotic,12,110
O68Y757774,Powerxone,MuscleRelaxant,12,650
P23J276120,Offercillin,Anti-inflammatory,12,110
G9J319221,Ourvir,Antifungal,12,500
B69P362339,Streetstatin,Antihistamine,12,550
K59H579983,Travelcillin,Analgesic,12,120
K95X295898,Namezepam,Diuretic,12,400
S23Q436360,Eatxone,Anti-inflammatory,12,110
F31S167183,Fromvir,Antipsychotic,12,90
A17H536797,Middlezepam,Antidepressant,12,450
T31C730882,Townzepam,Anticonvulsant,12,105
E58R158823,Hopein,Antifungal,12,650
E50O530300,Sometimesstatin,Respiratory,12,300
R15Z232553,Characterol,MuscleRelaxant,12,250
O74J537848,Herselfvir,Cardiovascular,12,600
T59J805300,Marriagein,Anticoagulant,12,300
V68G944910,Gardenin,Antihypertensive,12,115
C51C575153,Particularlystatin,Antibiotic,12,200
C42W276329,Workerxone,Antidepressant,12,450
A97I592504,Computerstatin,Diuretic,12,450
Z53O144698,Centralin,MuscleRelaxant,12,200
Y15M609246,Buildingcillin,Antipyretic,12,300
C94P750545,Teamin,Cardiovascular,12,70
G20S226070,Fieldcillin,Antipyretic,12,450
L41M909916,Movementcillin,Antipsychotic,12,115
Z21A18804,Stuffvir,Cardiovascular,12,145
A62W513223,Mostol,Antifungal,12,50
Z53P14832,Someol,Analgesic,12,300
I28O832163,Thingzepam,Antifungal,12,400
G10L243991,Availablecillin,Analgesic,12,550
Z53H181089,Whitevir,Vaccine,12,400
S89P647124,Modelin,Antibiotic,12,85
X87N672791,Considerol,Anticoagulant,12,350
D44D936852,Askstatin,Antifungal,12,500
Q49M368651,Populationin,Antifungal,12,70
O4H817634,Reducezepam,Respiratory,12,400
K88Y527293,Basexone,Antibiotic,12,250
N68U739675,Supportzepam,Immunosuppressant,12,120
E65O243182,Memorystatin,Vaccine,12,150
R46C93650,Eveningol,Anti-inflammatory,12,300
L21A2464,Otherol,Anti-inflammatory,12,90
U49D285558,Nonein,Immunosuppressant,12,550
D30F42657,Actioncillin,Vaccine,12,600
Y25Z697199,Startvir,Antifungal,12,600
Y32M142870,Someonein,Vaccine,12,150
Z9O699263,Hezepam,Vitamin,12,90
U37Y262346,Anythingol,Antipyretic,12,450
T44D699573,Citizenvir,Analgesic,12,75
A85M330472,Republicancillin,Respiratory,12,450
P90Y670940,Identifyxone,Steroid,12,500
N60Q187911,Hopexone,Respiratory,12,250
L78N87820,Withzepam,Diuretic,12,105
U45W921580,Somebodycillin,Antifungal,12,85
Q40H559334,Developcillin,Anticoagulant,12,400
W70T831025,Natureol,Antibiotic,12,250
W76D870725,Surein,Vaccine,12,115
R4O204015,Thoughcillin,Anti-inflammatory,12,105
I80O999665,Chairol,Antihistamine,12,550
L49G799276,Groundol,Antiviral,12,110
G60T389277,Modelol,Antiviral,12,90
N17H909734,Makeol,Anti-inflammatory,12,100
B22X370151,Buyzepam,Antifungal,12,95
S72E372055,Samein,Anti-inflammatory,12,80
B27M319739,Wondercillin,Antipyretic,12,55
Y83L76004,Mustcillin,Vitamin,12,300
X71Z633159,Growthzepam,Antiviral,12,350
S4L599078,Freestatin,Anticoagulant,12,150
E34C2830,Certainlystatin,Antifungal,12,450
K47H58510,Ain,Antihistamine,12,250
Z66K276133,Anyvir,Diuretic,12,85
C16B807543,Respondin,Vitamin,12,300
X31P68146,Billionzepam,Antipsychotic,12,600
R43C243902,Doctorcillin,MuscleRelaxant,12,300
P49U869506,Everythingol,Respiratory,12,550
N18A159494,Agentzepam,Immunosuppressant,12,450
A60E337778,Buyin,Antidepressant,12,105
X47J685367,Changexone,Antihypertensive,12,250
N39B662312,Unitcillin,Antihypertensive,12,200
X68K407916,Typevir,Antihistamine,12,120
O83R573761,Remembervir,Anticonvulsant,12,110
A60K140052,Protectin,Cardiovascular,12,250
Q2L614284,Askvir,Diuretic,12,650
G62V626668,Ifstatin,Respiratory,12,145
H33S495581,Forgetvir,Diuretic,12,550
I58M924825,Recentlyzepam,Antifungal,12,130
Q27A126520,Windcillin,Antiviral,12,70
N33S958379,Rememberin,Antihypertensive,12,350
J38F261927,Myvir,Steroid,12,120
X99Q615055,Breakin,Antifungal,12,50
U85A894492,Norol,Antipyretic,12,60
F27L634494,Citizenvir,Antipsychotic,12,85
F56Z740332,Norxone,Analgesic,12,50
K68F209112,Eventxone,Anticonvulsant,12,80
G71I766164,Talkvir,Anti-inflammatory,12,150
X11R931991,Secondzepam,Antibiotic,12,65
L46W566264,Bringzepam,Respiratory,12,85
L86K762647,Tellstatin,Vaccine,12,115
X28N604808,Thanxone,Analgesic,12,650
E67D324761,Nextxone,Immunosuppressant,12,600
H23K83412,Safein,Antipyretic,12,120
T73K198331,Concernvir,Anti-inflammatory,12,500
G30D534252,Policystatin,Anticonvulsant,12,650
M73C377743,Educationzepam,Antipsychotic,12,55
V82M217806,Crimevir,Antipyretic,12,125
B0D245773,Financialin,Antihistamine,12,550
E76A245972,Happenol,Antidepressant,12,55
B25F482657,Securitystatin,Anticonvulsant,12,105
Q13S356493,Militarycillin,MuscleRelaxant,12,250
T52T398542,Usuallyol,Antidepressant,12,100
P34J586296,Methodstatin,Antiviral,12,85
Y50P401603,Fearol,Cardiovascular,12,450
L21C209680,Resourceol,Anticoagulant,12,120
P7N471289,Howevervir,Antipyretic,12,300
E92W114944,Stayvir,Antifungal,12,300
T63I246095,Improveol,Anti-inflammatory,12,300
W61M856416,Glassxone,Anticonvulsant,12,600
W74O424049,Casexone,Antipyretic,12,50
U49U432400,Eventzepam,Anticonvulsant,12,120
H10N354040,Researchxone,Cardiovascular,12,350
E75U444454,Thusxone,Anticonvulsant,12,90
N53D26666,Backstatin,Antibiotic,12,400
H58T11131,Positioncillin,Antibiotic,12,50
M1L815768,Nearstatin,Antidepressant,12,150
W21B837801,Seekin,Antidepressant,12,350
L80O133014,Statementxone,Cardiovascular,12,55
D46R840541,Armol,Respiratory,12,120
N74F527164,Coursein,Antipyretic,12,650
K1M998445,Staffstatin,Antibiotic,12,650
O48L506047,Whomzepam,Anti-inflammatory,12,300
J53G943557,Imaginestatin,Respiratory,12,300
Y99T839646,Foreignstatin,Immunosuppressant,12,105
L22Q888542,Faststatin,Antifungal,12,115
S50Q577856,Oncillin,Vaccine,12,400
K0M92836,Eitherxone,Antipsychotic,12,95
Y94B401039,Thirdvir,Immunosuppressant,12,60
H4A729779,Choosestatin,Immunosuppressant,12,85
W11A61393,Everycillin,MuscleRelaxant,12,650
Y84W561165,Economicxone,Antidepressant,12,400
I47O46592,Finallyzepam,Immunosuppressant,12,300
M15Y586435,Actzepam,Antidepressant,12,600
H69F553687,Performvir,Anticonvulsant,12,60
R33K46291,Beforevir,Analgesic,12,400
B2R919239,Avir,Vitamin,12,600
C22F312988,Thencillin,Antiviral,12,95
U78J208690,Clearlyol,Antihypertensive,12,75
G77R629663,Capitalvir,Steroid,12,350
M85Y7071,Songcillin,Antibiotic,12,300
A8P457381,Mindol,Respiratory,12,65
K30S872246,Returnstatin,Anticoagulant,12,550
B37O747839,Systemxone,Antibiotic,12,550
C51L577694,Dayin,Antifungal,12,600
B29R969785,Todayol,Antidepressant,12,135
Y26B383758,Singlevir,Antidepressant,12,110
Q39G392706,Comparevir,Anticonvulsant,12,300
W76U189668,Countryvir,Anticoagulant,12,50
G47J136769,Religiouszepam,Anticonvulsant,12,600
D8O743697,Togetherzepam,Vitamin,12,450
H7Y915556,Usin,Diuretic,12,400
E12O660676,Informationxone,Antihypertensive,12,350
S70I890349,Bodyxone,Antipsychotic,12,150
E64H248846,Springol,Respiratory,12,350
R97T65450,Countryvir,Immunosuppressant,12,110
G27Y483217,Picturein,Steroid,12,300
J55W405055,Playin,Anticoagulant,12,110
T19O866401,Environmentalzepam,Anti-inflammatory,12,115
R75H965689,Voicestatin,Antibiotic,12,70
C14H888734,Economicstatin,Antifungal,12,80
I65O755528,Commonvir,Antipsychotic,12,600
F90Y874223,Twostatin,Antiviral,12,115
K95K886920,Aheadxone,Antibiotic,12,550
J34G307097,Airxone,Anti-inflammatory,12,95
X49G668094,Whatxone,Diuretic,12,95
P10L824199,Discovercillin,Antiviral,12,600
Y65M633069,Areastatin,Anti-inflammatory,12,550
R25U937468,Tostatin,Cardiovascular,12,120
S19C929202,Husbandzepam,Antiviral,12,250
Z50D763456,Thoughstatin,Immunosuppressant,12,650
N25N865287,Perhapscillin,Cardiovascular,12,250
Q87C509817,Oncevir,Steroid,12,550
A60O163983,Certainlycillin,Immunosuppressant,12,550
X85G917657,Continuezepam,Vaccine,12,500
H31Q365518,Thoughtol,Steroid,12,550
T42X995699,Leadvir,Anti-inflammatory,12,350
X45C826666,Herin,Anti-inflammatory,12,600
R3K137390,Bagstatin,Vitamin,12,120
H38Q902533,Picturevir,Antibiotic,12,120
L91Y506058,Plantzepam,Immunosuppressant,12,600
G14G40361,Nearol,Anti-inflammatory,12,550
I31D414984,Audienceol,Vitamin,12,450
W11M39412,Withinol,Antibiotic,12,100
Y8B615788,Ascillin,MuscleRelaxant,12,60
C16T212455,Waitol,Anticonvulsant,12,90
R77L446701,Letol,Antihistamine,12,150
B81X37418,Whyvir,Antibiotic,12,115
P56P933472,Whomol,Anticonvulsant,12,60
A34E421861,Neverin,Antidepressant,12,300
T0L255727,Everyol,Antipyretic,12,110
I46K136567,Buildzepam,Anticoagulant,12,70
V11J294799,Passol,Antipyretic,12,120
R25W995044,Fromcillin,Antihistamine,12,500
W28K261295,Wantol,Antihistamine,12,105
D11U559282,Analysisstatin,Antifungal,12,300
W84L815630,Walkxone,Antipyretic,12,300
Q41Q923763,Provezepam,Antihistamine,12,300
Z3G240843,Holdstatin,Respiratory,12,110
M16U137373,Worrystatin,Analgesic,12,135
W45A205906,Alongstatin,Anticoagulant,12,200
H81E21256,Doorin,Antipyretic,12,250
B74O596934,Weightzepam,Antifungal,12,500
J91C866687,Daughterstatin,Anticonvulsant,12,95
C8T843036,Yearin,Diuretic,12,60
A94R364449,Bagvir,Cardiovascular,12,100
Q60E929432,Breakin,Antipyretic,12,150
G9P731036,Recentlyzepam,Diuretic,12,115
N71D126053,Americanzepam,Respiratory,12,80
P60Q235141,Elsezepam,Respiratory,12,65
R97R288691,Entercillin,Steroid,12,45
J73U962050,Totalzepam,Antidepressant,12,150
R69A146205,Everybodyin,MuscleRelaxant,12,90
I13F321377,Typexone,Antiviral,12,400
U49O881329,Sectioncillin,Antipsychotic,12,50
D37O444953,Supportstatin,Analgesic,12,400
Y87X425361,Nozepam,Immunosuppressant,12,50
A75O976095,Doorcillin,Anticonvulsant,12,115
D45O141055,Stillzepam,Antipsychotic,12,300
P25P332294,Cameraol,Anticoagulant,12,300
N21M508710,Effortzepam,Antidepressant,12,450
I95P232892,Thoughxone,Antidepressant,12,150
I49R21648,Coldin,Antihypertensive,12,105
M96F827365,Followzepam,Cardiovascular,12,250
N49E238644,Createvir,Vaccine,12,300
I32P896326,Haveol,Antipsychotic,12,600
J63H739060,Statevir,Antipyretic,12,95
I64E308887,Singlexone,Diuretic,12,650
X44X367414,Firestatin,Diuretic,12,400
H99M305939,Avoidzepam,Antidepressant,12,250
G29B264916,Likexone,Antihistamine,12,65
E6U154148,Norvir,Diuretic,12,80
N9G939193,Buycillin,Antihistamine,12,300
J41B327992,Decidestatin,MuscleRelaxant,12,300
Z51S489422,Otherscillin,Antidepressant,12,400
G73V749796,Carein,Anti-inflammatory,12,450
K85Q148350,Likecillin,Anti-inflammatory,12,105
D68U454111,Probablycillin,Steroid,12,250
M95Y736627,Friendvir,Vitamin,12,550
S33L992924,Willcillin,Respiratory,12,120
N82K842985,Controlxone,Diuretic,12,350
C86N945866,Professionalzepam,MuscleRelaxant,12,75
V84Y752935,Sometimesxone,Antibiotic,12,75
P67Y349235,Answerstatin,Antidepressant,12,200
F61L115087,Wonderin,Respiratory,12,200
C30W104112,Actionstatin,Cardiovascular,12,90
G7S949714,Materialol,Anticoagulant,12,300
A14J129540,Campaignzepam,Immunosuppressant,12,75
O85A749134,Citizenol,Vaccine,12,80
Z46Y513618,Usuallystatin,Antidepressant,12,300
H99M3341,Forwardzepam,Anti-inflammatory,12,95
H31B125550,Towardcillin,Immunosuppressant,12,105
J86F678186,Whilexone,Analgesic,12,90
R33K388184,Howeverol,Anti-inflammatory,12,650
F68T22678,Theyin,Antipyretic,12,150
U25F205639,Everybodystatin,MuscleRelaxant,12,650
L81G52192,Seatin,Immunosuppressant,12,90
Y58M954912,Ratein,Anticonvulsant,12,350
D41Z417316,Decadeol,Anticoagulant,12,55
G4I787866,Mindzepam,Vitamin,12,350
I70N728168,Mustol,Steroid,12,60
O42W713837,Newin,Diuretic,12,95
W49S629773,Soundxone,Diuretic,12,60
J55Q668331,Gasol,Antipsychotic,12,90
V67W118740,Askvir,MuscleRelaxant,12,50
O63X541934,Differencestatin,Antihistamine,12,80
V38Y345007,Animalol,Antipsychotic,12,80
F74R197316,Hopecillin,Analgesic,12,70
A3O465885,Everybodyxone,Anti-inflammatory,12,300
C44L485288,Heartcillin,Steroid,12,450
E15I990743,Westernvir,Vitamin,12,110
X5E673420,Benefitol,Vitamin,12,200
K13Y334434,Magazinecillin,Antidepressant,12,140
H62Y320223,Mrzepam,Respiratory,12,110
M63M373678,Culturein,Antihypertensive,12,80
I43A182840,Energyin,MuscleRelaxant,12,300
L68A319417,Respondzepam,MuscleRelaxant,12,300
N33Y335479,Generalzepam,Analgesic,12,85
J30R806913,Localcillin,Cardiovascular,12,600
T26D116860,Moneyzepam,Steroid,12,105
Z79E349672,Yardzepam,Antifungal,12,100
X46B827182,Consumerstatin,Anticoagulant,12,50
P55F173224,Readyin,Vaccine,12,250
V14W689465,Themselvesol,Antipyretic,12,300
S18A32214,Whetherol,Antihypertensive,12,90
E30Z158912,Latevir,Anti-inflammatory,12,100
K52M446158,Powerxone,Vaccine,12,300
P65U745358,Existcillin,Analgesic,12,50
T27T873211,Himselfol,Antihistamine,12,105
Y65P725318,Girlzepam,Vaccine,12,650
P53D434387,Discussionstatin,Immunosuppressant,12,600
J56T475672,Especiallystatin,Diuretic,12,90
K90Q715762,Authorxone,Anticonvulsant,12,300
O36Z229933,Herstatin,Antihistamine,12,400
S19W417470,Centralol,Vaccine,12,500
O52P104987,Shortxone,Immunosuppressant,12,400
D94M419741,Casein,Vitamin,12,80
S79I165437,Securityol,Antihistamine,12,300
K60E952754,Preventvir,MuscleRelaxant,12,105
X37P175062,Identifyxone,Immunosuppressant,12,150
J65V471759,Abilityzepam,Antibiotic,12,400
P45X336143,Askxone,Antibiotic,12,105
W35S784773,Makein,Diuretic,12,50
V45Q49635,Throughoutin,Antipyretic,12,70
V4I796585,Coverin,Vaccine,12,600
V96A938942,Processol,Steroid,12,600
Z83E25517,Windowstatin,Anticoagulant,12,500
P72C959282,Bigin,Cardiovascular,12,95
M64X332486,Recentcillin,Antibiotic,12,550
H94I2472,Developzepam,Analgesic,12,70
O21M385876,Evidencexone,Anti-inflammatory,12,80
J42B315772,Peoplestatin,Respiratory,12,100
G18P113468,Awayzepam,Vaccine,12,500
W51Q807078,Lowstatin,Antibiotic,12,300
A44B555526,Politicszepam,Vitamin,12,550
C58M931790,Treatxone,Antihypertensive,12,300
N73T992240,Formerstatin,MuscleRelaxant,12,450
I47O540834,Seemol,Anti-inflammatory,12,95
O10W764407,Approachin,Diuretic,12,100
V59C210557,Housecillin,Diuretic,12,60
D65J596873,Yesxone,Analgesic,12,250
O57E755885,Boystatin,Vaccine,12,90
U87L633112,Createcillin,Antihistamine,12,100
E48X918852,Capitalcillin,Respiratory,12,250
B70O761756,Dayin,Anticoagulant,12,85
T52O530533,Letvir,Antipyretic,12,125
M34E417286,Humancillin,Antidepressant,12,95
S82V63541,Lifecillin,Antiviral,12,90
Z0A279972,Projectcillin,MuscleRelaxant,12,300
C27V863672,Toughin,Anti-inflammatory,12,70
A74T733141,Situationin,Antifungal,12,600
O84X738381,Troublecillin,Antihistamine,12,600
G50O465186,Insteadvir,Antifungal,12,450
B27P190526,Avoidxone,Anticoagulant,12,550
S53D767894,Samestatin,Anti-inflammatory,12,100
L30S834104,Testcillin,Analgesic,12,110
P34Y251663,Themselvescillin,Vitamin,12,100
G19P715889,Allowzepam,Anti-inflammatory,12,500
U45Y468224,Nowstatin,Antipsychotic,12,60
R27L916086,Variouscillin,Steroid,12,60
L60R116045,Colorcillin,Antihypertensive,12,100
A98S314415,Sourcexone,Antipyretic,12,300
F69D61569,Courseol,Antifungal,12,45
T35B653152,Successfulcillin,Antibiotic,12,300
I97S803998,Expectin,Analgesic,12,75
I41K625307,Newszepam,MuscleRelaxant,12,650
D55C501481,Itol,Steroid,12,350
R8Z182005,Severalvir,Anticoagulant,12,600
X39F318283,Knowledgexone,Anticonvulsant,12,350
I44K53651,Providein,Antihistamine,12,60
X21P919700,Resourcexone,Antidepressant,12,550
C72T717122,Everyonecillin,Antifungal,12,500
W98R612536,Bagcillin,Analgesic,12,350
J88Y392045,Monthxone,Anti-inflammatory,12,55
J22B958313,Toozepam,Immunosuppressant,12,85
R49C756627,Alreadyol,Antihypertensive,12,650
J40Q157496,Doorzepam,Immunosuppressant,12,70
R44A30345,Officialzepam,Antifungal,12,500
K69M503795,Assumestatin,Anticonvulsant,12,600
T3E126803,Fightzepam,Analgesic,12,100
L7I138925,Minuteol,Antipsychotic,12,60
L31R146113,Teststatin,Analgesic,12,90
P83F896175,Networkzepam,Respiratory,12,110
P67V806585,Nationalxone,Antihistamine,12,550
Y33U89561,Riskvir,Antipyretic,12,65
Y10A791616,Areacillin,Antipsychotic,12,130
E12Z391018,Faceol,MuscleRelaxant,12,300
X95X30747,Theyin,Immunosuppressant,12,70
T57F721604,Hundredin,Antihistamine,12,600
J45H825969,Backin,Antihypertensive,12,500
G87Y920435,Futurevir,Vaccine,12,150
Z43N934330,Productionzepam,Antibiotic,12,85
O14D383743,Stillstatin,Respiratory,12,450
F77H133710,Attorneyvir,Analgesic,12,600
B25T146883,Shakein,Antihistamine,12,80
C32W934306,Soin,Respiratory,12,300
E65H127796,Thanin,Vitamin,12,600
N10P946396,Thenol,Antidepressant,12,55
X37D820743,Letterol,Antiviral,12,55
Z11R688318,Fearxone,Antipyretic,12,400
H15P707575,Popularzepam,Analgesic,12,550
F20T294620,Underzepam,Diuretic,12,500
I68F823856,Threatol,Diuretic,12,65
K84J745179,Keepzepam,Antidepressant,12,300
O24Y463698,Carezepam,MuscleRelaxant,12,350
K16P575038,Improvecillin,Antifungal,12,140
H21W371502,Createstatin,Antiviral,12,90
S45B170304,Fightxone,Antiviral,12,450
U75J654420,Agreementin,Vaccine,12,550
V90B198147,Everyonein,Cardiovascular,12,110
J69O574992,Hopezepam,MuscleRelaxant,12,120
J58N103824,Localol,Antipyretic,12,650
G51X403613,Certainlycillin,Antibiotic,12,150
P72I532907,Authorzepam,Respiratory,12,150
W35G946591,Personcillin,MuscleRelaxant,12,350
B31A487579,Amountstatin,Antifungal,12,400
C28H703984,Datain,Cardiovascular,12,350
N65M197496,Localxone,Immunosuppressant,12,550
J82Z465933,Yardol,Anticonvulsant,12,400
T15Q643111,Fullstatin,Antihistamine,12,70
L28C789904,Somebodystatin,Antihistamine,12,85
E21F518257,Threatvir,Antidepressant,12,600
L24T372136,Groupstatin,Cardiovascular,12,80
X60F342716,Quitestatin,Vaccine,12,300
E6Y998798,Thusol,Respiratory,12,90
O77N513099,Writerin,Antipyretic,12,650
F47W48993,Coachzepam,Antihistamine,12,100
P30V529387,Suchzepam,Anticoagulant,12,350
L53P985509,Mrcillin,Antiviral,12,85
L4Z8236,Factorcillin,Antifungal,12,85
X87J944969,Americanzepam,Cardiovascular,12,200
W9J59067,Mustvir,Antibiotic,12,200
N31J539131,Technologyxone,Vaccine,12,75
Q44V710759,Animalxone,Vitamin,12,350
X60E685284,Representcillin,Antidepressant,12,100
E61I641098,Magazinevir,Antiviral,12,450
V47Q941488,Stylezepam,Vitamin,12,105
L14R911728,Ordercillin,Immunosuppressant,12,650
Z31W486084,Uponxone,Respiratory,12,95
D98L305621,Relateol,Antibiotic,12,60
M24H910853,Writestatin,Diuretic,12,110
A71C770948,Pointin,Antifungal,12,300
B6F4756,Successfulvir,Antidepressant,12,200
O28I908757,Jobstatin,MuscleRelaxant,12,95
Z86Q473086,Tradevir,Antifungal,12,500
I43F406253,Agexone,Respiratory,12,600
X48D440541,Personin,Vitamin,12,150
L26R741325,Individualzepam,Anti-inflammatory,12,400
V76F433034,Occurxone,Antifungal,12,65
Y33X246532,Controlol,Antihypertensive,12,100
D85U571930,Therezepam,Anti-inflammatory,12,450
Y41M822511,Resourceol,Antihistamine,12,115
W55B5003,Treezepam,Cardiovascular,12,80
A28E301178,Courtxone,Antibiotic,12,250
L77Q846726,Starin,Vaccine,12,115
T67O284966,Andxone,Antifungal,12,550
D10N694674,Clearol,Antihypertensive,12,75
E33X214715,Westernvir,Anti-inflammatory,12,100
U71I987570,Servecillin,Antipyretic,12,450
M38A89090,Deepol,Antipsychotic,12,80
G78O502244,Towardcillin,Vaccine,12,350
Z38V68367,Subjectin,Vaccine,12,140
P46H547207,Directionvir,Antifungal,12,95
X48X318234,Enterol,Antibiotic,12,85
I41L857440,Servicezepam,Steroid,12,400
V94G739137,Measurestatin,Antihypertensive,12,55
X3Y419924,Laughin,Vaccine,12,65
T33V1614,Quitecillin,Vaccine,12,65
O56L380401,Socillin,Anticoagulant,12,55
N76M683518,Activityol,MuscleRelaxant,12,400
V52U8518,Rockol,Antidepressant,12,85
B21E62140,Lotxone,Cardiovascular,12,80
E99W58969,Skillol,Vaccine,12,150
H53P897376,Datazepam,Immunosuppressant,12,95
U27G854967,Crimeol,Antipsychotic,12,350
A61H810774,Wideol,Antihistamine,12,110
H50E773627,Reallyvir,Antipyretic,12,250
Y67G986588,Joinin,Antihypertensive,12,350
E35Q118079,Howzepam,Antipsychotic,12,150
X66C232387,Firmol,Diuretic,12,80
S41W281810,Standxone,Antifungal,12,600
V95J845627,Singlecillin,Diuretic,12,90
N98H918787,Legzepam,Anti-inflammatory,12,200
X88B657780,Populationvir,Antipsychotic,12,600
I91D38771,Producexone,Antipyretic,12,650
T99L883794,Sizestatin,Anticoagulant,12,600
B50P24436,Collegevir,Cardiovascular,12,105
A74V391540,Returncillin,Anticoagulant,12,500
U68I367934,Regionstatin,Analgesic,12,50
R20F740210,Administrationol,Diuretic,12,550
K68G76192,Beatin,Antifungal,12,300
G33Y709279,Duringxone,Antihistamine,12,300
W96O865264,Signvir,Cardiovascular,12,55
S90E311249,Acceptvir,Antibiotic,12,120
Y74R953774,Decadezepam,Antifungal,12,70
Y14M21173,Systemin,Antipyretic,12,400
J74V20011,Seestatin,Antiviral,12,350
W89I415647,Threatzepam,Vaccine,12,500
G92L24351,Decidein,Anticonvulsant,12,650
Z98I230663,Heartcillin,Antihypertensive,12,70
R38M508934,Identifycillin,Antiviral,12,120
Z32Z636269,Americanxone,Anti-inflammatory,12,200
L78U492559,Youngcillin,Anti-inflammatory,12,60
H74U176704,Educationcillin,Anti-inflammatory,12,550
R32H558919,Holdvir,Steroid,12,600
J71F361223,Particularcillin,Diuretic,12,95
P17H969694,Ballstatin,Antiviral,12,105
B43H635905,Admitol,Cardiovascular,12,70
Z18M552787,Uscillin,Vitamin,12,500
J70R587844,Reportzepam,Antipsychotic,12,115
Q17C636700,Dealin,Antibiotic,12,115
Z1J528430,Seasonin,Antibiotic,12,300
C65K741451,Childzepam,Antifungal,12,300
B67V329695,Filmstatin,Anti-inflammatory,12,600
U10D900764,Rangecillin,Antipyretic,12,250
M79Q494240,Getol,Analgesic,12,85
S32I755872,Sportxone,Respiratory,12,80
M25R562024,Investmentol,Vitamin,12,350
V27I57694,Finallystatin,Antibiotic,12,70
Q91A25768,Authorin,Immunosuppressant,12,400
Y42E557125,Impactcillin,Respiratory,12,110
J2I125349,Beatzepam,Antipyretic,12,110
E85T802105,Enoughin,Immunosuppressant,12,350
N27M42244,Millionzepam,Steroid,12,85
S79G75269,Providezepam,Antihypertensive,12,55
G10F909521,Stuffvir,Antipyretic,12,150
Z17N870528,Whetherstatin,Respiratory,12,60
R62B912698,Ownerstatin,Antifungal,12,75
X32S338876,Anyonevir,Antidepressant,12,80
W87J363799,Performxone,Antipyretic,12,95
V66Y356777,Partyxone,Antihistamine,12,450
O37R488987,Shein,Diuretic,12,150
M0O175988,Othersin,Antifungal,12,650
V11L208953,Troublevir,Immunosuppressant,12,300
H43I152238,Seriesstatin,Antipsychotic,12,250
A33N412641,Bedxone,Anticonvulsant,12,110
J96S223947,Remainstatin,Antihistamine,12,300
G75O606822,Futurestatin,Cardiovascular,12,350
V32W688170,Tonightcillin,Antipsychotic,12,200
J71N521405,Bloodstatin,Immunosuppressant,12,200
R61N729337,Fishxone,Cardiovascular,12,650
M22R328807,Easyin,Anti-inflammatory,12,650
P57N869057,Democraticxone,Antidepressant,12,60
P6Y33352,Truexone,Immunosuppressant,12,300
T23V162345,Reasoncillin,Antihistamine,12,100
D91I270286,Usstatin,Anticoagulant,12,80
U90K857024,Colorzepam,Cardiovascular,12,95
I59Y905438,Dayxone,Diuretic,12,60
V74A132684,Doctorzepam,Immunosuppressant,12,115
V38Y520286,Agoin,Immunosuppressant,12,350
N46N585616,Producein,Antipyretic,12,400
O26Y577402,Wantin,Immunosuppressant,12,115
E30A251553,Testxone,Antipsychotic,12,600
Z45E230884,Freeol,Antihistamine,12,60
Y19S702466,Politicsin,Vaccine,12,300
J6W939789,Floorvir,Diuretic,12,50
L35X809696,Handzepam,Antidepressant,12,300
Q20T733240,Especiallyin,Vitamin,12,200
U73S512332,Thingol,Anticoagulant,12,550
M93A147331,Historyvir,Antiviral,12,75
X13P244184,Abilitystatin,Anti-inflammatory,12,120
Z22Z996867,Presidentstatin,Immunosuppressant,12,55
N51C406131,Foreignvir,Antipyretic,12,60
J12M523462,Allowvir,Antipyretic,12,200
T73C203166,Womancillin,Antipsychotic,12,95
C94S374718,Churchcillin,Antipyretic,12,300
B13M128680,Windowcillin,Antifungal,12,85
L32W756342,Environmentalstatin,Antipyretic,12,85
Y52J158765,Sometimesvir,Antipyretic,12,50
W99X64302,Kindcillin,Anticoagulant,12,80
Q28Y804475,Differencevir,Antiviral,12,600
P56V889738,Memorystatin,Steroid,12,300
O71L434788,Protectcillin,Respiratory,12,110
B64I599641,Raisecillin,Antihistamine,12,120
O82J895664,Investmentzepam,Cardiovascular,12,120
T20Y227833,Togetherstatin,Immunosuppressant,12,150
P52F728245,Callin,Antihistamine,12,70
N42R628537,Backcillin,Antihypertensive,12,100
I4G369099,Lossstatin,Anti-inflammatory,12,150
F5Q7801,Expertin,Anticoagulant,12,75
B19G979539,Yetol,Cardiovascular,12,55
K29Z834032,Mostvir,Anticonvulsant,12,450
T61L352202,Foreignxone,Antihistamine,12,95
P84V910763,Couplecillin,Antifungal,12,120
S97N857208,Fourcillin,Anti-inflammatory,12,55
G51V560561,Classol,Antihistamine,12,70
X21G689156,Enterzepam,Anticoagulant,12,140
L86T111091,Starstatin,MuscleRelaxant,12,600
S47E908340,Debatein,Antiviral,12,350
E78K222588,Campaignxone,Analgesic,12,120
Q16Z610076,Seriesvir,Anti-inflammatory,12,90
F64J217522,Totalcillin,Antihistamine,12,350
R20A75164,Starol,Immunosuppressant,12,400
W50R629141,Raisezepam,Immunosuppressant,12,400
J45H726872,Congressol,Anticonvulsant,12,120
S78Z713163,Sitin,Vitamin,12,100
T1U372162,Planstatin,Antihypertensive,12,450
F3M398238,Aroundvir,Anticoagulant,12,300
N91P312615,Centerstatin,Diuretic,12,65
N8U428007,Generalvir,Steroid,12,110
I89U702258,Increasestatin,Respiratory,12,650
P19H446538,Feelxone,Steroid,12,100
U16W45399,Federalxone,MuscleRelaxant,12,80
R77L79201,Somebodyin,Antibiotic,12,300
M41N959081,Keycillin,Diuretic,12,450
A74U931109,Smilezepam,Anticonvulsant,12,600
F75M661122,Taxin,Analgesic,12,105
R83Y626823,Landvir,Antibiotic,12,200
K9E349324,Littlexone,Antidepressant,12,90
F94G689464,Mrvir,Anticonvulsant,12,350
U86S381986,Wishcillin,Immunosuppressant,12,600
C41R385656,Candidatezepam,Antifungal,12,300
X27W61937,Languagezepam,Antihypertensive,12,110
B70O345890,Breakin,Anti-inflammatory,12,55
G93D581091,Republicancillin,Respiratory,12,70
L87X428268,Abilityxone,Antipsychotic,12,110
Z65H297642,Easyzepam,Antihistamine,12,95
X1O673492,Recentlyzepam,MuscleRelaxant,12,115
K92Q197737,Smallstatin,Antihistamine,12,100
C87S932082,Agreecillin,Anticoagulant,12,95
S8X61772,Untilol,Vaccine,12,600
C54H658148,Monthxone,Antipsychotic,12,600
B44M793664,Attackin,Vaccine,12,550
F82D595207,Politicsin,Vitamin,12,60
G46J469509,Discoverzepam,Cardiovascular,12,115
O89T539857,Productzepam,Antihypertensive,12,400
R68L706234,Trialxone,Anti-inflammatory,12,650
U75T144899,Weightvir,Vitamin,12,300
V16W664810,Landin,Antidepressant,12,80
M0W638629,Agentol,Antihistamine,12,105
O55U279154,Clearcillin,Steroid,12,200
W91W763984,Personalzepam,Antiviral,12,450
F78D595447,Careol,MuscleRelaxant,12,350
W63Y18212,Localcillin,Cardiovascular,12,70
O76A71080,Countryin,Anticoagulant,12,90
C93U753840,Singlezepam,Antipsychotic,12,500
Y22P451814,Downcillin,Cardiovascular,12,400
T2S625620,Talkin,Antihistamine,12,65
D28D168965,Writein,Antiviral,12,65
C79A970627,Racexone,Antifungal,12,65
H63S236131,Thenstatin,Antifungal,12,300
V69N862094,Openstatin,Antifungal,12,120
T67G878685,Sendcillin,Anticoagulant,12,550
I57C81027,Degreestatin,Immunosuppressant,12,500
M97X877194,Morningxone,Steroid,12,250
H4H267019,Somestatin,Antidepressant,12,650
D49Q956477,Colorol,Anticonvulsant,12,300
M22B822302,Whencillin,Antiviral,12,65
Q32E921469,Quitezepam,Immunosuppressant,12,110
R80Z123353,Wholexone,Anticoagulant,12,350
O9G629078,Kidxone,Antihypertensive,12,400
M32C406031,Thatcillin,Immunosuppressant,12,300
M48S315050,Professorstatin,Immunosuppressant,12,150
V88D721839,Seasonin,Antihypertensive,12,350
S62D200480,Chairxone,Antihistamine,12,300
P37X20454,Offerxone,Anticonvulsant,12,60
W34S880973,Projectstatin,Antipsychotic,12,55
Y42E627701,Executivecillin,Steroid,12,350
A66E330930,Schoolin,Anti-inflammatory,12,50
R3Z735573,Dataol,Immunosuppressant,12,300
D13Y991195,Missionxone,Analgesic,12,65
I10T859345,Allowstatin,Antihypertensive,12,130
A78P144281,Gamexone,Antihistamine,12,50
B7G732555,Computerin,Diuretic,12,120
X4N250260,Offerstatin,Immunosuppressant,12,110
C91Q331706,Towardzepam,Antifungal,12,110
D32I815118,Discoverstatin,Antipyretic,12,75
X58M180310,Materialvir,Antihistamine,12,95
Z99L206316,Laterstatin,Anti-inflammatory,12,550
L48S27487,Protectol,Analgesic,12,150
U34A406367,Middlein,Respiratory,12,600
F94J614888,Createvir,Analgesic,12,600
A67I476905,Itselfvir,Antihistamine,12,200
B11E15479,Successvir,Vitamin,12,650
G77K44862,Letterzepam,Antipyretic,12,600
B3W616936,Sincecillin,Vaccine,12,350
J33M483141,Sevenzepam,Steroid,12,550
P78S881212,Enterol,Antipyretic,12,500
M93T314006,Breakcillin,Anticoagulant,12,135
A72A99302,Articlexone,Immunosuppressant,12,600
A85O581294,Althoughxone,Antihypertensive,12,45
Z24P171346,Acrossin,Antipsychotic,12,300
N0P681258,Listenol,Antipyretic,12,300
U73E945574,Careerol,Vitamin,12,600
J47J447658,Nearlyol,Anticoagulant,12,105
Y12V223371,Feelingvir,Immunosuppressant,12,120
T23Z673250,Believevir,Antibiotic,12,95
U15A342937,Intovir,Antibiotic,12,150
D52T425631,Staffxone,Respiratory,12,50
C85A495783,Storyxone,Antidepressant,12,350
X85G40656,Withoutol,Antidepressant,12,300
S3K556296,Executivecillin,Analgesic,12,500
F98C961776,Shoulderin,Anti-inflammatory,12,95
B75D560074,Carexone,Antidepressant,12,500
G86V146482,Bitzepam,Cardiovascular,12,450
D49U406440,Kindvir,Antifungal,12,105
G75E807650,Blackzepam,Anticoagulant,12,550
F17W283287,Billxone,Anti-inflammatory,12,350
J55T65577,Barzepam,Antifungal,12,60
Y64T798852,Leaderin,Antidepressant,12,115
O62P43896,Economicstatin,Steroid,12,60
Q62T599477,Magazinestatin,Cardiovascular,12,145
X38W747516,Articlestatin,Immunosuppressant,12,75
V81Y367465,Thisstatin,Anticoagulant,12,300
Q51G274979,Songol,Antihypertensive,12,85
U71W419102,Againstin,Immunosuppressant,12,450
I37N401053,Twovir,Vaccine,12,150
V27R672560,Womanstatin,Antipyretic,12,350
J75C313534,Cameraol,Immunosuppressant,12,250
K38D381216,Voicecillin,Vaccine,12,500
I97G78774,Institutionstatin,Antifungal,12,400
I25K429517,Artxone,Analgesic,12,55
U10Z622235,Kindvir,Anticonvulsant,12,250
D85P220348,Traditionalzepam,Immunosuppressant,12,100
P76E795859,Representin,Steroid,12,300
N44S545062,Warzepam,Antihypertensive,12,90
Q9L763737,Governmentin,Vaccine,12,115
X52V255013,Finishxone,Immunosuppressant,12,90
P17J967562,Yardxone,Anti-inflammatory,12,100
O83G731306,Passvir,Antihypertensive,12,95
H58H656893,Trialzepam,Respiratory,12,650
Z67X692023,Preventstatin,Antipyretic,12,500
E92C8886,Storeol,Diuretic,12,85
C44L161433,Shortvir,Diuretic,12,110
V39X785554,Thenvir,Antihistamine,12,115
D54R302020,Signin,Antifungal,12,350
R63V442396,Nationzepam,Antiviral,12,600
R6W942607,Yetol,Antipsychotic,12,650
D1R436177,Mouthol,Vaccine,12,75
T95S234566,Accordingxone,Anticonvulsant,12,140
O61P383170,Earlystatin,MuscleRelaxant,12,400
B52J91530,Smallol,Anti-inflammatory,12,200
G7E380937,Feelxone,Antidepressant,12,45
V15F257118,Nextzepam,Antipyretic,12,90
E85Q628636,Wondervir,Diuretic,12,60
Q76M397795,Footol,Anti-inflammatory,12,110
B73L716103,Centurystatin,Vaccine,12,650
G65D596120,Fewzepam,Antibiotic,12,100
C44A436913,Reasonxone,Antibiotic,12,650
P36O607853,Designxone,Diuretic,12,150
Y93O223400,Pastol,Anticonvulsant,12,450
S67W826857,Strategyin,Analgesic,12,600
U72K193570,Provecillin,Antibiotic,12,300
O54G229367,Discussvir,Antihistamine,12,60
M50K83675,Homezepam,Antipsychotic,12,650
N75S210407,Companyzepam,MuscleRelaxant,12,550
H50S443456,Foodxone,Anticonvulsant,12,550
E48Y58825,Aloneol,Diuretic,12,600
B24G205363,Oftenzepam,Antiviral,12,350
B60F28348,Effectzepam,Cardiovascular,12,100
M14T615633,Actionin,Immunosuppressant,12,600
Y2I992278,Wifexone,Analgesic,12,550
J77G110653,Suchol,Antipyretic,12,450
K95N245010,Laterxone,Antipsychotic,12,350
D2Z575596,Bankvir,Analgesic,12,60
T20R962103,Firmstatin,Vaccine,12,135
H34P258408,Walkol,Cardiovascular,12,55
A48M339074,Guyvir,Antihistamine,12,115
G16O109014,Firmstatin,Antihistamine,12,300
B69N5343,Officevir,Antihypertensive,12,50
H62U821937,Recordcillin,Antihistamine,12,95
R66V895571,Entirein,Anti-inflammatory,12,115
B35Q419291,Rockxone,Antibiotic,12,70
L42Z621635,Othersol,Vaccine,12,75
G12B712898,Skincillin,Respiratory,12,115
X21U807482,Despitexone,Anticoagulant,12,400
T15D186154,Thisvir,Antihistamine,12,300
V98J884949,Serviceol,Antiviral,12,650
Y64J724055,Intocillin,Cardiovascular,12,500
W86U186640,Downcillin,Antiviral,12,150
F69W346146,Actionin,Anti-inflammatory,12,250
M64D485693,Majorstatin,Antibiotic,12,120
V25F947714,Messagein,Anticonvulsant,12,140
W89U184008,Recognizeol,Anticonvulsant,12,70
U84I271300,Finishol,Antipsychotic,12,60
B17J297929,Collectionvir,Antihistamine,12,65
V9B368937,Reportcillin,Anticonvulsant,12,70
P86R74613,Manyvir,Vaccine,12,50
T71R12220,Executivecillin,Antidepressant,12,55
A87Z956838,Eitherxone,Antihistamine,12,500
U48C923616,Beatxone,Respiratory,12,115
U53W608033,Safezepam,Respiratory,12,60
P17X929146,Artistol,Immunosuppressant,12,350
K78E210387,Bothxone,Antidepressant,12,80
N87A175032,Hospitalvir,Steroid,12,125
H56J455421,Makecillin,Antihypertensive,12,500
B92Q576320,Norstatin,Antibiotic,12,250
F91V168514,Requirevir,Immunosuppressant,12,300
R87M253296,Cutvir,Steroid,12,200
Z93W668916,Numberin,Anticonvulsant,12,50
Z75E511767,Allowxone,Cardiovascular,12,50
A78T977848,Relatecillin,MuscleRelaxant,12,500
W39Z798553,Teamcillin,Anti-inflammatory,12,200
K35I234870,Bitstatin,Antifungal,12,110
S72R696176,Helpstatin,Cardiovascular,12,200
Y3J852776,Seekcillin,Antihypertensive,12,120
W56J372413,Unitxone,Vaccine,12,650
O13X331836,Longol,MuscleRelaxant,12,115
V35X832409,Conferencecillin,Respiratory,12,250
C77T115524,Indeedcillin,Antihistamine,12,450
D11O8476,Manyvir,Antiviral,12,95
S98X120869,Laterxone,Anti-inflammatory,12,600
L67N932081,Tendol,Antihistamine,12,90
R27K966279,Forxone,Antipyretic,12,80
X81P68003,Bookvir,MuscleRelaxant,12,300
H17J710009,Concernin,MuscleRelaxant,12,500
J0P811002,Thirdstatin,Antibiotic,12,60
N22A806190,Modelstatin,Cardiovascular,12,550
V41S67467,Hisstatin,Antipyretic,12,115
C22P282245,Childol,Analgesic,12,650
W42H677077,Alongcillin,Antifungal,12,70
O46U539063,Pressurein,Anti-inflammatory,12,150
B2Y535580,Voicevir,Analgesic,12,120
G64R366963,Subjectzepam,Antifungal,12,70
K30E566050,Servexone,Vitamin,12,600
O91O431871,Thanin,Cardiovascular,12,150
H32R67701,Standardstatin,Antipyretic,12,50
P47O390023,Regionzepam,Antibiotic,12,500
A79A221538,Rightcillin,Vitamin,12,450
Y96T473638,Reportxone,Diuretic,12,55
T53Z918409,Containol,Respiratory,12,85
U29Y858427,Teacherol,Antidepressant,12,70
L89U349693,Paintingxone,Steroid,12,70
F40L359221,Hugecillin,Antibiotic,12,70
B2H149051,Viewol,Antibiotic,12,550
A90N880381,Questionzepam,Antidepressant,12,80
Y90D602106,Playvir,Antihypertensive,12,110
W17M592682,Smallvir,Steroid,12,300
C90Y410574,Drawxone,Anticoagulant,12,450
Y39Q741131,Performin,MuscleRelaxant,12,85
X89Z439437,Amountin,Antifungal,12,250
D87T209173,Cupvir,Antibiotic,12,120
I96I149984,Occurin,Diuretic,12,120
Q88Q365019,Lookin,Respiratory,12,400
I30X502756,Seriesvir,Immunosuppressant,12,55
C73O837591,Insideol,MuscleRelaxant,12,400
O20N837682,Amountxone,Antihypertensive,12,55
H62C582428,Waterstatin,Anti-inflammatory,12,200
P93E194081,Offerxone,Cardiovascular,12,200
L11M365312,Patternvir,Vaccine,12,150
C27Q3343,Productionzepam,Antifungal,12,150
S66X522979,Catchol,Antihistamine,12,400
W48X527944,Whereol,Anti-inflammatory,12,250
P70H440649,Playvir,Antifungal,12,95
F56K436002,Lesscillin,Steroid,12,150
J34S840442,Careercillin,Antihistamine,12,150
M50Z51647,Effortvir,Cardiovascular,12,150
N97A670178,Machinein,Diuretic,12,115
S4I901065,Maybezepam,Respiratory,12,650
A43N58100,Tooin,Vaccine,12,500
K69U796155,Especiallyin,Antihistamine,12,100
H21I28875,Sciencein,Anticoagulant,12,90
U49A854036,Youstatin,Diuretic,12,115
M49V196748,Everyvir,Antifungal,12,300
N33D581343,Sitcillin,Antifungal,12,300
G46D615461,Thusvir,Antihypertensive,12,60
Q55O530223,Directionin,Antidepressant,12,400
D88G707275,Handzepam,Antihypertensive,12,115
H91X722600,Thousandol,Antifungal,12,110
U3K403474,Acrossvir,Antibiotic,12,200
D68K649576,Bookcillin,Antibiotic,12,95
L43A43762,Magazinexone,Antifungal,12,70
G4P976970,Stageol,Antiviral,12,150
Q17Q853396,Degreestatin,Anticonvulsant,12,55
G92Y615379,Tellcillin,Cardiovascular,12,100
G36N791244,Todayol,Vitamin,12,200
H11Z694720,Decisioncillin,Antihistamine,12,300
N14P243776,Everybodyxone,Anti-inflammatory,12,110
S71M87613,Motherxone,Antipyretic,12,400
X47M871938,Todaycillin,Antifungal,12,50
Q65V788475,Howeverol,Antipsychotic,12,85
B16R937351,Thinkstatin,Diuretic,12,55
F68V625285,Prettyol,Antiviral,12,550
Y6Z843341,Opportunityin,Respiratory,12,60
F37S406552,Teacherin,Antifungal,12,50
V14H838154,Insidezepam,Antipsychotic,12,95
M56N257500,Certainlyin,Immunosuppressant,12,500
T24B372799,Millionstatin,Vaccine,12,105
L79K664746,Somein,Antipyretic,12,140
Q71O423743,Republicancillin,Immunosuppressant,12,105
C36X55535,Materialxone,Vitamin,12,55
C51T879033,Evenzepam,Diuretic,12,105
L52Z657566,Earlystatin,MuscleRelaxant,12,90
C92X958193,Medicalol,Antihypertensive,12,250
S74C998208,Seekcillin,Analgesic,12,45
F88Z817896,Financialzepam,Cardiovascular,12,450
L27V86380,Charactercillin,Antihypertensive,12,200
V32B264101,Securityvir,Anticonvulsant,12,105
G34D437679,Oilcillin,Antiviral,12,200
P61U432101,Hugeol,Antibiotic,12,85
X87V16459,Bestol,Immunosuppressant,12,300
H21G131225,Finishin,Antipsychotic,12,300
N96U476719,Admitvir,Immunosuppressant,12,650
U87E129644,Energyvir,Respiratory,12,600
V27G981292,Worryin,Immunosuppressant,12,450
E88E456925,Carzepam,Vitamin,12,250
M90D606410,Avoidvir,Steroid,12,95
F5R685491,Tvol,MuscleRelaxant,12,60
N68U531250,Discovervir,Antifungal,12,70
Q83H779348,Enterzepam,Antibiotic,12,400
S79M61696,Heavyol,Anti-inflammatory,12,75
T30O338620,Lawzepam,Cardiovascular,12,500
M34L426398,Quicklyzepam,Analgesic,12,90
Q68L813169,Missionzepam,Cardiovascular,12,115
P64E542363,Electionin,Vaccine,12,145
F23N742298,Eveningol,MuscleRelaxant,12,450
N42G138926,Understandol,Antipyretic,12,200
U59P169121,Fundvir,Anticoagulant,12,130
D79Q195366,Wishzepam,Antihypertensive,12,75
D17Q435446,Coachol,Immunosuppressant,12,550
Z29F784650,Effectzepam,Antipsychotic,12,75
Q20Q892113,Savezepam,Vaccine,12,85
P20A633986,Yescillin,Steroid,12,75
H55A785931,Seniorstatin,MuscleRelaxant,12,55
I83Y97639,Courtin,Diuretic,12,550
A91R498519,Flyin,Anticonvulsant,12,300
S70P317012,Seexone,Cardiovascular,12,650
U36V332661,Pressurexone,Antihistamine,12,70
P68Z33854,Whitestatin,Steroid,12,80
B18O507792,Alsovir,Anti-inflammatory,12,400
O54W98345,Debatestatin,Antiviral,12,70
N52A118354,Helpol,Anti-inflammatory,12,115
V25N33912,Figurevir,Immunosuppressant,12,60
Y47P154256,Greatvir,Antihistamine,12,150
L46X138396,Propertyol,Antifungal,12,90
A3W341133,Continuestatin,Diuretic,12,200
I61I453911,Aroundin,Antibiotic,12,135
J76S276353,Throughoutol,Anticoagulant,12,75
A97O751348,Federalvir,Antihypertensive,12,300
U16B351282,Onein,Antipyretic,12,105
Y29S33327,Lowstatin,Antibiotic,12,550
U96A887976,Myol,Antidepressant,12,450
J41Z285968,Productzepam,Analgesic,12,650
O60C95311,Candidatein,Antidepressant,12,650
T90O686737,Kidxone,Antipsychotic,12,400
H40U477180,Recordol,Antiviral,12,70
G51F90222,Theirin,Antihistamine,12,600
C36J949210,Groupin,Cardiovascular,12,550
F11P622444,Capitalol,Vaccine,12,250
P6B855286,Meetcillin,Immunosuppressant,12,65
A90S60794,Starzepam,Anticonvulsant,12,55
E52S867046,Storyol,Anticonvulsant,12,60
O53A699230,Sciencezepam,Analgesic,12,350
M48U874573,Firexone,Analgesic,12,200
C80L335389,Politicscillin,Vaccine,12,300
Z21U571203,Controlin,Antifungal,12,400
B21G111032,Addstatin,Diuretic,12,200
Q7E85061,Forgetin,Steroid,12,50
S41B786502,Regioncillin,Antidepressant,12,500
W7T903664,Areazepam,Diuretic,12,140
E97G329972,Sitezepam,Antipyretic,12,65
A30J514850,Controlin,Anticoagulant,12,400
W3I531525,Articlezepam,Steroid,12,55
O5B302701,Fourvir,Antifungal,12,250
Q52U973022,Herselfin,Antihistamine,12,350
P22E360735,Positivezepam,Antifungal,12,400
W55W730401,Pickxone,Antipsychotic,12,250
U87M642576,Publicvir,Vitamin,12,200
B92U868618,Investmentcillin,Antihypertensive,12,600
B29R278525,Numberxone,Respiratory,12,300
F25V874535,Causein,Antipyretic,12,200
T6F461032,Mecillin,Anticoagulant,12,350
M78J388862,Wordstatin,Respiratory,12,400
D56T413851,Groundol,Anticoagulant,12,200
S14U338881,Becomexone,Diuretic,12,300
F23F889568,Lettervir,Antifungal,12,350
A21V291440,Shouldervir,MuscleRelaxant,12,400
Y28A930663,Chargezepam,Vitamin,12,200
F2T400338,Ballzepam,Antipsychotic,12,110
D23K185024,Withxone,MuscleRelaxant,12,350
A57C48655,Bedvir,Respiratory,12,250
Y42U225554,Hotzepam,Antifungal,12,135
Z35S507265,Seatxone,Antifungal,12,300
R23P413944,Includein,Antibiotic,12,450
K40J907484,Shoulderzepam,Antiviral,12,55
H24L662425,Plancillin,Vitamin,12,650
V1G257338,Severalin,Antihistamine,12,250
Z16D303007,Suddenlyxone,Antipsychotic,12,350
X71P185811,Lotvir,Vitamin,12,500
H74W201014,Footxone,Antibiotic,12,650
W92O100751,Finalol,Respiratory,12,600
V17Y454118,Blackol,Anti-inflammatory,12,350
U68L506544,Picturein,Diuretic,12,300
Z69Z335216,Couplecillin,Anti-inflammatory,12,500
E79C413373,Centuryxone,Anti-inflammatory,12,150
B60N262000,Affectcillin,Antiviral,12,105
C72U274833,Healthcillin,Antipyretic,12,650
T29B922634,Sciencestatin,Cardiovascular,12,450
L18D781429,Recentlyzepam,Antihypertensive,12,115
F0U191420,Breakcillin,Antihistamine,12,150
Q59H707291,Bringin,Cardiovascular,12,120
M8J122414,Thatol,Antibiotic,12,95
P31N150769,Measurestatin,Antipsychotic,12,400
A51N992425,Kitchenin,Diuretic,12,85
P74I868360,Anythingin,Antifungal,12,120
N8F813157,Trialzepam,Vaccine,12,65
K94A491296,Ratezepam,Respiratory,12,350
E20N291189,Specificvir,Vaccine,12,500
R55G690,Individualvir,Immunosuppressant,12,50
P36B560495,Commonvir,Respiratory,12,600
T98Y709980,Candidatexone,Antipyretic,12,120
Z86B3923,Footzepam,MuscleRelaxant,12,110
T78N180904,Havevir,Antipyretic,12,350
K60Q74446,Officexone,Immunosuppressant,12,300
V89M322526,Missioncillin,Antipsychotic,12,70
H61N485582,Easyvir,MuscleRelaxant,12,350
Q36B327429,Overin,Antibiotic,12,50
F70K512219,Throwzepam,Immunosuppressant,12,300
N40D795515,Troublezepam,Antihypertensive,12,500
X44R142018,Sourceol,Cardiovascular,12,300
Z11V338020,Compareol,Antiviral,12,85
C34C981186,Easyvir,Diuretic,12,300
Z65W975272,Planstatin,Antiviral,12,150
T5T861,Civilol,Antiviral,12,300
I21L310861,Forxone,Vitamin,12,150
S97W426968,Twocillin,Steroid,12,110
L4M332412,Minuteol,Steroid,12,450
H23L761285,Spendcillin,Analgesic,12,85
V73U4770,Publiccillin,Vaccine,12,85
Q64J309163,Focusin,Immunosuppressant,12,110
B16N949618,Artcillin,Diuretic,12,90
C5U115617,Probablyvir,Antihistamine,12,550
N87J400763,Currentcillin,Cardiovascular,12,600
R34C412446,Producezepam,Respiratory,12,50
P19J660981,Fearvir,Cardiovascular,12,300
V63U518072,Areain,Anticonvulsant,12,300
J64F327559,Husbandol,Anticoagulant,12,150
T22Y863385,Memoryzepam,Respiratory,12,150
C44O994794,Challengevir,Antipyretic,12,95
R63O827833,Methodol,Antihypertensive,12,500
S56K49762,Analysisol,Anticonvulsant,12,90
Z30O640002,Spendol,Diuretic,12,600
F95C212847,Sectionzepam,Steroid,12,100
W2U695811,Actcillin,Vaccine,12,300
F18G46748,Growthvir,Antiviral,12,95
G42C871100,Tendin,Diuretic,12,200
K1X851757,Ratherxone,Antidepressant,12,500
M84M312941,Sevenxone,Antibiotic,12,120
Y10D616196,Realizecillin,Antidepressant,12,75
K41Q369257,Shexone,Diuretic,12,95
I52C169970,Yourselfol,Steroid,12,450
B56K651476,Nationcillin,Cardiovascular,12,650
K65F292704,Voteol,Analgesic,12,120
K28B123671,Needin,Diuretic,12,150
N82A761045,Lawyercillin,Antibiotic,12,200
Q73L406546,Sciencein,Immunosuppressant,12,85
Y56A400334,Marketxone,Vitamin,12,500
S39K371353,Currentvir,Antidepressant,12,70
Q15Q202336,Goodzepam,Anti-inflammatory,12,200
F23P718743,Therezepam,Immunosuppressant,12,450
Q59H540635,Areazepam,Cardiovascular,12,200
X60N189807,Yardcillin,Analgesic,12,85
O37Y57021,Raceol,Diuretic,12,450
K98C671643,Suffercillin,Antifungal,12,150
P96B122262,Significantvir,Antibiotic,12,55
D65M415124,Companystatin,Steroid,12,150
U81Q902514,Addressvir,Antifungal,12,350
B76C871844,Datain,Steroid,12,150
N85C73729,Reducestatin,Antidepressant,12,115
V69Z328355,Improvecillin,Anti-inflammatory,12,250
Z53R943348,Babyin,Antiviral,12,85
N44L183040,Quitestatin,Antihypertensive,12,250
G64V843927,Claimzepam,Anti-inflammatory,12,600
R13P583923,Putvir,Immunosuppressant,12,80
D60S126713,Listzepam,Antipsychotic,12,150
Z65D593253,Appearin,Antipyretic,12,650
E55Q225495,Provexone,Antihistamine,12,130
O2Q24395,Seasoncillin,Vitamin,12,350
I31N851129,Sellzepam,Vaccine,12,450
W51N737433,Billionzepam,Antipsychotic,12,110
O86D107957,Roadzepam,Vitamin,12,85
O87G901917,Budgetol,Diuretic,12,70
E15N481758,Withoutcillin,Vitamin,12,115
Y12C775747,Determinein,Anti-inflammatory,12,600
K75T976444,Movexone,MuscleRelaxant,12,250
P99S682545,Conditioncillin,Vaccine,12,550
T99I221242,Carryol,Analgesic,12,50
Z87S968484,Youcillin,Cardiovascular,12,250
E32Z369908,Membercillin,Immunosuppressant,12,60
B19E733357,Educationcillin,Steroid,12,600
V91R781497,Onevir,Antibiotic,12,150
Q70N79047,Forcillin,Vaccine,12,140
I16O820678,Notcillin,Steroid,12,500
N92K614878,Thoughzepam,Antifungal,12,70
Y47I871352,Analysisin,Antifungal,12,70
W81L683465,Seaol,Anti-inflammatory,12,80
Q22U462543,Landstatin,Antipsychotic,12,70
D59M921328,Costxone,Immunosuppressant,12,600
I85Z652611,Futurein,Respiratory,12,350
Y55A813075,Difficultxone,Diuretic,12,60
G69G693975,Collectionol,Anti-inflammatory,12,250
Y28R813732,Likein,Respiratory,12,105
Y96G811476,Pickxone,Diuretic,12,300
R58J32926,Workzepam,Antibiotic,12,200
F27Z132079,Bankvir,Anti-inflammatory,12,350
Q27Z946557,Agreementvir,Anti-inflammatory,12,55
J78K856124,Poorxone,Anti-inflammatory,12,105
E28P272785,Sensestatin,Antipsychotic,12,55
C66J674911,Patternxone,Anti-inflammatory,12,90
Y96U51529,Mrol,Diuretic,12,450
P87A369340,Wishzepam,Antidepressant,12,95
K6U231116,Pressureol,Antibiotic,12,90
A65C848853,Difficultol,Antiviral,12,300
V95H336669,Northzepam,Cardiovascular,12,125
X84C569169,Carein,Immunosuppressant,12,600
X60H387694,Followol,Vitamin,12,200
S11U956199,Authorityzepam,Antifungal,12,350
R14K361739,Talkol,Antipyretic,12,550
V48M250129,Programstatin,Vaccine,12,200
U48N511703,Taskvir,Steroid,12,150
A72U391708,Commercialin,Anticoagulant,12,85
V50J781887,Spacecillin,Anticonvulsant,12,95
Z42M412344,Collegeol,Diuretic,12,250
U74B310973,Thoughtstatin,Respiratory,12,500
J61N623350,Careerstatin,Vaccine,12,120
P79J371153,Managevir,Analgesic,12,70
Q16O509557,Townxone,MuscleRelaxant,12,50
U33R315923,Degreestatin,Vitamin,12,450
T60Q955973,Leadxone,Antihypertensive,12,350
L80B98688,Easyin,Respiratory,12,150
C11C281426,Himzepam,Antiviral,12,550
H55L474921,Reachxone,MuscleRelaxant,12,120
U96S137454,Perhapsin,Antihistamine,12,500
M96A418523,Togetherin,Vitamin,12,300
H76A739252,Frontcillin,Anticonvulsant,12,65
V17R617210,Newstatin,Antipsychotic,12,300
H58Z305801,Messagein,Antipyretic,12,90
N19L844501,Hotelxone,Vitamin,12,55
G24D149683,Perhapsxone,Analgesic,12,200
V24V354082,Whomvir,Vaccine,12,300
S53S605028,Forwardcillin,Immunosuppressant,12,95
I68L722654,Playerstatin,Antifungal,12,65
T39G455236,Modernvir,Cardiovascular,12,200
Q60V526305,Energyin,Antifungal,12,100
F7B81231,Thankin,Antihypertensive,12,60
P7G563129,Indicatein,Steroid,12,85
P6F421630,Includevir,Antiviral,12,500
O30I181910,Includestatin,Anti-inflammatory,12,300
N14Q561635,Actioncillin,Vitamin,12,75
Y91V7122,Whosestatin,Anticonvulsant,12,300
L24T568226,Adultin,Respiratory,12,115
K11X347255,Makeol,Anticonvulsant,12,115
F62W317159,Readvir,Anti-inflammatory,12,50
K5Z117909,Goodvir,Antiviral,12,500
P66N411364,Measurexone,Diuretic,12,300
G60S5782,Nothingol,Anticonvulsant,12,90
A42Q185777,Orcillin,Antidepressant,12,250
G7G242588,Subjectol,Immunosuppressant,12,350
N20P611987,Oldxone,Anticoagulant,12,120
A8S151686,Identifyvir,Vitamin,12,500
W43C583476,Revealstatin,Antiviral,12,110
B66H765102,Languagestatin,Antifungal,12,200
U21N593278,Improvecillin,Steroid,12,80
N94L773613,Partyvir,Analgesic,12,400
W1G720533,Sendin,Analgesic,12,100
L57F233065,Playzepam,Vitamin,12,50
J89I326594,Goalzepam,Diuretic,12,50
J77N282060,Usestatin,Antidepressant,12,115
E45A53471,Professorzepam,Antihypertensive,12,150
W47T575178,Thesestatin,Anticonvulsant,12,80
E0N747826,Planstatin,Steroid,12,110
M87E736038,Accountxone,Antipyretic,12,85
A60Y946404,Intoxone,Antidepressant,12,650
A7I15684,Againin,Antihypertensive,12,500
I83V132608,Productioncillin,Vaccine,12,115
A46L479179,Runstatin,Immunosuppressant,12,650
M83F739892,Hourcillin,Vaccine,12,70
J50L140174,Eastcillin,Antibiotic,12,75
O95O324329,Institutionstatin,Antiviral,12,400
H60N249812,Listcillin,Respiratory,12,50
L79C319127,Sensexone,Antiviral,12,110
W80N76008,Towardzepam,Diuretic,12,125
H37E112091,Seriousin,MuscleRelaxant,12,85
M68L410503,Concernin,Antidepressant,12,50
Q37G641871,Racecillin,Antiviral,12,95
U84U304827,Manyxone,Vaccine,12,150
M76O664778,Nationalin,Steroid,12,75
U90O812592,Hardvir,Vaccine,12,50
P51I172033,Magazineol,Diuretic,12,500
K33P908211,Meetvir,Antifungal,12,150
D79F101719,Yeahzepam,Antiviral,12,400
P24D355921,Holdin,Anti-inflammatory,12,145
C42B998936,Greatol,Antidepressant,12,110
E9L919561,Whichstatin,Anticoagulant,12,75
T21Z125120,Mayin,Antidepressant,12,150
L37N545468,Leftzepam,Antipsychotic,12,600
X50T567950,Commonin,Respiratory,12,95
N42B528321,Bothvir,Respiratory,12,135
F19Q758482,Leaderin,Antihistamine,12,550
U64U528325,Uponin,Antihypertensive,12,600
K59P714491,Televisionol,Antihistamine,12,55
R7X735079,Moneycillin,Antipsychotic,12,300
X26X782436,Audiencein,Antihypertensive,12,90
W55X816379,Studentxone,Antiviral,12,500
K64J338,Realizevir,Antibiotic,12,550
F73Y195121,Sozepam,Cardiovascular,12,115
D59E728837,Projectol,Antipyretic,12,80
B35O552332,Choosestatin,Diuretic,12,350
O97F864009,Meetingol,Anticoagulant,12,110
H79M521136,Womanzepam,Anticonvulsant,12,70
I94S206481,Explainxone,Immunosuppressant,12,150
I16F724590,Companystatin,Steroid,12,250
R77W779449,Televisionxone,Analgesic,12,600
O44E55126,Linexone,Immunosuppressant,12,90
U68M404943,Notezepam,Antidepressant,12,75
B69U393601,Whostatin,Respiratory,12,110
M52U220601,Variouscillin,Vaccine,12,300
V90Y852703,Spendxone,Immunosuppressant,12,200
F60I441364,Probablycillin,Antihistamine,12,85
O37I49641,Kidzepam,Antihistamine,12,120
Y19Y281155,Movementol,Vitamin,12,95
B72U752401,Samezepam,Anti-inflammatory,12,60
K79P54832,Thoseol,Antihypertensive,12,120
Q8R842554,Blackstatin,Antidepressant,12,400
C57X696469,Energystatin,Immunosuppressant,12,60
D23A429143,Matterol,Cardiovascular,12,120
R98E319255,Noticestatin,Cardiovascular,12,450
U67P266788,Naturalin,Anticonvulsant,12,350
A68Z685743,Yardol,Steroid,12,105
U26L748983,Thesein,Anticoagulant,12,350
J4D700049,Wallzepam,Antifungal,12,600
A8U523774,Seasonstatin,Steroid,12,115
Y46D909614,Drivecillin,Antipyretic,12,55
K47D622469,Particularlyzepam,Antihypertensive,12,600
P43H612069,Majorin,Respiratory,12,150
I3K488146,Forgetzepam,Antipyretic,12,100
X24T36950,Internationalvir,Diuretic,12,400
L85U906669,Networkvir,MuscleRelaxant,12,300
P90L361094,Seriesol,Antihistamine,12,80
E13V456054,Individualcillin,Antihypertensive,12,60
F80F459684,Publicvir,Antihypertensive,12,300
U30T975420,Bothol,Anticoagulant,12,200
T34Z261939,Fillxone,Immunosuppressant,12,250
A20Q950420,Fromxone,Antiviral,12,110
T44H913737,Newin,Steroid,12,600
N16U940217,Enterstatin,Immunosuppressant,12,600
J59H576086,Agecillin,Antihistamine,12,55
P43F441420,Stylexone,Cardiovascular,12,65
R76I6285,Fallstatin,Antibiotic,12,650
I85L736501,Resultin,Analgesic,12,300
M40N152581,Lineol,Antipyretic,12,150
T67Q165176,Coverstatin,Analgesic,12,450
J74W909715,Northol,Anticonvulsant,12,450
P45N739241,Alsovir,Antipyretic,12,500
U41O954049,Schoolin,MuscleRelaxant,12,120
Z89T143250,Productin,Vitamin,12,150
F13W293143,Hitxone,Anticonvulsant,12,300
U9H943826,Couldin,Antipyretic,12,300
U24J615885,Rockcillin,Anticoagulant,12,250
K11N773878,Remembercillin,Immunosuppressant,12,600
N58C648116,Keepxone,Antipyretic,12,55
S26F976124,Nameol,Immunosuppressant,12,70
G32O294593,Hardol,Vaccine,12,50
R45D966989,Seniorzepam,Antihistamine,12,105
Z74F83213,Directioncillin,Antihypertensive,12,60
I82N288843,Detailzepam,Steroid,12,150
V92O889086,Currentin,Cardiovascular,12,350
S27R941045,Lastin,Antidepressant,12,90
T55Q199728,Futurecillin,Antihistamine,12,300
E98X771915,Highstatin,Respiratory,12,300
P24G81841,Topxone,Vaccine,12,110
K70F660757,Holdxone,Anticoagulant,12,95
O83Y850413,Eatvir,Cardiovascular,12,450
R26I995355,Threatol,Cardiovascular,12,200
J8Y268331,Governmentzepam,Antipsychotic,12,85
A68N848881,Sostatin,Antiviral,12,100
U42D140273,Traditionalzepam,Anticoagulant,12,450
O41X408329,Leastol,Antifungal,12,350
A31T560846,Mouthzepam,Anti-inflammatory,12,250
N27S567840,Qualityxone,Anticonvulsant,12,300
P62N677891,Outstatin,Antihistamine,12,550
F42H995237,Informationol,Antiviral,12,200
N47B116707,Wecillin,MuscleRelaxant,12,500
Z93S684693,Majoritycillin,Vitamin,12,200
X27U874567,Firecillin,Anticoagulant,12,100
I6R834427,Halfol,Antibiotic,12,200
V20C922383,Determinestatin,Diuretic,12,250
W56P649177,Wantin,Cardiovascular,12,80
X95W26519,Listenzepam,Diuretic,12,600
R95K97880,Rulecillin,Anticoagulant,12,105
M45E932238,Anyonein,MuscleRelaxant,12,300
H42K416758,Collegevir,Vaccine,12,300
B32F861165,Messagestatin,Analgesic,12,105
O51N573164,Attorneyvir,Vaccine,12,90
Y19M843294,Dealol,Antihypertensive,12,105
O87V853526,Thinkzepam,Diuretic,12,110
H35K903556,Hardstatin,MuscleRelaxant,12,200
Q74A341929,Realizein,Antipsychotic,12,600
W90M928763,Againstin,Vitamin,12,100
S11G774875,Tooxone,Immunosuppressant,12,75
A99Y761818,Examplexone,Anticoagulant,12,550
J28R552178,Truestatin,Analgesic,12,250
S36V45395,Simplyxone,Antibiotic,12,400
I85A37848,Raisezepam,Anticonvulsant,12,450
T88K310291,Propertystatin,Anticoagulant,12,50
P83E874878,Summerzepam,Anticonvulsant,12,600
P54I77894,Notezepam,Cardiovascular,12,550
I36Z850342,Successzepam,Antiviral,12,300
U3U373571,Whenvir,Antifungal,12,75
Y48I276876,Placeol,Analgesic,12,500
P60V926637,Standstatin,Steroid,12,300
F53R188633,Officialol,Anticonvulsant,12,115
H43V205997,Drivein,MuscleRelaxant,12,500
U92R823267,Improvecillin,Anticonvulsant,12,80
A49I882052,Happenxone,Antifungal,12,50
S44S812346,Bluevir,Diuretic,12,150
K53O523018,Alsoin,Anticoagulant,12,250
F56K960986,Treecillin,Vitamin,12,650
U62G806163,Levelvir,Immunosuppressant,12,120
X17K517050,Whitestatin,Antipyretic,12,150
L10V782840,Responsein,Respiratory,12,125
M28N150841,Relationshipvir,Antibiotic,12,200
S91R201379,Directionin,Antiviral,12,60
X43A49163,Kidstatin,Analgesic,12,110
W16A450362,Nicestatin,Antipyretic,12,90
C51R759766,Showzepam,Cardiovascular,12,60
S5W832943,Describeol,Antidepressant,12,550
R38V583629,Legvir,Respiratory,12,50
Z85W238264,Thosezepam,Antidepressant,12,350
E70J774869,Onlyzepam,Respiratory,12,50
A88R547667,Stepin,Cardiovascular,12,110
W41X917936,Filmstatin,Anti-inflammatory,12,500
Z39B318638,Laughvir,Antibiotic,12,350
Y40E616732,Seriesxone,Anticoagulant,12,200
F38I541011,Dataxone,MuscleRelaxant,12,400
I61L996482,Watervir,Antipyretic,12,90
O4M19765,Physicalvir,Diuretic,12,650
G42H369666,Ownzepam,Diuretic,12,350
L89G880908,Abovezepam,Steroid,12,105
L61Y821256,Strategyol,Steroid,12,400
N3M713016,Energystatin,Steroid,12,75
X90R736935,Memberin,Steroid,12,45
D50R531088,Hugecillin,Vaccine,12,60
C49E141928,Whystatin,Steroid,12,105
F48A11441,Examplexone,Cardiovascular,12,450
D96N220737,Leastzepam,Antipsychotic,12,80
Q99N752618,Simplyin,Vaccine,12,250
N16B482554,Providestatin,Analgesic,12,70
A10T822985,Policycillin,Steroid,12,110
T80S118254,Elsestatin,Antihypertensive,12,500
S34G705636,Endxone,Analgesic,12,75
Q41G423423,Tradexone,Antipsychotic,12,65
C54U146419,Severalxone,Immunosuppressant,12,70
N53E291355,Risestatin,Antiviral,12,600
A37G142664,Amountcillin,Antipsychotic,12,90
W40P986292,Nearlycillin,Vaccine,12,550
P2K356068,Bigzepam,Respiratory,12,300
O32V677493,Standzepam,Analgesic,12,150
F57K636326,Spendvir,Anti-inflammatory,12,450
G90K490433,Provideol,Analgesic,12,350
S19Y726723,Forwardol,Cardiovascular,12,115
E35M964855,Attentionol,Antifungal,12,200
Z66Z519835,Seaol,Steroid,12,500
K53S315449,Stuffcillin,Immunosuppressant,12,300
W89D315311,Bitin,Antihistamine,12,300
T16S400512,Losexone,Antipyretic,12,60
P4M528648,Everythingvir,Anti-inflammatory,12,105
C25E164545,Coverstatin,Antihistamine,12,115
R31O640025,Baseol,Antihistamine,12,85
T37T427487,Eitherxone,Analgesic,12,600
G34O448978,Tvvir,Antifungal,12,450
U82P673842,Riseol,Antihypertensive,12,300
B8H91884,Bringzepam,Antipsychotic,12,115
I87L433391,Existzepam,Antibiotic,12,65
W41Q69349,Studyzepam,Immunosuppressant,12,75
L49T20692,Changexone,Antihypertensive,12,300
T38K731753,Resourcein,Antidepressant,12,450
J41X391760,Resultzepam,Analgesic,12,45
S76J927633,Frontol,Immunosuppressant,12,250
K91H515890,Shexone,Anticoagulant,12,75
D59J870215,Iin,Vitamin,12,200
G10Y613681,Conditionin,Vitamin,12,250
B34O342857,Sectionin,Respiratory,12,60
H91X133874,Roadcillin,Respiratory,12,140
Z69H774783,Yourcillin,Vitamin,12,450
Z48R350175,Weekol,Antiviral,12,65
F87O735702,Likestatin,Anticoagulant,12,400
L92L452604,Sectionstatin,Antipyretic,12,55
C67U609341,Nationalstatin,Respiratory,12,300
Z3V985269,Termstatin,Steroid,12,350
D3A355875,Memorycillin,Vitamin,12,60
X49W303212,Forin,Antihypertensive,12,95
T0B723589,Languagevir,Antibiotic,12,85
H62N718441,Singin,MuscleRelaxant,12,140
H61Y49095,Adultxone,Antihypertensive,12,350
L64K791455,Seniorxone,Cardiovascular,12,600
Y56H881365,Patternin,Anticoagulant,12,300
H59J504443,Pushxone,Steroid,12,200
J16R637387,Companystatin,Antifungal,12,60
V64L344540,Providevir,Diuretic,12,95
C81E396125,Almoststatin,Immunosuppressant,12,350
C62L384235,Levelcillin,MuscleRelaxant,12,450
O27Y197133,Churchstatin,Antiviral,12,400
U89P348182,Suffervir,Antibiotic,12,200
Q1F565283,Learnin,Antipsychotic,12,100
E87W71325,Bankin,Anti-inflammatory,12,50
F8I330871,Becillin,Immunosuppressant,12,600
R97C780978,Whitezepam,Antipsychotic,12,55
Y92L340415,Nicecillin,Antibiotic,12,95
A29T285255,Remainzepam,Antipsychotic,12,105
H92S844712,Measurein,Immunosuppressant,12,650
M65D633576,Ivir,Anticoagulant,12,350
M25O90277,Revealcillin,Antibiotic,12,100
E92V436059,Eyexone,Anticoagulant,12,250
X39H298181,Bringvir,Antiviral,12,125
M69G727155,Fishcillin,Cardiovascular,12,500
S42R461755,Insidexone,Vaccine,12,500
P29O198292,Hairvir,Antipyretic,12,250
Q74R516322,Formol,Vitamin,12,500
E61S923452,Otherol,Vaccine,12,300
V41N4181,Carcillin,Antibiotic,12,600
V57E687979,Tonightxone,Vaccine,12,500
P78D102832,Bagcillin,Antipsychotic,12,300
Q39D861321,Worldol,Antipsychotic,12,55
C72F322756,Stillxone,MuscleRelaxant,12,450
C78L635080,Sourcexone,Steroid,12,60
K72J408011,Rangexone,Antidepressant,12,350
M35Q87763,Eyecillin,MuscleRelaxant,12,105
K96T525201,Productstatin,Vitamin,12,45
J49I220577,Understandzepam,Vaccine,12,200
R2V570692,Changecillin,Anticoagulant,12,300
J84W961164,Populationzepam,Antidepressant,12,250
V95K834122,Nonevir,Immunosuppressant,12,550
B79Y94592,Soundzepam,Anti-inflammatory,12,200
W11K247085,Noin,Analgesic,12,100
P86K581121,Writexone,Immunosuppressant,12,45
A82V712685,Weightin,Antipsychotic,12,110
V15D311752,Aboutin,Anticonvulsant,12,115
L24Y408745,Simpleol,Anticoagulant,12,500
J61V458073,Fatherstatin,Anticonvulsant,12,300
U29P914445,Animalvir,Antidepressant,12,55
L29J728723,Thusol,Antibiotic,12,105
P98Y959984,Processxone,Antipsychotic,12,650
J56L800476,Valuein,Diuretic,12,130
J65A813606,Itsol,Diuretic,12,600
Z71K69572,Appearol,Antibiotic,12,90
M69C449152,Coldin,Antibiotic,12,250
J57V805961,Southol,Steroid,12,70
Z14S686609,Purposevir,Immunosuppressant,12,145
I72B515078,Energycillin,Analgesic,12,450
L19C161950,Employeestatin,MuscleRelaxant,12,300
Q60S935140,Computervir,Antibiotic,12,85
K12O463880,Ablestatin,MuscleRelaxant,12,200
P85U726374,Alsovir,Steroid,12,60
P93G701541,Followxone,Vaccine,12,600
I3P157085,Forgetol,Antipyretic,12,60
X66I599890,Stockol,Anticoagulant,12,95
S11H328659,Putvir,Antifungal,12,75
O56A700318,Lawyercillin,Vitamin,12,500
O42C14055,Sometimesvir,Antihistamine,12,600
E83B972930,Educationstatin,Steroid,12,400
U30G500956,Seatin,Anticoagulant,12,80
M46C804032,Assumezepam,Diuretic,12,650
N34Q568446,Sitexone,Antipyretic,12,145
F57M220,Yesvir,Antibiotic,12,300
C63C339349,Kindstatin,Anticoagulant,12,250
V96B274142,Expectin,Steroid,12,250
M52R499976,Materialol,MuscleRelaxant,12,450
L54A476434,Eventxone,Respiratory,12,120
S91U108387,Naturalin,Antibiotic,12,500
T23B626007,Lightzepam,Immunosuppressant,12,100
S45B783456,Responsibilityin,MuscleRelaxant,12,85
A8M978056,Relationshipcillin,Vitamin,12,300
K70O413979,Admitol,Antifungal,12,300
M82Q752782,Wishin,Diuretic,12,150
R52R498815,Coachin,Anticoagulant,12,60
Z17A231602,Processzepam,Antipyretic,12,95
V39I543243,Restzepam,Antipsychotic,12,100
U20B100837,Workerstatin,Analgesic,12,250
J56F208216,Clearlyxone,Cardiovascular,12,450
B99O123589,Summerxone,Anticonvulsant,12,300
M88Y661372,Hisxone,Antihypertensive,12,75
I78P817303,Healthstatin,Antibiotic,12,350
L89Z29625,Backin,Cardiovascular,12,100
A48X401834,Reducexone,Analgesic,12,350
I91Z139756,Intoxone,Antipyretic,12,110
T84W819643,Largecillin,Vitamin,12,500
K65R36176,Meetingxone,Respiratory,12,550
O97Y625979,Heavystatin,Respiratory,12,150
U61M275103,Dealcillin,Respiratory,12,120
E21E601229,Freeol,Vitamin,12,150
S12D945231,Includingvir,Antihistamine,12,80
C22D278093,Southstatin,Cardiovascular,12,150
H85S484877,Norvir,Antifungal,12,250
V2W161852,Bloodin,Diuretic,12,350
X74K661570,Responsibilityxone,Steroid,12,150
W83J44350,Actcillin,Cardiovascular,12,450
K86D893826,Cardcillin,Antihypertensive,12,400
V35T926521,Modernxone,Analgesic,12,90
E40A416729,Asxone,Diuretic,12,450
G3K844139,Agreein,Antifungal,12,55
T24U155247,Takezepam,Analgesic,12,500
T42W410502,Culturalstatin,Cardiovascular,12,600
I66U377195,Detailcillin,Respiratory,12,120
W85U647553,Politicalxone,Analgesic,12,400
G31P804868,Spacecillin,Antiviral,12,110
N10U245389,Industryxone,Antipsychotic,12,120
K81P92754,Recentlyvir,Antihistamine,12,450
K12X588704,Stockxone,Vitamin,12,110
Z70G107787,Processcillin,Antihistamine,12,100
M28F282830,Employeein,Vitamin,12,65
G44I75336,Alongol,Antidepressant,12,75
J39G868165,Responseol,Antipyretic,12,200
M52B140435,Manzepam,Antifungal,12,75
D76I825831,Anyzepam,Vaccine,12,95
U86E423602,Dinnervir,Antifungal,12,140
O2V182210,Accordingvir,MuscleRelaxant,12,85
U82Y513245,Storyvir,Antihistamine,12,400
R5H226283,Forcexone,Immunosuppressant,12,500
F86P456868,Landvir,Antibiotic,12,80
N51H825530,Soin,Anti-inflammatory,12,400
D74N671696,Sufferstatin,Anti-inflammatory,12,500
E46B784816,Storevir,Vaccine,12,140
K83B662687,Gunin,Anticoagulant,12,400
W97O302885,Difficultcillin,Analgesic,12,100
P50F919540,Purposein,Analgesic,12,50
K48A747352,Deepol,Cardiovascular,12,450
G39S231052,Carxone,Vitamin,12,90
J27A486886,Doctorin,MuscleRelaxant,12,300
C85N244049,Timestatin,Vaccine,12,350
O46G875284,Billionxone,Cardiovascular,12,250
S52Y460371,Eveningxone,Anticoagulant,12,50
E76L639987,Expectin,Anti-inflammatory,12,115
B7L280027,Continuezepam,Antihistamine,12,250
I21I451034,Fivestatin,Analgesic,12,80
B62K272747,Decisionol,Vaccine,12,600
K97N784909,Memberstatin,Antidepressant,12,350
L9N591576,Likein,Antibiotic,12,55
L88U154499,Acceptin,Anticoagulant,12,85
N35R611516,Otherzepam,Vitamin,12,200
M1I749177,Leadcillin,Anticonvulsant,12,90
C31R207500,Wearol,Respiratory,12,120
D47O104814,Possiblexone,Anticoagulant,12,150
Y83F450155,Almostin,Antihistamine,12,50
X68O437606,Religiouscillin,Analgesic,12,150
K43T20370,Actxone,Antibiotic,12,85
S40C303248,Lotol,Vitamin,12,200
V15U282380,Abovexone,Anticonvulsant,12,200
A4B259682,Myol,Steroid,12,650
O63Y847907,Professionalstatin,Vitamin,12,250
J71S264268,Minutecillin,Antihypertensive,12,500
T68X970243,Rockin,Immunosuppressant,12,150
M12N480346,Hugecillin,Antihistamine,12,85
D34M202524,Sellstatin,Analgesic,12,350
W44A186281,Peoplecillin,Antipyretic,12,95
V73A74177,Barzepam,Antifungal,12,90
H35I964178,Sayin,Steroid,12,70
P98Y13906,Elsexone,Analgesic,12,95
P28C731656,Pointol,Antipsychotic,12,450
E30H922183,Nearstatin,Steroid,12,75
A20A32494,Childzepam,Antidepressant,12,150
D90D891044,Fatherzepam,Antidepressant,12,300
I96U343236,Assumecillin,Respiratory,12,50
N15S238950,Foreignvir,Antifungal,12,80
I36E258372,Marketin,Antipyretic,12,250
G18O176128,Talkin,Antidepressant,12,105
D14O68271,Anothercillin,Diuretic,12,80
H48N130140,Beforeol,Antipsychotic,12,350
O26F263285,Assumevir,Antibiotic,12,55
X73R166033,Magazinecillin,Antidepressant,12,100
X1K467063,Majoritystatin,Antifungal,12,450
T70N986521,Publicxone,Analgesic,12,500
F52M781215,Tenol,Antipyretic,12,300
C20J296237,Shortin,Cardiovascular,12,150
K60Q460405,Towardin,Antibiotic,12,95
Q21O660572,Greatin,Antihypertensive,12,500
Z89D641240,Powerin,Cardiovascular,12,200
O81C571719,Alongin,Diuretic,12,80
D28N846732,Electionxone,MuscleRelaxant,12,250
U54X503877,Knowzepam,Steroid,12,650
Y18D475080,Interestin,Respiratory,12,300
H6S624313,Coursein,Antibiotic,12,650
A42V238477,Ownxone,Antifungal,12,300
H63U961334,Verycillin,Steroid,12,200
H15S845410,Accordingstatin,Antipsychotic,12,400
C91C126698,Reportstatin,Anticonvulsant,12,75
P49U517421,Anythingzepam,Anticonvulsant,12,600
J50A39,Westernin,Anticoagulant,12,45
X84J953945,Buildingzepam,Anticoagulant,12,350
M0X923994,Exactlyvir,Antihypertensive,12,50
E16B457844,Bedstatin,Anti-inflammatory,12,85
C58Y611486,Identifyin,Antifungal,12,250
A13E513802,Seekstatin,Antihypertensive,12,135
S53H494598,Knowcillin,Antihistamine,12,60
G16B98409,Soldiercillin,Antipyretic,12,250
Z5V594504,Securitycillin,Antihypertensive,12,200
I23B279269,Citizenstatin,Antihypertensive,12,50
Y52A172003,Outsidevir,Cardiovascular,12,300
I39F232919,Rolevir,Anticoagulant,12,125
R10B959460,Treexone,Analgesic,12,150
J66T88492,Bringzepam,Antihypertensive,12,250
J11P182143,Republicanin,Antipyretic,12,600
C30Q352412,Meetingvir,Antihistamine,12,300
I12Y140989,Partyin,Antipsychotic,12,100
O6L720087,Memberstatin,Respiratory,12,650
T68U522058,Streetxone,Antibiotic,12,80
E4A500555,Talkxone,Vaccine,12,55
D86H770411,Protectcillin,Antifungal,12,650
N31F365586,Gardenxone,Diuretic,12,500
Z94P86656,Alsozepam,Diuretic,12,450
V78L372115,Footxone,Vaccine,12,150
J98W629325,Handvir,Anti-inflammatory,12,200
B78U614714,Servicezepam,Diuretic,12,400
T9U969953,Highxone,Anti-inflammatory,12,250
H89A689828,Familyxone,Antihypertensive,12,250
C64N28784,Bloodvir,Antihypertensive,12,450
O26Q173841,Populationstatin,Anticonvulsant,12,95
Y15F329547,Populationstatin,Antidepressant,12,75
L92X936338,Informationxone,Respiratory,12,105
D8E502034,Orderxone,Antihypertensive,12,250
W52W681786,Treexone,Antihypertensive,12,250
Y65E289095,Hopexone,Anticoagulant,12,650
B28R175218,Racein,Respiratory,12,300
Z68G292361,Firein,Antipyretic,12,200
K33W727056,Particularlyzepam,Antipsychotic,12,550
C84U764246,Decadezepam,Cardiovascular,12,100
U25K745024,Standzepam,Diuretic,12,500
H1B235009,Laststatin,Antibiotic,12,85
N99M759074,Agentvir,Antihistamine,12,400
A14Y35434,Houseol,Antibiotic,12,600
N4X683434,Aroundxone,Anticoagulant,12,75
V0O940322,Artistvir,Antidepressant,12,650
H57S389688,Agestatin,Anticonvulsant,12,100
U82C209456,Anythingol,Anti-inflammatory,12,350
D78G505021,Pickol,Diuretic,12,150
I8J512157,Recentlycillin,Vaccine,12,120
Y71T796253,Magazinecillin,Immunosuppressant,12,115
B2X583271,Recentol,Antihypertensive,12,400
A55N164362,Strategyol,Anticoagulant,12,150
Z67T163732,Glassvir,Anti-inflammatory,12,300
R8E396257,Runxone,Antipyretic,12,200
D96X546732,Answerstatin,Antipsychotic,12,85
X90O319347,Closeol,Respiratory,12,500
F20I689343,Experiencecillin,Antihistamine,12,450
G68O301007,Veryol,Vitamin,12,600
S7T574637,Trialin,Vitamin,12,150
E51O9862,Choicein,Antifungal,12,55
U62J385831,Carryin,Anticoagulant,12,85
A97F387058,Everyzepam,Anticonvulsant,12,100
C81V702161,Racestatin,Anti-inflammatory,12,75
Q82H124248,Addol,Antipyretic,12,135
U0I697083,Lotxone,Antihypertensive,12,200
V98Z404251,Operationvir,Vaccine,12,95
K81Q153339,Radiool,Antidepressant,12,90
G14F159876,Standcillin,Vitamin,12,400
M54E997039,Preventvir,Antifungal,12,75
C65G472562,Presentcillin,Antidepressant,12,200
K14X597787,Hardin,MuscleRelaxant,12,550
X78K71819,Happenxone,Antipyretic,12,550
V57B461147,Flyin,Antibiotic,12,80
K36K702363,Writein,Antibiotic,12,450
F44P919165,Crimeol,Diuretic,12,350
B52N197166,Worldvir,Antidepressant,12,65
S60V178700,Oldstatin,Anticonvulsant,12,95
S41P694879,Securityvir,Antihistamine,12,65
H20B943475,Storyvir,Diuretic,12,450
F80J407707,Analysiscillin,Anticoagulant,12,80
G10B28800,Bagxone,Antibiotic,12,350
L75K98310,Hundredstatin,Antipyretic,12,65
R30U726038,Parentzepam,Antihistamine,12,90
C89R961082,Optionin,Respiratory,12,550
U59D910093,Ontovir,Diuretic,12,65
Z71C658116,Againvir,Antifungal,12,400
I97B131326,Rangein,Anticonvulsant,12,300
W72S435006,Headxone,Diuretic,12,600
K37S556582,Gunzepam,Anticoagulant,12,60
N36H487291,Coupleol,Antiviral,12,250
E68A660465,Investmentzepam,Antidepressant,12,200
H23J377006,Securityzepam,Antidepressant,12,400
O22X326857,Examplein,Antiviral,12,65
Z54T786467,Backvir,Vitamin,12,105
K97M101882,Coverxone,Diuretic,12,450
N86O507436,Safezepam,Anticoagulant,12,650
J94J731705,Civilin,Anti-inflammatory,12,300
A23L612291,Causecillin,Vaccine,12,400
G91K567772,Racein,Antipsychotic,12,200
P96M767959,Collectionvir,Antidepressant,12,500
Y73M905502,Theyol,Steroid,12,500
A50U835057,Forgetvir,Antiviral,12,500
L6H808836,Securitystatin,Antiviral,12,90
E72L868688,Moviecillin,Antipyretic,12,550
H63L271999,Redxone,Antipyretic,12,50
V26D699682,Leaderin,Analgesic,12,550
A94A73181,Materialol,Antipyretic,12,105
I56H836207,Energyzepam,Antiviral,12,350
R99Z652358,Towardzepam,Cardiovascular,12,400
N88S885798,Weekxone,Antiviral,12,400
U73H583512,Politicalol,Antibiotic,12,105
T93L263117,Valuecillin,Anticoagulant,12,350
T25U961936,Dropin,Analgesic,12,500
O61Z729678,Agentin,Antipyretic,12,45
B77S823155,Specificzepam,Respiratory,12,80
L22Q243786,Fallzepam,Antifungal,12,400
L33B421831,Considerin,Vitamin,12,140
M54M311197,Financialvir,Analgesic,12,250
O52O517086,Possiblecillin,Anticonvulsant,12,650
Z14P238763,Walkol,Respiratory,12,650
U95R195374,Studentvir,Cardiovascular,12,120
P30C337694,Movementstatin,Antihypertensive,12,105
F25Z337112,Tablevir,Antihistamine,12,600
G88D750656,Whomol,MuscleRelaxant,12,115
C45A259967,Laterstatin,Antiviral,12,70
F4P117229,Eyevir,Vaccine,12,95
Z51K675906,Toughol,Antibiotic,12,350
B31S610454,Mainzepam,Vaccine,12,120
Y62A215463,Girlcillin,Vaccine,12,65
P25O544931,Billionin,Anticonvulsant,12,70
T58E681239,Presentstatin,Antipyretic,12,300
J81K19221,Norol,Antiviral,12,450
H54R547093,Noteol,Anti-inflammatory,12,80
D50U490806,Dogzepam,Immunosuppressant,12,70
L99L421508,Betweencillin,Antifungal,12,300
C57G405770,Sixxone,Antifungal,12,350
P34S535590,Continuevir,Antipsychotic,12,120
V37M70455,Tonightstatin,Antidepressant,12,350
N1N775204,Measurexone,Antifungal,12,400
S24M530419,Tendcillin,Antiviral,12,70
J31Q489895,Elsecillin,Antiviral,12,600
V59P964157,Democratzepam,Analgesic,12,70
S98W612377,Partycillin,Analgesic,12,650
P5P439876,Carexone,Immunosuppressant,12,85
N9K490857,Backvir,Steroid,12,110
M6K997195,Butcillin,Vaccine,12,250
V89N202610,Cutxone,Antipsychotic,12,550
C51S766246,Risein,Vaccine,12,650
Z97F405756,Acceptol,MuscleRelaxant,12,110
U70S233388,Datavir,Diuretic,12,300
A12W185141,Filmvir,Cardiovascular,12,450
P13W38943,Picturein,Antihypertensive,12,75
M3E265558,Fourvir,Respiratory,12,85
X17F6900,Raisevir,Antipsychotic,12,300
A50V716999,Happyxone,Diuretic,12,110
M80T506307,Maincillin,Antifungal,12,550
W0E706192,Includingol,Antiviral,12,150
P53X578609,Manyxone,Anticoagulant,12,120
E91I577309,Societycillin,Antifungal,12,450
U49C352314,Preparexone,Respiratory,12,250
M60Y86748,Understandzepam,Antipsychotic,12,550
A27U728382,Policyin,Respiratory,12,400
G10B690709,Actuallyzepam,Steroid,12,300
G51T348745,Andol,Antipsychotic,12,600
C16B783709,Modelcillin,Antifungal,12,250
Y50E254143,Producein,Vitamin,12,450
F72L209461,Appearxone,Antipyretic,12,100
L2N189311,Fivezepam,MuscleRelaxant,12,100
X56E839172,Thousandin,Antibiotic,12,65
F46Z18160,Monthstatin,Anticonvulsant,12,500
W93U310184,Footin,Antipsychotic,12,105
R37Z491905,Southin,Antibiotic,12,550
I73F998508,Formercillin,Antiviral,12,550
U78O860635,Orvir,Anticoagulant,12,100
U14I332724,Fullcillin,Antibiotic,12,300
H38N674470,Powerstatin,Immunosuppressant,12,110
L35P809683,Justzepam,Anti-inflammatory,12,500
H82C83643,Joinvir,Steroid,12,65
K9R222028,Careerxone,Diuretic,12,110
N83K465992,Seasonin,Antifungal,12,150
L75T891103,Travelcillin,Immunosuppressant,12,450
D98A942215,Lightcillin,Analgesic,12,80
C46S787236,Entirein,Analgesic,12,400
T72C644834,Motherzepam,Cardiovascular,12,650
W1E673309,Northstatin,Cardiovascular,12,450
U41Z661288,Eventol,Anticonvulsant,12,650
R74S558331,Girlvir,Antihistamine,12,250
Q64I151752,Tencillin,Antidepressant,12,250
E15G402871,Beatzepam,Anticoagulant,12,550
X66H863124,Seriousvir,Anti-inflammatory,12,400
O94Y667977,Movementstatin,Cardiovascular,12,100
M3Y348200,Maybestatin,Antihistamine,12,600
C3J787551,Respondzepam,Vaccine,12,140
K5S325231,Weightxone,Antifungal,12,350
F16A332873,Togetherin,Anticoagulant,12,250
B6C29397,Staffcillin,Immunosuppressant,12,450
G34X743108,Landcillin,Antiviral,12,200
G64Z358691,Comparevir,Antiviral,12,300
N50F383545,Thancillin,Diuretic,12,70
M19W292332,Houseol,Anticoagulant,12,110
C86G761938,Nationalcillin,Antipyretic,12,65
L70M581969,Actionxone,Immunosuppressant,12,600
O99I664564,Reportin,Diuretic,12,200
G37P151429,Testol,Anticoagulant,12,60
E34Y795805,Meancillin,Diuretic,12,95
W90S306093,Glassol,Anticoagulant,12,200
N67R404333,Sisterol,Antihypertensive,12,100
O46N836188,Alongzepam,Antidepressant,12,110
I60X775439,Naturecillin,Anti-inflammatory,12,600
C18L627100,Fieldzepam,Anti-inflammatory,12,200
B16M304711,Relationshipzepam,Antibiotic,12,300
U64H517922,Yesstatin,MuscleRelaxant,12,300
V48W145535,Weststatin,Anticonvulsant,12,55
R85N182033,Youcillin,Vaccine,12,65
G86B213514,Presidentol,Antifungal,12,80
W66T316177,Sayol,Cardiovascular,12,100
G56G604148,Riskin,Diuretic,12,300
H18I962908,Largeol,Cardiovascular,12,500
A12L236761,Maintaincillin,Cardiovascular,12,80
L70U913760,Hearcillin,Respiratory,12,110
R4W264452,Differentcillin,Analgesic,12,75
V80U196615,Assumeol,Steroid,12,200
P56X540364,Blackxone,Anticoagulant,12,90
S34J538192,Windowxone,Anti-inflammatory,12,50
T66R312133,Imaginestatin,Cardiovascular,12,400
X36B879963,Mouthvir,Anti-inflammatory,12,200
Z39T43446,Windol,Diuretic,12,300
I2C857638,Walkstatin,Antipsychotic,12,50
Y12F861136,Thestatin,Antipyretic,12,300
S99H832930,Businessvir,Anticonvulsant,12,65
S6P514778,Ofvir,Antidepressant,12,600
D13N135084,Addin,Respiratory,12,110
D81C97461,Floorol,Cardiovascular,12,300
X16S600496,Physicalol,Antibiotic,12,300
Z31K802130,Createstatin,Antihypertensive,12,90
B32J638366,Eachzepam,Antihistamine,12,140
N27C98652,Professorol,Antifungal,12,145
M71Q964262,Dayxone,Antihypertensive,12,55
L85C444943,Usevir,Antifungal,12,125
U56E924863,Youxone,Analgesic,12,350
V35U53633,Herselfvir,Steroid,12,105
U86E914833,Towardvir,Antifungal,12,400
B5E588389,Everyoneol,Antifungal,12,100
C30A620076,Sortstatin,Immunosuppressant,12,250
T5B697281,Fireol,MuscleRelaxant,12,500
F44M367120,Valuestatin,Antipsychotic,12,350
B8E12033,Recordstatin,Anti-inflammatory,12,115
Z16I953069,Hotin,Antibiotic,12,250
T71Z123323,Languageol,Antihypertensive,12,120
A44S518530,Walkzepam,Vaccine,12,300
K40Y872663,Systemol,Antihistamine,12,650
V20F414477,Leavecillin,Anticoagulant,12,400
R10K898900,Bedcillin,Steroid,12,60
K10D547223,Treatol,Immunosuppressant,12,150
U54C141371,Newspaperzepam,Immunosuppressant,12,75
N44T156955,Starol,Antipyretic,12,95
P63X232025,Downzepam,Analgesic,12,115
L25Y452791,Afterin,Respiratory,12,120
R75W239290,Missionin,Analgesic,12,550
F46H351186,Seriousol,Antiviral,12,300
L24Z454219,Offol,Antipsychotic,12,400
A93B721575,Managevir,Antibiotic,12,115
Y96Y777737,Alreadystatin,Antibiotic,12,350
B8I827461,Holdzepam,Anticoagulant,12,105
O2N171087,Beginin,Respiratory,12,450
X78O614487,Providestatin,Anti-inflammatory,12,95
H50S224670,Pastcillin,Antihistamine,12,350
Z38J573073,Trialin,Respiratory,12,300
S20U37504,Waterin,Immunosuppressant,12,350
H75E673999,Verystatin,Cardiovascular,12,55
D2A839222,Energycillin,Antifungal,12,65
F28G458147,Animalzepam,Antifungal,12,650
T14O805912,Somethingin,Anti-inflammatory,12,90
Y5Y707056,Smallvir,Anticonvulsant,12,130
T28S918540,Realizexone,Antiviral,12,100
Y88X704853,Arrivestatin,Cardiovascular,12,500
Y12Y217859,Fillin,Vaccine,12,200
T9N678356,Agreestatin,Respiratory,12,150
Q71I478027,Handin,Vaccine,12,350
D6K409589,Sitvir,Analgesic,12,85
Q84P578827,Internationalzepam,Antihypertensive,12,400
L21H42930,Formerxone,Respiratory,12,300
W17D250655,Alongzepam,Antipyretic,12,150
K92W981029,Membervir,Antifungal,12,85
P90F836941,Realol,Vaccine,12,500
I43W434580,Companyol,Immunosuppressant,12,110
H88L202139,Storycillin,Anticoagulant,12,45
E87D718641,Ontocillin,Antihistamine,12,300
Y6M975987,Guyin,Antifungal,12,110
X96W584240,Trainingstatin,Antiviral,12,65
X38Z194816,Kitchenvir,Antihistamine,12,110
X10S824078,Tonightxone,Diuretic,12,300
Z23M240505,Perol,Steroid,12,650
A85H64941,Homexone,Antifungal,12,150
I41D270110,Soldierin,Vaccine,12,300
E32W584271,Sourcezepam,Immunosuppressant,12,300
T71H837777,Bankol,Vaccine,12,500
H1C377156,Millionol,Antifungal,12,90
Q89I41722,Onxone,Analgesic,12,70
D70M638979,Everybodyvir,Antipsychotic,12,400
U78U278570,Hitin,Anticonvulsant,12,90
S33D335808,Quicklyin,Vaccine,12,650
J35J754564,Somein,Diuretic,12,85
Q12L931005,Eveningxone,Cardiovascular,12,600
G47S338474,Testcillin,Analgesic,12,105
W40B148702,Relatexone,Antifungal,12,105
Q48W522096,Revealvir,Antipsychotic,12,650
H25P936523,Addressxone,Anti-inflammatory,12,75
Q99V386865,Bestol,Vaccine,12,55
B39W298182,Bankstatin,Anti-inflammatory,12,350
V20T309431,Capitalcillin,Vaccine,12,300
Z39Z757149,Trialol,Antidepressant,12,450
U38E435021,Analysiscillin,MuscleRelaxant,12,600
A32A907901,Betterzepam,Antihypertensive,12,500
O10S172030,Tonightxone,Antihypertensive,12,105
O23L314284,Pastxone,MuscleRelaxant,12,500
O25J737128,Sheol,MuscleRelaxant,12,550
Z62T55092,Standardvir,Immunosuppressant,12,400
C75W143952,Newxone,Anticoagulant,12,90
E4N125476,Hugeol,Respiratory,12,70
R30X995819,Topin,Immunosuppressant,12,85
Z75S979471,Closeol,Analgesic,12,75
T89Q59093,Willin,Anticonvulsant,12,500
A1N187302,Pushvir,Analgesic,12,90
J80M190303,Designzepam,Antipsychotic,12,60
S21A367327,Speakol,Antifungal,12,550
J54W111005,Towardzepam,Vaccine,12,550
W83A158533,Strategyin,Antihypertensive,12,350
J98I254216,Shakevir,Antiviral,12,120
G81U237250,Parentcillin,Analgesic,12,95
S53H665066,Okxone,Steroid,12,400
W68K708794,Instatin,Antiviral,12,550
L71Q958785,Surfacezepam,Anticoagulant,12,65
I72Y94436,Attorneyxone,Antihistamine,12,50
H84V855761,Pullcillin,Antibiotic,12,110
X80C162377,Treestatin,Anticoagulant,12,200
V93H653189,Couldzepam,Steroid,12,200
A17H712527,Greenxone,Antihypertensive,12,55
B33J386290,Authorityvir,Steroid,12,115
I81C674182,Messagecillin,Analgesic,12,90
A6W908378,Bedstatin,Vitamin,12,550
W26R153140,Abovecillin,Anti-inflammatory,12,650
B30F518876,Usuallystatin,Vitamin,12,80
Z67M800925,Itselfcillin,Vitamin,12,600
M30M633254,Offerzepam,Cardiovascular,12,550
O90T848599,Happyzepam,Cardiovascular,12,95
Z38F292145,Formerol,Immunosuppressant,12,80
R34B945185,Careerol,MuscleRelaxant,12,55
P15K480515,Claimcillin,Anti-inflammatory,12,250
A30P957564,Stationvir,Diuretic,12,450
F8I531091,Differencein,Antipyretic,12,105
F22L604316,Votexone,Steroid,12,90
B43C195056,Republicanol,Antibiotic,12,200
Z52O710948,Herol,Respiratory,12,150
L70P640375,Sixstatin,Antiviral,12,85
Y91C214488,Yourselfol,Steroid,12,400
I60F9096,Hundredcillin,Antibiotic,12,400
Q67C408427,Reststatin,Antihypertensive,12,550
Q80W977700,Rolezepam,Anticonvulsant,12,115
B40N614385,Employeein,Steroid,12,70
V9E534809,Qualityxone,Diuretic,12,300
J28B534278,Believein,Antidepressant,12,250
P32J353400,Windol,Anti-inflammatory,12,95
V38C407096,Finallystatin,Diuretic,12,50
W61Q978902,Itin,Diuretic,12,120
P35T797367,Heavyzepam,Immunosuppressant,12,200
T24Q859335,Movementvir,Diuretic,12,400
S80U725584,Courtvir,Anti-inflammatory,12,450
E90L292161,Questioncillin,Antipyretic,12,125
P8O600705,Whateverxone,Cardiovascular,12,150
I13D769009,Partnerxone,Cardiovascular,12,450
L30S506700,Papervir,Anticonvulsant,12,200
M98S934961,Believexone,Vaccine,12,500
W52R799881,Scorezepam,Antihypertensive,12,55
X41S802398,Professorstatin,Steroid,12,600
W62V514412,Eatcillin,Antibiotic,12,85
K50Q360459,Nocillin,Steroid,12,90
W2U460667,Decidevir,Antihistamine,12,600
T16U531098,Statementol,Steroid,12,75
N97O936250,Fightzepam,Antihistamine,12,100
C31Z125027,Kindin,Antihistamine,12,550
F79P268440,Badcillin,Diuretic,12,300
H94Y5268,Laughin,Anticonvulsant,12,70
G21D865887,Naturalcillin,Antihistamine,12,250
S74V111774,Seriesvir,Anticonvulsant,12,100
C95Y681848,Traditionalstatin,Analgesic,12,100
L93O622534,Insteadcillin,Steroid,12,70
W59Q753214,Comparezepam,Steroid,12,85
M35A222092,Valueol,Vaccine,12,550
I89T50472,Meanvir,Analgesic,12,100
U14X462463,Fatherzepam,Antidepressant,12,650
W68F929033,Westernol,Antipyretic,12,115
S22Y666858,Discussstatin,MuscleRelaxant,12,200
C24H433445,Personalxone,Cardiovascular,12,105
N32F443248,Heartcillin,Antidepressant,12,500
R36A65248,Realizexone,Vaccine,12,65
Y91S664774,Probablyol,Antihistamine,12,115
Z39I300421,Missol,Respiratory,12,600
T64D98479,Economicxone,Antifungal,12,110
L77U604082,Televisioncillin,MuscleRelaxant,12,75
B21M802709,Minutexone,Vaccine,12,120
F81C750250,Analysisol,Vitamin,12,115
L91C541282,Hotelcillin,Antiviral,12,550
V96B937788,Possiblevir,Respiratory,12,450
R9U479636,Comparecillin,Cardiovascular,12,650
S22J57463,Createol,Antipyretic,12,600
K27W461756,Determinevir,Vaccine,12,150
F75L508707,Starstatin,Antipsychotic,12,650
J72Y179062,Aboutol,Diuretic,12,70
Y10V821060,Almostxone,Vitamin,12,55
A51Q498852,Usestatin,Antihypertensive,12,600
T67T92702,Centralcillin,Steroid,12,130
D17N186267,Hotol,Steroid,12,90
Z92M203275,Stopvir,MuscleRelaxant,12,50
V72R369917,Lifestatin,Antipyretic,12,90
U91Q603822,Amountol,Anticonvulsant,12,105
O8P119723,Leaderol,Anticonvulsant,12,200
D73L293887,Friendin,Antipsychotic,12,400
G75G747364,Recognizecillin,Antifungal,12,90
G67N690126,Happenstatin,Antidepressant,12,200
A64V80726,Soxone,Diuretic,12,120
G25G272568,Cupol,Anti-inflammatory,12,50
B96R256570,Congressxone,Cardiovascular,12,115
B14H932009,Interestingstatin,Antiviral,12,300
D20Q47394,Particularcillin,Antihypertensive,12,500
W34Q320373,Sidestatin,Anticoagulant,12,50
O70R801089,Wrongcillin,Anti-inflammatory,12,400
Q3K609305,Certaincillin,Analgesic,12,450
W16Y205087,Returnstatin,MuscleRelaxant,12,500
T51K644857,Preparecillin,Anticonvulsant,12,95
G66X593950,Argueol,Anticonvulsant,12,450
W98M178963,Indeedstatin,Antipyretic,12,100
U87T518747,Sizein,Antibiotic,12,115
P99N164832,Recentlyin,Anti-inflammatory,12,100
O69S274815,Largeol,Antidepressant,12,200
G10B470193,Ascillin,Analgesic,12,55
U14X946558,Containstatin,Cardiovascular,12,500
P31O506305,Morningstatin,Analgesic,12,300
U72J220694,Enoughin,Vaccine,12,450
B73H599745,Examplexone,Vitamin,12,500
L2X61066,Specialxone,Anticoagulant,12,115
N87M202833,Workerzepam,Antipyretic,12,150
V70Q304198,Degreevir,Anti-inflammatory,12,650
R80F710335,Lawyervir,Immunosuppressant,12,90
U76J391718,Themselvescillin,Antihistamine,12,85
V53I210826,Placecillin,Antifungal,12,500
W44F706996,Growin,Analgesic,12,110
E98Z619977,Spacexone,Diuretic,12,450
J95I47616,Careerin,Diuretic,12,300
W35H179349,Simpleol,Antihypertensive,12,300
P6N750571,Televisionol,Vaccine,12,115
D96W580685,Doorxone,Antifungal,12,650
W30S216835,Safezepam,Respiratory,12,200
N14I428258,Partyvir,Anticonvulsant,12,75
C6Y685914,Chargeol,Anticonvulsant,12,105
O24Y463385,Reallyzepam,Diuretic,12,55
F64A623331,Sortxone,MuscleRelaxant,12,300
P22A30032,Formerxone,Immunosuppressant,12,350
U49V334565,Imaginezepam,Anticoagulant,12,65
O26C95765,Givein,Antifungal,12,150
B49U142829,Allvir,Vitamin,12,450
Y91C891367,Fewxone,Antihypertensive,12,250
G86M694642,Clearlyvir,Steroid,12,250
O17O693972,Reachstatin,Respiratory,12,60
N56R687540,Housestatin,Anticonvulsant,12,300
X92J399505,Discoverxone,Anticonvulsant,12,300
K24Y118769,Aheadzepam,Antiviral,12,105
W54R934986,Designol,Antipyretic,12,50
Z89B550823,Manvir,Antihistamine,12,50
Q43K586302,Bigstatin,Immunosuppressant,12,650
H4L504441,Butzepam,Steroid,12,85
W50P796881,Nonein,Anticoagulant,12,75
X20S170498,Withinzepam,Vitamin,12,350
P36M935897,Localxone,Anticonvulsant,12,200
E38E636078,Earlyvir,Vaccine,12,80
D43O757551,Exampleol,Steroid,12,100
A70H750434,Usezepam,Immunosuppressant,12,450
X99L439630,Skinzepam,Antipyretic,12,250
K42H756986,Myol,Vitamin,12,200
U79L787727,Reallycillin,Antidepressant,12,110
X63N180854,Countryin,Antifungal,12,150
N13E900245,Staffcillin,Respiratory,12,50
K67V148862,Ivir,Antibiotic,12,110
W3W740858,Herselfin,Immunosuppressant,12,200
H10Z275802,Himselfol,Vitamin,12,250
U19O943781,Everyonezepam,Diuretic,12,600
O89A409551,Awayzepam,Diuretic,12,300
A52A708543,Daughtercillin,Respiratory,12,100
Y74S614329,Alwaysvir,Antibiotic,12,105
O30R22073,Determinestatin,Analgesic,12,50
G0Z193925,Recognizevir,Vitamin,12,80
A84U825889,Bestcillin,Anti-inflammatory,12,600
D8Y117937,Protectstatin,MuscleRelaxant,12,150
M92E451226,Morningcillin,Steroid,12,75
X64E296173,Fastvir,Antidepressant,12,350
L56E641253,Rulecillin,Respiratory,12,650
M12Y348460,Artstatin,Antipsychotic,12,350
N70H171807,Amountin,Respiratory,12,105
A16N25912,Eithervir,Anti-inflammatory,12,120
B3B819215,Drivestatin,Antihypertensive,12,550
T78G644063,Hotol,Antipyretic,12,600
R90H18376,Pricevir,Respiratory,12,300
Z44F317227,Tryol,Vitamin,12,50
R56O914266,Positionvir,Antihistamine,12,300
R39J240992,Federalin,Vaccine,12,110
R0Q88172,Ontool,Respiratory,12,60
I88T399024,Democraticcillin,Antipsychotic,12,85
N43R792909,Purposein,Antipyretic,12,125
Y93Y774380,Hisin,Antipyretic,12,600
G44K495148,Kidstatin,Antihypertensive,12,75
U73V584665,Buildingcillin,Antiviral,12,50
X19M925610,Learnzepam,Anticonvulsant,12,110
C70K855937,Tonightzepam,Vitamin,12,55
V74D747656,Freein,Antifungal,12,50
X34W537873,Insteadvir,Antibiotic,12,500
N64R510343,Writerstatin,Antidepressant,12,300
E21P747437,Pastxone,Antiviral,12,250
R36K83702,Butvir,Antihistamine,12,55
Z60C373901,Purposexone,Vaccine,12,45
F36P877307,Somebodystatin,Diuretic,12,600
Z70D552399,Herein,Antihistamine,12,65
R0P584913,Dinnercillin,Antipsychotic,12,400
T1G494779,Doin,Respiratory,12,95
M32U478126,Accordingin,MuscleRelaxant,12,65
R87V18106,Informationstatin,Anticoagulant,12,100
B50R716118,Latein,Analgesic,12,120
H70K283545,Artin,Cardiovascular,12,55
P20O475547,Riskvir,Diuretic,12,600
Y28G771315,Askzepam,Immunosuppressant,12,600
O42P156464,Growthol,Diuretic,12,80
T82G695453,Defensestatin,Vaccine,12,650
U81E496551,Waterol,Antifungal,12,80
Y29Q993121,Fastzepam,Immunosuppressant,12,350
E20I266516,Enterxone,Anticonvulsant,12,550
J12D601811,Lawin,Immunosuppressant,12,550
Z47F127373,Sidexone,Antifungal,12,400
K92O23841,Mentionxone,Immunosuppressant,12,75
J47J873731,Firstxone,Anticonvulsant,12,250
T92J393521,Needin,Analgesic,12,650
Z47Z815479,Taxin,Anti-inflammatory,12,105
K9R194643,Crimevir,Antipyretic,12,600
P6I200933,Discussionvir,Respiratory,12,95
F41K741310,Skillvir,Immunosuppressant,12,55
B25E103082,Acrossol,Anticoagulant,12,80
P20B630189,Paintingstatin,Anticoagulant,12,650
R69H606426,Darkxone,Cardiovascular,12,100
B35X183576,Forwardstatin,Vaccine,12,80
T78Q782212,Westvir,MuscleRelaxant,12,300
I23E520495,Aboutvir,Anticoagulant,12,550
X5W550364,Gasvir,Immunosuppressant,12,550
K76R365970,Fallstatin,Respiratory,12,70
Y94Z441648,Evenzepam,Immunosuppressant,12,350
D3Z626618,Coldvir,Steroid,12,70
K78W453117,Recentlyin,Analgesic,12,50
B54A758790,Finishin,MuscleRelaxant,12,200
X27Q928320,Southernxone,Antihypertensive,12,75
Z75Y49737,Namecillin,Cardiovascular,12,65
H52B487010,Skinstatin,Antidepressant,12,500
T87Y185726,Surezepam,Steroid,12,400
Y5I349057,Currentol,Cardiovascular,12,50
E34O336620,Effectxone,Cardiovascular,12,80
M85Y734473,Fearxone,Antiviral,12,500
K30Y743526,Armol,Antibiotic,12,550
J17P499632,Tellcillin,Antipsychotic,12,75
E31I686380,Standzepam,Antihistamine,12,150
W4M38403,Centuryzepam,Anti-inflammatory,12,120
L55C743514,Interestxone,Analgesic,12,150
H69F419478,Togethercillin,Antihistamine,12,150
R26V554969,Doctorvir,Anticonvulsant,12,65
X30I724193,Laughxone,Antihypertensive,12,300
E49I670794,Finezepam,Respiratory,12,600
I60A440059,Billionxone,Antihypertensive,12,200
X2X813816,Movementzepam,Antihypertensive,12,80
P75R494127,Spendin,Antihypertensive,12,500
A40E205214,Careercillin,Vaccine,12,115
S99D134289,Pastin,Steroid,12,50
M9V978252,Playerxone,Analgesic,12,500
H86Y45600,Finallyvir,Vitamin,12,600
N72L39733,Usuallyin,Respiratory,12,650
C86N302948,Dayzepam,Diuretic,12,450
A20B343987,Hearvir,Antihypertensive,12,550
U90W121176,Includezepam,Steroid,12,250
X97N151911,Thesecillin,Anticonvulsant,12,95
D25N654636,Sincexone,Vaccine,12,350
S62M946824,Himvir,Respiratory,12,115
T99N785155,Statestatin,Immunosuppressant,12,500
U53X984534,Herin,Steroid,12,400
K85Q990962,Tradecillin,Antihypertensive,12,650
M22O475554,Energyin,Antibiotic,12,250
W54S552670,Onin,Anti-inflammatory,12,75
R45P757383,Choicexone,Immunosuppressant,12,150
H39S515534,Rockcillin,Antihistamine,12,95
W36Z769349,Nearlyin,Antipyretic,12,125
C42D500499,Developcillin,Antihistamine,12,70
X51Q1313,Producestatin,Antipyretic,12,65
Z12B115368,Machineol,Antidepressant,12,85
A48T391329,Movein,Vitamin,12,75
B16Z232388,Rulezepam,Antihistamine,12,650
V57H10138,Itselfcillin,Respiratory,12,300
R16F753830,Usuallyin,Steroid,12,100
D77E881656,Bigstatin,Anti-inflammatory,12,105
T67E457600,Hopeol,Immunosuppressant,12,80
R73R782309,Joinol,Respiratory,12,200
K45P875436,Qualityin,Vitamin,12,350
V60U441516,Civilcillin,Anticonvulsant,12,50
I8K342491,Everyonevir,Antibiotic,12,150
O49G274975,Oftenstatin,Antiviral,12,70
D36W964406,Oncillin,Anti-inflammatory,12,450
H90R3299,Candidatecillin,Antifungal,12,80
F2B454275,Possibleol,Antipsychotic,12,70
P22G532413,Bodyzepam,Antihypertensive,12,650
Z3C319311,Revealxone,Cardiovascular,12,300
G37H266644,Boardstatin,Immunosuppressant,12,85
T5B333238,Gardencillin,MuscleRelaxant,12,90
M99H253703,Evenol,Steroid,12,450
F30A797538,Tablein,Vaccine,12,250
H54F983986,Recordin,Analgesic,12,300
N75H366528,Addresszepam,Anticoagulant,12,65
K88N272254,Statecillin,Cardiovascular,12,115
T23U605687,Thirdvir,Antihistamine,12,550
Z39U552761,Seatvir,Antipsychotic,12,450
S2U587567,Catchstatin,Vitamin,12,600
E64J936302,Mainol,Analgesic,12,65
J14K330755,Wantin,Antiviral,12,250
Q81Z838293,Factin,Immunosuppressant,12,150
W53V762208,Missionxone,Antipyretic,12,300
E24P87718,Environmentvir,Anticoagulant,12,500
B25F619604,Taskvir,Analgesic,12,200
Q54T37772,Modelin,Antihistamine,12,250
R42K463620,Answervir,Antipsychotic,12,250
T87H465930,Fearvir,Vitamin,12,250
G58L579211,Determinevir,Anti-inflammatory,12,70
J96I571369,Sizestatin,MuscleRelaxant,12,75
F63T178431,Groundstatin,Respiratory,12,80
C60E210119,Groundcillin,Steroid,12,350
B11G60704,Choosevir,Cardiovascular,12,350
B29R792069,Sitecillin,Immunosuppressant,12,250
L97P395107,Roadol,MuscleRelaxant,12,95
X92K314004,Yetzepam,Antiviral,12,120
E31H26190,Occurzepam,Antiviral,12,300
E15A695637,Lowol,Respiratory,12,115
Z50U33894,Namestatin,MuscleRelaxant,12,55
B97O783701,Programzepam,Anti-inflammatory,12,500
N46R560805,Doorstatin,Antidepressant,12,300
S4H383642,Gocillin,Antifungal,12,550
N1V118897,Himselfol,Anti-inflammatory,12,150
X52T806439,Realityvir,Diuretic,12,100
L88T914461,Congresszepam,Anticoagulant,12,105
L81W45139,Yardol,Diuretic,12,600
P40E796956,Aroundzepam,Antifungal,12,500
W12D833183,Mezepam,Anticonvulsant,12,500
D61X887863,Guessvir,Steroid,12,65
Q77V625602,Classol,Cardiovascular,12,200
J11D752422,Lawyervir,Antipsychotic,12,120
C84Y472209,Musicstatin,Antifungal,12,600
I3R402874,Toughcillin,Anticonvulsant,12,450
A90Q206862,Everstatin,Vitamin,12,450
T56B493806,Laughzepam,Respiratory,12,650
I53R80163,Familycillin,Diuretic,12,650
W77Y957393,Throughoutin,Antipsychotic,12,80
D67Q761174,Stillzepam,Antihypertensive,12,300
Y47Q562481,Sendzepam,Diuretic,12,70
F87C137935,Womancillin,Antifungal,12,650
V27K314701,Stopcillin,Antipsychotic,12,450
I70O177876,Helpol,Cardiovascular,12,45
G78S372744,Partstatin,Respiratory,12,650
J99W933705,Onlyvir,Antipsychotic,12,500
Y24H552095,Courtin,Cardiovascular,12,650
B29D45578,Economicol,Antihypertensive,12,120
G57M446824,Heavyzepam,Antipsychotic,12,600
A22M729212,Meetxone,Antihypertensive,12,105
T47M220008,Everyonexone,Anti-inflammatory,12,550
B4F823341,Againin,MuscleRelaxant,12,400
M10P583335,Sincevir,Vitamin,12,105
A49W666288,Skillol,Anticonvulsant,12,400
U26L302367,Dealol,Anti-inflammatory,12,60
Y39P622910,Mustcillin,Antihistamine,12,145
G87L689020,Managementzepam,Antipsychotic,12,50
J62A639186,Presidentxone,Analgesic,12,55
A81V461004,Itvir,Antidepressant,12,70
Y77T380893,Whileol,Analgesic,12,80
J54B762033,Decidezepam,Antipsychotic,12,300
X51L235241,Firecillin,Steroid,12,500
R66D523976,Importantin,Cardiovascular,12,350
W69B974793,Untilstatin,Antihypertensive,12,200
D81L547311,Savezepam,Antiviral,12,550
I11N291841,Thosecillin,Immunosuppressant,12,250
J60I130026,Commonvir,MuscleRelaxant,12,650
D43N351404,Hopevir,Diuretic,12,250
C20G732334,Movementzepam,Vaccine,12,105
T89N578788,Yardin,Anticonvulsant,12,70
P26N482318,Drawin,MuscleRelaxant,12,550
V43O428974,Agencyzepam,Anticonvulsant,12,300
B68R590112,Herselfcillin,Anti-inflammatory,12,110
V86H454188,Mothercillin,Antidepressant,12,75
G93D83375,Guystatin,Cardiovascular,12,600
D27M966171,Realizezepam,Antihistamine,12,95
M66E843725,Keyzepam,Steroid,12,65
B21G730830,Challengestatin,Steroid,12,95
O10H758580,Oilzepam,Antiviral,12,450
D15C472092,Singin,Anticonvulsant,12,300
W25H4155,Notxone,Vaccine,12,350
R23A735644,Highcillin,MuscleRelaxant,12,300
Z83D609504,Mustzepam,Antifungal,12,90
A96T163904,Avoidcillin,Antipyretic,12,500
M75K786283,Sciencevir,Vaccine,12,85
O44Z620613,Wantcillin,Vitamin,12,90
V81X381742,Bringol,Antipsychotic,12,145
T58Q619433,Hardol,Anticonvulsant,12,300
H87W712359,Attentionxone,Cardiovascular,12,105
X27T463991,Reflectvir,Vaccine,12,250
M30J5912,Atvir,Antifungal,12,500
H43U416409,Legvir,Steroid,12,550
N28N336543,Educationcillin,Cardiovascular,12,55
U28Y534895,Pricein,Diuretic,12,350
G10Y165340,Standzepam,Antiviral,12,65
Q4Q849289,Losscillin,Antihypertensive,12,110
G98N443361,Whitestatin,Antidepressant,12,200
V80Q899618,Keystatin,Antipsychotic,12,95
H73H820081,Offerxone,Antipsychotic,12,500
O68I610468,Nearvir,Steroid,12,200
H24H859931,Toozepam,Anticoagulant,12,600
Y49Z693861,Footxone,Antifungal,12,85
D66T949492,Friendvir,Antihistamine,12,150
H61O527028,Militaryin,Vitamin,12,400
R25R722211,Crimezepam,Antipyretic,12,100
U35F503115,Sevenxone,Cardiovascular,12,550
K51R632944,Holdol,Vaccine,12,500
N87E510655,Writerstatin,Antipyretic,12,55
N18J109401,Windowstatin,Antihistamine,12,350
U84Q420045,Greenin,MuscleRelaxant,12,120
N89K603271,Boxol,Antihypertensive,12,85
F29O73762,Sitstatin,Respiratory,12,150
Q56L238421,Scoreol,Antibiotic,12,300
C16T63018,Yeahcillin,Anti-inflammatory,12,600
E26C705407,Successol,Antiviral,12,105
E90H806566,Newxone,Antibiotic,12,650
B1V857042,Twocillin,Antihypertensive,12,150
C3V845546,Yearstatin,Vaccine,12,85
A59P193869,Myselfxone,Antiviral,12,500
M76F464890,Writein,Cardiovascular,12,400
O46D307210,Soundin,Diuretic,12,650
G20H947378,Imagecillin,Diuretic,12,150
Y4A2881,Startol,Vaccine,12,85
G0W187027,Wifestatin,Antidepressant,12,400
X76C237095,Veryvir,Respiratory,12,80
L5W386396,Culturalzepam,Antipyretic,12,80
Y26V342845,Lawyervir,Antifungal,12,85
I32E554449,Specialxone,Antipyretic,12,500
C62N230439,Aroundol,Antipsychotic,12,500
N51Y963731,Pointzepam,Diuretic,12,80
R95Z452732,Feelingxone,Antipyretic,12,300
K60Q470920,Shouldzepam,Steroid,12,55
Z55W10999,Whatxone,Analgesic,12,100
E50F31147,Eachin,Vitamin,12,100
C30W995685,Setin,Cardiovascular,12,130
G24B753203,Tonightstatin,Antibiotic,12,500
T11U928322,Questionin,Diuretic,12,600
H97C533594,Hopein,Anticonvulsant,12,600
C49O248658,Babystatin,MuscleRelaxant,12,450
D13A631382,Growthin,Antipyretic,12,450
D92H527456,Realityin,Antibiotic,12,400
P31R361880,Duringstatin,Antipyretic,12,55
I96N223081,Summerzepam,Antipsychotic,12,110
R41O984983,Increasezepam,Vitamin,12,350
R7D665909,Eitherstatin,Antihypertensive,12,200
O36N289112,Thereol,Cardiovascular,12,350
R5S811038,Fourcillin,Antipyretic,12,55
R87J437043,Eachzepam,Analgesic,12,600
U62J337974,Roomzepam,Antihypertensive,12,80
B27C340682,Prettycillin,Antibiotic,12,450
I12X758961,Audiencevir,Anticoagulant,12,250
X94N827451,Sportcillin,Vitamin,12,600
P78M259481,Eastcillin,Steroid,12,150
D56O124921,Homexone,Anticonvulsant,12,300
T9P608308,Studentcillin,Anticonvulsant,12,350
R80P640165,Blueol,MuscleRelaxant,12,150
A64I234220,Deepzepam,Antidepressant,12,140
Q60V882726,Specificol,Antipsychotic,12,75
Q52P167440,Nonevir,Immunosuppressant,12,90
S16U12964,Maintainxone,Anticonvulsant,12,200
N64N5355,Figurexone,Anticonvulsant,12,55
T63Y126305,Worryvir,MuscleRelaxant,12,250
X97C382910,Willcillin,MuscleRelaxant,12,80
Z37L328761,Requirexone,Cardiovascular,12,55
Q7F94983,Variousvir,Antipyretic,12,600
P16D170013,Missioncillin,Vaccine,12,550
A56D936003,Candidatevir,Antifungal,12,650
H69F837991,Bothzepam,Anticonvulsant,12,300
F38W854850,Flyzepam,Antidepressant,12,135
U78Y207412,Actol,Antihistamine,12,115
Y50Y292271,Remainzepam,Antihypertensive,12,85
J33E181278,Partyol,Steroid,12,55
A80W469695,Bezepam,Anticonvulsant,12,125
Q24C332613,Moviecillin,Immunosuppressant,12,55
Y59E388966,Thoughtcillin,Immunosuppressant,12,650
D1W966434,Atol,Antihistamine,12,200
G16B146646,Commonxone,Antifungal,12,300
P25T609681,Physicalvir,Anticonvulsant,12,70
O83J94742,Littlein,Antihypertensive,12,500
G83V535420,Kidzepam,Vaccine,12,55
D75W33288,Handstatin,Diuretic,12,550
T69G529118,Informationvir,Antibiotic,12,600
Q58H341249,Someonecillin,Diuretic,12,200
D75S907535,Raisexone,Analgesic,12,300
M39A91620,Severalvir,Antihistamine,12,55
G18Q866164,Westol,Antidepressant,12,650
S69E46290,Citizenstatin,Immunosuppressant,12,85
W93G761761,Ontoxone,Antiviral,12,150
J11W675971,Resourcexone,Antihypertensive,12,75
B70D164672,Fromcillin,Steroid,12,50
U55B790247,Beforestatin,Anticonvulsant,12,200
E58R998169,Acceptxone,Anticonvulsant,12,550
B85F890500,Performol,Antihistamine,12,95
I33W43866,Decisionvir,Antipsychotic,12,300
W39P507752,Thenin,Antihypertensive,12,550
C98O563717,Oftenvir,Anti-inflammatory,12,65
P76C303947,Explainvir,Vitamin,12,150
E97I28958,Greatstatin,Antifungal,12,85
E46D527469,Stagexone,Antifungal,12,600
V92W48636,Reducevir,Antihypertensive,12,200
J79K319828,Amountxone,Immunosuppressant,12,200
Q84P144436,Wifevir,Anti-inflammatory,12,650
I70I986267,Productol,Antihistamine,12,100
M35Q419899,Capitalvir,Anti-inflammatory,12,80
G44M496536,Ixone,Respiratory,12,500
L30O284982,Createcillin,Respiratory,12,550
A85U939607,Thoseol,Diuretic,12,600
O43M575040,Alonexone,Analgesic,12,110
H28H790688,Drivezepam,Antidepressant,12,95
K18F231748,Everythingcillin,Diuretic,12,350
C94G734134,Educationcillin,Vaccine,12,650
M25R975091,Weekol,Vitamin,12,300
Y39S589895,Applycillin,Antibiotic,12,600
V26X299042,Republicanin,Immunosuppressant,12,500
E19I252633,Informationstatin,Anti-inflammatory,12,140
L67H386418,Namestatin,Antipsychotic,12,60
R47Y573668,Lawyerol,Steroid,12,550
H69Z9737,Actuallycillin,Antidepressant,12,350
B14T303251,Smallzepam,MuscleRelaxant,12,350
Z42O523070,Handxone,Respiratory,12,300
L5D662115,Asstatin,Antifungal,12,500
A15B692262,Traditionalstatin,Anti-inflammatory,12,110
L43S399381,Setzepam,Antipsychotic,12,55
U21O752487,Powerzepam,Immunosuppressant,12,85
W39S417741,Viewxone,Diuretic,12,550
V72R868761,Widestatin,Cardiovascular,12,350
A14K671125,Managementstatin,Anticoagulant,12,65
B26K287103,Discoverol,Antihistamine,12,95
N53V473236,Hitcillin,Respiratory,12,300
N15R278220,Seniorcillin,Analgesic,12,150
H19G402668,Trialstatin,Anticonvulsant,12,500
B57M753923,Tozepam,Diuretic,12,250
H70Q131839,Degreezepam,Vaccine,12,450
S34O370804,Nextvir,MuscleRelaxant,12,350
L79X359720,Theoryxone,Immunosuppressant,12,110
Y41O870251,Successfulstatin,MuscleRelaxant,12,300
D35O500128,Sixcillin,Antidepressant,12,250
N45D50505,Listenol,Anti-inflammatory,12,250
D69W214733,Willol,Antipsychotic,12,60
H71I812710,Dealol,Steroid,12,450
P41N280495,Summervir,Antiviral,12,120
T61L660854,Mostcillin,Analgesic,12,95
P95V40013,Awayvir,Antipsychotic,12,60
I4L19191,Talkol,Antifungal,12,150
H57S264991,Nationcillin,Vitamin,12,200
U15L955546,Talkstatin,Antibiotic,12,70
D73Y993328,Chairvir,MuscleRelaxant,12,75
A33X159164,Withinstatin,Antifungal,12,200
Z92Z94227,Difficultcillin,Antidepressant,12,150
N42R784217,Clearstatin,Antidepressant,12,300
B51O151687,Thisxone,Antifungal,12,120
M35T378413,Eightvir,Antihistamine,12,300
Z86P529194,Trainingstatin,Antibiotic,12,650
D17Y482090,Piecezepam,Anticoagulant,12,350
Q82M307006,Candidatein,Analgesic,12,65
R74F520583,Endzepam,Antihypertensive,12,500
L5I944476,Professorol,Diuretic,12,70
Z70O838893,Newxone,Cardiovascular,12,100
Q53B195697,Sincecillin,Antihypertensive,12,150
I22D867926,Stuffxone,Cardiovascular,12,50
U13H706953,Yourselfin,Vitamin,12,550
Q50A964916,Quitestatin,Antihistamine,12,70
F81Y900854,Indicatezepam,Steroid,12,115
J70X655513,Naturein,Cardiovascular,12,100
R39L48228,Considerin,Anticoagulant,12,450
T53V136497,Waitxone,Analgesic,12,125
G64Q605196,Sportvir,MuscleRelaxant,12,60
T39T113017,Happenol,Diuretic,12,80
Y9F957481,Providestatin,Analgesic,12,300
G85M251459,Keystatin,Analgesic,12,550
W46A410959,Officialxone,Antiviral,12,300
L69D822003,Herein,Vitamin,12,400
V78A506411,Materialol,Antihypertensive,12,200
W7V599237,Bornol,Antihistamine,12,115
F33V802471,Restcillin,Antipyretic,12,300
A47R273932,Winol,Antihistamine,12,85
D82K36995,Noteol,Antibiotic,12,300
V35S41240,Entervir,Antiviral,12,300
A0K225245,Accountol,Cardiovascular,12,300
Q78S285536,Thatvir,Diuretic,12,250
M50O311621,Truein,Antipyretic,12,55
U69H129506,Askzepam,Cardiovascular,12,650
F82Y667793,Improvecillin,Anticoagulant,12,110
G18L694320,Localol,Anticonvulsant,12,600
E46S404220,Handxone,Diuretic,12,90
L60B265442,Hundredvir,Antiviral,12,100
O87T870148,Mayzepam,Antihypertensive,12,600
M75V68350,Windstatin,Antidepressant,12,95
S31X675349,Hitstatin,MuscleRelaxant,12,300
Y88V183333,Stylezepam,Anticonvulsant,12,150
G39H39836,Restol,Respiratory,12,200
E22X926998,Toostatin,Antiviral,12,250
O57T168753,Lawyercillin,Diuretic,12,75
F84P607034,Commercialxone,Antipyretic,12,45
T19N870982,Anythingin,Respiratory,12,120
B32S145792,Usxone,Anticonvulsant,12,250
Y12E95195,Almostvir,Steroid,12,550
R38C972150,Freecillin,Vaccine,12,50
X66Q739564,Populationvir,Antifungal,12,250
H79A400092,Billionol,Anti-inflammatory,12,500
C97E874022,Tryxone,Antipyretic,12,140
C6G236303,Materialcillin,Anticonvulsant,12,80
L70M329837,Supportstatin,Antiviral,12,90
T87A682662,Tvvir,Antipsychotic,12,50
H54K81974,Officialol,Anticoagulant,12,400
W93K217978,Involvecillin,Antihistamine,12,45
C83T877716,Playerol,Antidepressant,12,115
E22E334777,Existxone,Antifungal,12,250
H24J667625,Gardenstatin,Anti-inflammatory,12,120
S49B590580,Propertyvir,Analgesic,12,105
M18F48426,Reststatin,Antipyretic,12,300
N65S247034,Sharevir,MuscleRelaxant,12,650
R15X717298,Buyvir,Antipyretic,12,250
Z92X956927,Alreadyxone,Antibiotic,12,450
R98C423409,Keepin,Antihistamine,12,50
S85Z861934,Majorxone,Antihypertensive,12,300
C71H148748,Containstatin,Antihistamine,12,75
Z19C23390,Viewxone,Cardiovascular,12,250
X28A382936,Subjectxone,Respiratory,12,200
U49T771605,Housezepam,Antihistamine,12,115
T14V757793,Allowxone,MuscleRelaxant,12,70
U66L193395,Outol,Antihistamine,12,600
V87C289275,Rockzepam,Anti-inflammatory,12,100
B76O149317,Degreestatin,Antipsychotic,12,300
T79X741281,Largeol,Respiratory,12,650
U90O229723,Floorzepam,Anti-inflammatory,12,650
W78W294005,Behaviorxone,Antifungal,12,85
T51O337762,Expertstatin,Antipyretic,12,55
X48A21572,Arguevir,Antifungal,12,80
R91Z952542,Maybein,Antipsychotic,12,200
E42V78543,Energyvir,Steroid,12,450
W92L30880,Littlevir,Cardiovascular,12,80
E79L359079,Laterzepam,Diuretic,12,250
R61E613630,Churchstatin,Antihypertensive,12,95
L70A219153,Newzepam,Antipsychotic,12,115
S20Y231590,Resultcillin,Cardiovascular,12,550
C0F660621,Attorneyin,Analgesic,12,75
B17U438538,Evidenceol,Antihistamine,12,100
G61Q28787,Morezepam,Antihistamine,12,200
W94U37091,Callcillin,Antipsychotic,12,55
M1S52591,Lastvir,Antidepressant,12,80
V96B150936,Collegecillin,Immunosuppressant,12,450
E22A510041,Yearzepam,Vitamin,12,500
S21W958292,Actcillin,Diuretic,12,300
K94K305521,Avoidvir,Anticonvulsant,12,150
G35M63825,Orvir,Respiratory,12,70
O33S33934,Lotvir,Diuretic,12,50
J98N378977,Rathervir,Diuretic,12,500
A70L817888,Bloodcillin,Antipsychotic,12,400
L54C333705,Staffol,Antihistamine,12,200
M55H420837,Finallycillin,Antifungal,12,105
N46M78513,Allin,Antihistamine,12,105
O68U913577,Doctorcillin,Anticoagulant,12,650
C17U967442,Populationzepam,Antibiotic,12,145
L53A472261,Candidatecillin,Anticonvulsant,12,50
W16X137917,Starstatin,Diuretic,12,105
M18U912690,Nextzepam,Antipyretic,12,350
B48V112668,Enjoyzepam,Antiviral,12,110
W19K338275,Picturein,Steroid,12,550
N55H718008,Stopcillin,Cardiovascular,12,600
T54H637072,Decidevir,Analgesic,12,450
J51Y84502,Tenxone,Antipyretic,12,650
L85G485851,Policeol,Anticoagulant,12,550
A63Y92388,Propertyol,Anti-inflammatory,12,350
R12O164702,Bringstatin,Respiratory,12,70
L70L567451,Hopezepam,Steroid,12,65
E73B943747,Scientistcillin,Vitamin,12,200
Q9H218841,Guessin,Diuretic,12,450
U38M520614,Oftenin,Antidepressant,12,50
G65Q7557,Linevir,Antipsychotic,12,400
H84N283586,Sisterin,Respiratory,12,60
E87Z848440,Modernstatin,MuscleRelaxant,12,115
Z80M776528,Singleol,Anti-inflammatory,12,100
Q5C625805,Americanol,Antihistamine,12,200
I64R765011,Suggestol,Antipsychotic,12,140
E22Y651047,Learnol,Antipyretic,12,80
P99J354898,Militarystatin,Analgesic,12,70
I77Q32065,Wellol,Steroid,12,450
U45J408416,Differencezepam,Antihistamine,12,90
D8P709541,Financialcillin,Analgesic,12,650
F78J70676,Truthin,Antiviral,12,115
G88S177922,Bedxone,Vaccine,12,600
J62Y812175,Coursezepam,Respiratory,12,110
H53M889160,Programxone,Anticoagulant,12,650
I60N137932,Latercillin,Antihistamine,12,65
R10Y888329,Describexone,Antidepressant,12,300
Z7J366936,Sitecillin,MuscleRelaxant,12,150
O61M899932,Rangestatin,Vaccine,12,650
I31P570001,Considerxone,Antihypertensive,12,50
U38M371104,Generalol,Antifungal,12,80
K19X338106,Stuffstatin,Antipyretic,12,550
Z61W765771,Commoncillin,Diuretic,12,600
O21H385951,Plantxone,Cardiovascular,12,65
N97Y732655,Occurxone,Vitamin,12,85
I17K768631,Overin,Analgesic,12,110
Q89E655499,Waterol,MuscleRelaxant,12,400
D92O297206,Onecillin,Diuretic,12,65
D92K728804,Allcillin,Antifungal,12,95
L0H223998,Figurexone,Antipsychotic,12,150
F38E972501,Agencystatin,Vitamin,12,200
N40J694948,Outsidezepam,Antiviral,12,350
G70Z115242,Changezepam,Anticoagulant,12,110
C42C159959,Statementin,Anticoagulant,12,105
N59M29018,Positionxone,Analgesic,12,300
W13P327741,Formcillin,Steroid,12,200
W61Y353629,Possiblecillin,Vaccine,12,90
W75F314624,Listenzepam,Respiratory,12,80
Q17O384722,Redin,Antibiotic,12,450
I39U23726,Populationvir,MuscleRelaxant,12,50
G37H283423,Parentzepam,Respiratory,12,100
A28M568625,Admitzepam,Diuretic,12,60
J19Q184513,Verystatin,Steroid,12,120
L25E631577,Seemvir,Antihypertensive,12,400
Z39G177213,Sooncillin,Anticoagulant,12,95
W52B952993,Warin,Cardiovascular,12,600
N0S503258,Businesszepam,Antipyretic,12,550
M54W923608,Latestatin,Antibiotic,12,85
O8C874864,Piececillin,Vaccine,12,150
R94Z674969,Aboutxone,Steroid,12,300
R58A562863,Sendin,Antihypertensive,12,110
I55U195122,Includingin,Anticoagulant,12,50
I52Q473249,Lawyerin,Antihypertensive,12,400
Y99P638517,Soldiercillin,Cardiovascular,12,60
I61J709373,Capitalcillin,MuscleRelaxant,12,60
O44V588132,Avoidin,Antipyretic,12,350
O27H147844,Bagol,Antidepressant,12,85
A72V956030,Parentstatin,Steroid,12,400
L3Q424221,Freezepam,Anticonvulsant,12,300
F7F413769,Canol,Respiratory,12,200
G78Z664138,Lawol,Antidepressant,12,80
V63A413713,Providexone,Antiviral,12,100
U45Y989984,Mainzepam,Antibiotic,12,450
D69P843080,Eitherxone,Antipsychotic,12,650
E6O492080,Respondol,Respiratory,12,400
G67C961533,Freexone,Antipsychotic,12,85
V92J49118,Workerol,Diuretic,12,100
Z34V624399,Lookstatin,Diuretic,12,550
W83O813973,Fewin,Immunosuppressant,12,100
M72A527497,Worldcillin,Diuretic,12,450
M35I47285,Planol,Anti-inflammatory,12,130
S53I716748,Yesin,Vitamin,12,85
I64Q578532,Termxone,Diuretic,12,400
O87H722600,Theyin,Antibiotic,12,250
D45U614683,Checkxone,Cardiovascular,12,600
C35G743270,Herxone,Analgesic,12,650
D7T470382,Impactxone,Antidepressant,12,300
I47R185685,Resourcecillin,Antihypertensive,12,130
Z57C944530,Buyin,Antihistamine,12,450
V74A455504,Momentzepam,Cardiovascular,12,400
R19O288342,Sometimesol,Anticoagulant,12,350
C52N563691,Pushvir,Analgesic,12,90
Y22I902446,Strategycillin,Diuretic,12,55
O81O784981,Wordxone,Antifungal,12,550
Y78H591472,Onin,Anticonvulsant,12,400
R41Z329709,Othercillin,Steroid,12,150
E16D309177,Hein,Antidepressant,12,60
Q82D945116,Revealxone,Steroid,12,450
E51Z164683,Militaryin,Anticoagulant,12,500
D57M787846,Popularcillin,Steroid,12,650
A10Z336392,Propertyvir,Antihistamine,12,550
M6N933577,Airvir,Antifungal,12,300
P74O153463,Betterxone,Antipsychotic,12,250
W94R199388,Nearstatin,Antihistamine,12,70
K47N766954,Industryxone,Steroid,12,70
I49A257510,Kidol,Steroid,12,150
T10H300040,Stuffvir,Anticoagulant,12,550
U0M320132,Kitchenvir,Antidepressant,12,350
Q10T35212,Butstatin,Antiviral,12,300
B9C717506,Resourcexone,Cardiovascular,12,400
Q19V318244,Mindvir,MuscleRelaxant,12,55
V13S247034,Fishvir,Anti-inflammatory,12,115
X91Y31623,Offerxone,Analgesic,12,200
V19G862895,Classxone,Antipyretic,12,150
U10P601581,Sciencecillin,Antihypertensive,12,60
F49E920397,Determinezepam,MuscleRelaxant,12,75
H40C333451,Forwardcillin,Anticonvulsant,12,550
Q76S467923,Readxone,Antibiotic,12,500
I49J878541,Writeol,Antifungal,12,300
A39O103843,Thanvir,Antipyretic,12,200
R70K973187,Cellzepam,Respiratory,12,450
K7E766111,Suchin,Vaccine,12,150
T11W456152,Whilezepam,MuscleRelaxant,12,650
J87J569058,Teachol,Anticonvulsant,12,300
T92Z112355,Casecillin,Analgesic,12,85
R23R731173,Fathercillin,Steroid,12,150
K84J168037,Anyxone,Immunosuppressant,12,145
Q89B350469,Tonightxone,Analgesic,12,200
W13Z700667,Putvir,Vaccine,12,300
T3L60709,Productioncillin,Respiratory,12,60
Q93T71683,Offcillin,Vitamin,12,500
W56Y273046,Soundstatin,Antipsychotic,12,50
M68H795502,Mainvir,Cardiovascular,12,300
K86J572622,Betweenol,Antidepressant,12,105
F55R443075,Seriousvir,Antihistamine,12,300
L17N968936,Managementol,Anticonvulsant,12,100
X29C218751,Todayol,Immunosuppressant,12,200
G77P999448,Professionalvir,Vaccine,12,650
Z60H191819,Kidin,Antihistamine,12,90
A86B506893,Measurezepam,Immunosuppressant,12,80
S12A295169,Firmvir,Anticonvulsant,12,250
U74U560679,Reachzepam,Anticonvulsant,12,200
W1W645592,Eyeol,Vitamin,12,400
S60Z658154,Dinnerol,Vitamin,12,500
Q9B155108,Billol,Antipyretic,12,95
K27Q735902,Waitvir,Steroid,12,85
F61T167892,Formvir,Antipsychotic,12,110
N48I963208,Southerncillin,Antihistamine,12,110
S90P594713,Patternstatin,Anticoagulant,12,110
R91L254334,Intoxone,Antipyretic,12,350
C83U507719,Typexone,Antihistamine,12,350
T19O359345,Leadol,Analgesic,12,60
Z74M359434,Linevir,Antibiotic,12,300
O91U619606,Financialzepam,Anticoagulant,12,300
W86U371251,Fromvir,Anti-inflammatory,12,115
T15C77921,Restzepam,Anticonvulsant,12,95
R97T811499,Severalin,Analgesic,12,100
Y46X87148,Likein,Anticoagulant,12,200
H61N746408,Certainlyol,Antiviral,12,650
U17Y322961,Herevir,Antiviral,12,500
W12E692756,Muchxone,Anticoagulant,12,100
Q51E797982,Withinvir,Vitamin,12,450
Y42U821395,Fivecillin,Analgesic,12,300
T55X689612,Communityxone,Immunosuppressant,12,650
A78R750492,Towardstatin,Steroid,12,550
U19A95733,Processcillin,Anti-inflammatory,12,150
N44Y583076,Societyin,Steroid,12,110
J28Z102806,Newsvir,Antibiotic,12,60
A44Q589936,Marketvir,Antidepressant,12,75
U50Q946925,Icillin,Diuretic,12,95
B53W279392,Darkin,Steroid,12,80
R42W652029,Fatherstatin,Antidepressant,12,80
E49M102388,Memberzepam,Vaccine,12,65
F27B819637,Reallyvir,Respiratory,12,115
N25P381400,Wifeol,Vaccine,12,70
J87B122062,Offerzepam,Immunosuppressant,12,650
N61X770822,Seatstatin,Respiratory,12,90
I56V551036,Justzepam,Anticonvulsant,12,120
V21B11114,Optionxone,Antidepressant,12,115
X32K839015,Treexone,Immunosuppressant,12,200
D29P671496,Whoin,Antiviral,12,650
G82E550729,Getin,Vitamin,12,100
Q4L924294,Leastol,Antibiotic,12,110
M14Q526197,Similarcillin,Antipsychotic,12,300
P94L974550,Importantstatin,Vitamin,12,150
X53S421106,Affectzepam,Anticoagulant,12,80
A64Z111658,Considerzepam,Anticoagulant,12,350
X38R988186,Degreexone,Vaccine,12,350
A53M310406,Somein,Antihistamine,12,120
Z56B927141,Pricecillin,Steroid,12,80
G54N752096,Historyzepam,Antipsychotic,12,300
B6U373892,Thousandol,Cardiovascular,12,300
C40U867687,Goalcillin,Cardiovascular,12,120
N98B500119,Littlexone,Antifungal,12,105
W28O913400,Howevervir,Respiratory,12,120
I38S347601,Likein,Steroid,12,300
M2J698762,Centurycillin,Analgesic,12,550
M91F773345,Importantzepam,Vitamin,12,500
A87E682854,Weekcillin,Antipsychotic,12,300
G29X983833,Theirzepam,Antidepressant,12,300
C58O964331,Aboveol,Antiviral,12,300
T91A592880,Threecillin,Anticoagulant,12,500
C61C317632,Themselveszepam,Antifungal,12,50
X99R684145,Evervir,Cardiovascular,12,250
O62D97291,Singcillin,Anticoagulant,12,400
N11V867162,Couplestatin,Vaccine,12,200
T69X970623,Fearstatin,Cardiovascular,12,75
F17B492740,Requirevir,Antidepressant,12,100
G69J687133,Longvir,Antihypertensive,12,150
F21M470316,Positiveol,Antipyretic,12,300
I27P801265,Courtstatin,Steroid,12,400
Q8R477101,Termstatin,Cardiovascular,12,90
X68Z10134,Couldcillin,Anticonvulsant,12,55
L49I916123,Protectin,Anticoagulant,12,70
W21H774644,Thirdol,Antihistamine,12,250
P24O113104,Seekstatin,Anticoagulant,12,550
C9N823918,Minutezepam,Antihistamine,12,60
V83M75670,Althoughzepam,Antifungal,12,85
R4W479646,Involvecillin,Antiviral,12,250
Y11T161389,Powercillin,Cardiovascular,12,120
T48Q557937,Makein,Respiratory,12,350
H22I95776,Revealin,Immunosuppressant,12,90
Z33Q610208,Gaszepam,Vitamin,12,110
R42S42413,Eightin,Antihistamine,12,85
Q69H847207,Speakxone,Antiviral,12,55
M0B789888,Stepvir,Anti-inflammatory,12,105
B0P327179,Eastol,Antipyretic,12,250
H25A605547,Losecillin,Cardiovascular,12,550
M66F24756,Againzepam,Antibiotic,12,150
J53G110254,Centuryol,Analgesic,12,80
P70H622670,Helpin,Antiviral,12,95
D90V48192,Surfacevir,Steroid,12,110
K94P9775,Behindxone,Anticoagulant,12,120
B66U315874,Rolecillin,Immunosuppressant,12,65
M54R85,Stylestatin,Steroid,12,70
O6V665922,Choosexone,Vaccine,12,300
S83H216321,Knowol,Anticonvulsant,12,90
S60J884643,Holdzepam,Anti-inflammatory,12,60
D56X583846,Heol,Respiratory,12,45
J88T65927,Specificol,Anticonvulsant,12,350
T73L475550,Discussionzepam,Antibiotic,12,60
G72G817939,Forcevir,Respiratory,12,90
U9J541276,Nightol,Anti-inflammatory,12,150
M99U982487,Shexone,Antifungal,12,110
E85L185000,Itselfstatin,Antihistamine,12,150
O39K615492,Secondstatin,Analgesic,12,105
G77P729313,Kindin,Antipyretic,12,60
K98I724615,Lowstatin,Anti-inflammatory,12,110
Q75M98507,Yourselfzepam,Antipyretic,12,75
G6V800559,Improvexone,Diuretic,12,500
U92F111305,Showvir,Vitamin,12,45
Q43R963664,Carestatin,Antidepressant,12,500
V29Z380501,Pmcillin,Analgesic,12,95
T25K937534,Ourstatin,Antibiotic,12,95
V62H778083,Rulein,Diuretic,12,350
P57P378156,Healthzepam,Anti-inflammatory,12,90
C82X423876,Tenin,Antidepressant,12,200
N36Y269833,Southernvir,Steroid,12,350
H13V310631,Lawyerxone,Antipyretic,12,80
I91Q633404,Footzepam,Respiratory,12,350
N87A414105,Memberin,Analgesic,12,300
A6U968723,Secondvir,Antihypertensive,12,450
E4M406599,Voicestatin,Anti-inflammatory,12,50
N9W993466,Mancillin,Diuretic,12,120
U19C991616,Questionvir,Vaccine,12,50
U47Z559802,Cellxone,Cardiovascular,12,350
A56P835253,Weightzepam,Antihypertensive,12,110
P96S592086,Anythingzepam,Antihistamine,12,350
Q90A124743,Fishcillin,Antiviral,12,300
Q55K171223,Rateol,Anticoagulant,12,150
E84E823648,Expectxone,Respiratory,12,65
M3I747278,Actionzepam,Antibiotic,12,60
H43L771365,Indicatevir,Antipsychotic,12,400
T59D607023,Itvir,Vaccine,12,120
V47T589431,Changestatin,Diuretic,12,650
C11F144335,Possiblexone,Diuretic,12,150
R88Q913180,Officialzepam,Vitamin,12,300
N47P940743,Purposeol,Immunosuppressant,12,65
W82F353988,Edgein,Respiratory,12,105
M97R301235,Thanstatin,Steroid,12,250
N95X135859,Jobcillin,Anti-inflammatory,12,85
Y53M698635,Mostin,Antibiotic,12,105
K24C699475,Suggestzepam,Immunosuppressant,12,200
C71P200527,Expertvir,Anti-inflammatory,12,80
S88Z914254,Challengevir,Steroid,12,350
N79T274591,Twoin,Immunosuppressant,12,450
W88E362244,Democratvir,Antihypertensive,12,95
V43D104175,Troublecillin,Vitamin,12,350
Y92J776972,Bitcillin,Antihypertensive,12,55
Y50T933856,Hiszepam,Antihistamine,12,95
U56U373202,Campaignin,Antipyretic,12,60
H93S765324,Impactstatin,Cardiovascular,12,550
O42W337159,Alsool,Diuretic,12,105
I40K828483,Differencevir,Cardiovascular,12,50
N81Q952557,Raisexone,Antihistamine,12,150
C63P721410,Agencycillin,Antihypertensive,12,115
C45C188538,Coldstatin,Steroid,12,70
M47D93977,Statecillin,Antibiotic,12,120
J95I825126,Recentlyzepam,Anticoagulant,12,650
L88N3175,Joinol,Antipyretic,12,450
U99L436348,Researchxone,Vaccine,12,650
W78N356151,Shouldstatin,Anti-inflammatory,12,110
O7P263738,Inol,Antifungal,12,250
J62D687926,Evenol,Antiviral,12,80
H84E860998,Careercillin,Steroid,12,80
T33C848999,Reflectcillin,Analgesic,12,200
R63N702763,Recordstatin,Anticonvulsant,12,500
R6P792504,Animalzepam,Steroid,12,105
B50U927404,Nearlyin,Cardiovascular,12,200
Z62A275718,Imagein,Antipsychotic,12,110
F71N841882,Socialcillin,Antifungal,12,110
O48L600389,Agreementvir,Antibiotic,12,150
S45T967785,Seemvir,Steroid,12,550
B73C301805,Sovir,Anti-inflammatory,12,60
V6H617377,Byol,Analgesic,12,550
T76M430247,Tendol,Immunosuppressant,12,120
J84Y828860,Workin,Immunosuppressant,12,400
C18P562840,Fiveol,Anticonvulsant,12,650
H61Q164644,Shakevir,Antifungal,12,150
Y18C80298,Describezepam,Anti-inflammatory,12,350
D55R157670,Facezepam,Anticoagulant,12,600
Y69U774667,Warcillin,Antifungal,12,150
V98I961784,Rightvir,Immunosuppressant,12,600
Z41P948456,Readxone,Antihypertensive,12,450
C20W887797,Canstatin,Vaccine,12,65
R8Z483993,Kidol,Steroid,12,450
L56H772774,Althoughvir,Steroid,12,60
V91U83319,Studentvir,Diuretic,12,75
L65N972347,Wearxone,Antihistamine,12,650
K47P434811,Thinkvir,Antidepressant,12,300
C75Z625832,Usin,Antihypertensive,12,115
O20L249895,Losexone,Analgesic,12,120
V14U217284,Situationcillin,Antihypertensive,12,120
H77V975357,Theirzepam,MuscleRelaxant,12,150
V58K355056,Thisol,Steroid,12,300
F18L649280,Manin,Diuretic,12,300
U41V664811,Stopvir,Diuretic,12,550
M21D448956,Interestingstatin,Antihypertensive,12,300
H43T701922,Humancillin,Analgesic,12,80
Y60M455237,Allowstatin,Antipsychotic,12,60
O36X933413,Stillin,Steroid,12,600
P5A109084,Anyonecillin,Antihypertensive,12,95
D45Q361444,Althoughstatin,Anti-inflammatory,12,600
J11P735898,Manxone,Steroid,12,150
J68L606133,Alonein,Anti-inflammatory,12,200
U11S626996,Forwardxone,Antifungal,12,55
K70B954515,Aheadin,Anticoagulant,12,500
Z66Q480126,Accordingol,Immunosuppressant,12,650
Q77F437230,Processxone,Analgesic,12,80
H87U22776,Budgetstatin,Anticoagulant,12,100
C0G196713,Armin,Analgesic,12,500
F71A978215,Considerxone,Antifungal,12,300
X29L103165,Onein,Antifungal,12,150
S22R798870,Whichcillin,Anti-inflammatory,12,120
X40D252922,Bringstatin,Antipyretic,12,400
T8M883942,Whiteol,Steroid,12,110
I73U271766,Methodin,Anti-inflammatory,12,200
L48E708211,Hairxone,Anti-inflammatory,12,65
O72S691930,Becauseol,Antipsychotic,12,60
G40M870140,Shortvir,Antifungal,12,250
F3T968260,Officevir,Vitamin,12,600
Y12U558391,Dropxone,Antiviral,12,300
B63F497246,Figurexone,Respiratory,12,500
F41D610192,Payol,Antipyretic,12,110
Z16J345394,Wrongstatin,Antipyretic,12,90
P48N508338,Truein,Antidepressant,12,105
X93T528235,Orderstatin,Cardiovascular,12,65
Z78R927658,Deepol,Diuretic,12,115
Y32F120310,Daughterstatin,Antibiotic,12,550
K0B714019,Lowol,Antidepressant,12,150
X54H332459,Ratexone,Anticoagulant,12,140
S14Z910875,Thoughtzepam,MuscleRelaxant,12,150
T83T834777,Reallyol,Antipyretic,12,65
G88J706859,Turnstatin,Antipyretic,12,600
D36E141024,Politicsstatin,Antifungal,12,100
H26S662138,Canin,Antiviral,12,450
P76O196583,Classstatin,Antipsychotic,12,650
Y43T894403,Threatxone,Steroid,12,110
Q97U945550,Modernin,Antiviral,12,75
Y61Z226694,Windin,Antifungal,12,500
T21W343895,Controlcillin,Antihistamine,12,100
H18M565079,Centuryxone,Antipyretic,12,300
B51Z463862,Centurystatin,Diuretic,12,300
E74X356775,Environmentalin,MuscleRelaxant,12,600
C2K615235,Offin,MuscleRelaxant,12,75
X16L909768,Boyin,Diuretic,12,95
J39R299645,Testin,Respiratory,12,300
T72E565993,Conditionxone,Cardiovascular,12,55
Q22Z761099,Friendin,Antihypertensive,12,400
R78A695802,Peacezepam,Vaccine,12,450
Q17K640352,Finalin,Vaccine,12,300
G57W246533,Parentstatin,Diuretic,12,65
D2D109126,Realizevir,Antifungal,12,150
I56T282184,Howeverxone,MuscleRelaxant,12,75
A2T779685,Createxone,Antihypertensive,12,50
O45P355817,Threezepam,Antibiotic,12,500
V8Y719363,Ordervir,Antidepressant,12,450
G87R667585,Ixone,Analgesic,12,130
H91M354171,Manycillin,Antifungal,12,100
Q29Y850358,Riskin,Anticoagulant,12,300
Q61U219180,Naturein,Anti-inflammatory,12,120
Q99T516775,Authorvir,Vitamin,12,120
I72J247975,Groundxone,Antipsychotic,12,550
G62J559183,Performancein,Antiviral,12,70
F50O633902,Officialol,Steroid,12,150
Y12I734630,Yardol,Antidepressant,12,60
H34K399096,Girlol,Antihistamine,12,200
Q19K370308,Addressvir,MuscleRelaxant,12,85
D50P961896,Aroundstatin,Diuretic,12,600
Y16L369300,Usuallyin,Antipyretic,12,500
P2C16523,Friendin,Diuretic,12,500
H71B251882,Agreementvir,Steroid,12,55
F87R162131,Everyvir,Antidepressant,12,65
D13X458583,Hotelzepam,Anti-inflammatory,12,300
Y53S239060,Practicevir,Immunosuppressant,12,130
N49O142061,Likevir,Analgesic,12,100
D81Y962143,Machinestatin,Antihistamine,12,650
M8S252015,Singlecillin,Vitamin,12,650
O95R531291,Girlvir,Anti-inflammatory,12,90
J58X968980,Freein,Immunosuppressant,12,600
W51O271591,Glassin,Antiviral,12,550
G52M433368,Thirdol,Anticonvulsant,12,120
Q1X888449,Pushin,Anti-inflammatory,12,80
P22R998298,Carecillin,Antibiotic,12,50
X6D407068,Orcillin,Respiratory,12,300
O40P493113,Artistxone,Antibiotic,12,60
G97F67295,Modelin,Respiratory,12,110
H6P54779,Upstatin,Antidepressant,12,150
V55U188793,Executivexone,Analgesic,12,200
F64E858819,Preventvir,Vaccine,12,80
N3P694659,Southernvir,Antihypertensive,12,250
Q45M160277,Formercillin,Vaccine,12,115
U2L575831,Soonzepam,Antibiotic,12,105
R29E781762,Ideaol,Cardiovascular,12,75
G71J917305,Eveningin,Antifungal,12,400
F52K813701,Everythingol,Antipsychotic,12,105
W77D416816,Leaveol,Antifungal,12,250
N9E951005,Northstatin,Cardiovascular,12,450
E21N972519,Showcillin,Anti-inflammatory,12,250
B82R336903,Headstatin,Anti-inflammatory,12,350
B46Y399007,Increasexone,Antipsychotic,12,150
Y64I221173,Tonightxone,Antibiotic,12,650
V0L983839,Activitycillin,Immunosuppressant,12,650
I73N835686,Authorin,Vitamin,12,300
K74H864640,Roadvir,Anticoagulant,12,450
G26X724931,Windowcillin,Vaccine,12,80
L44R523758,Centralvir,Antifungal,12,300
H98G705225,Sitin,Antiviral,12,450
V49F555328,Dreamol,Antipyretic,12,55
R47X785473,Continuecillin,Antipsychotic,12,80
G86J603811,Sostatin,Vaccine,12,400
G68S641996,Sharein,Respiratory,12,300
G73E275799,Laughxone,Antidepressant,12,650
I47M940497,Windowzepam,Antihistamine,12,75
F55G123918,Positivexone,Analgesic,12,600
S14Y989271,Winol,Antibiotic,12,115
I39G966786,Accountin,Antidepressant,12,400
X44T632445,Fineol,Respiratory,12,450
L89A985531,Dozepam,Antihypertensive,12,450
C24R219468,Statementin,Steroid,12,350
S40T920517,Treatcillin,Antihypertensive,12,450
T61Y595860,Linein,Respiratory,12,105
S46Y352338,Northzepam,Cardiovascular,12,450
E13A366429,Modernstatin,Antifungal,12,105
G1N621243,Everyin,Anti-inflammatory,12,250
E33T494562,Brothervir,Immunosuppressant,12,600
Z23Z948314,Largestatin,Diuretic,12,125
G31M748505,Mayvir,Vaccine,12,250
Q4R571909,Girlcillin,Antibiotic,12,65
E64K257024,Longvir,Anticonvulsant,12,200
B37N258196,Radiovir,Antihypertensive,12,85
W27Y134537,Waycillin,Immunosuppressant,12,115
H18G161733,Sizein,Vitamin,12,120
G53M374535,Leftxone,Anti-inflammatory,12,200
A19R398724,Riskvir,MuscleRelaxant,12,90
K98H630846,Fearin,Immunosuppressant,12,300
U59U305301,Cityvir,Vaccine,12,500
V73C604426,Provexone,Anticonvulsant,12,400
M51F820534,Alongzepam,Steroid,12,650
A27G349472,Husbandzepam,Anticonvulsant,12,300
A27R310407,Havecillin,Antipyretic,12,350
R67Z176297,Forcillin,Vitamin,12,300
L93S168247,Amountstatin,Immunosuppressant,12,75
W15F530469,Towardstatin,Steroid,12,90
D81B83113,Sortin,Anticoagulant,12,500
A73Z90778,Insidezepam,Vitamin,12,450
A84O43658,Ratherol,Anti-inflammatory,12,115
L16U803309,Darkol,Diuretic,12,250
T33C453912,Untilcillin,Anticonvulsant,12,95
S50I404244,Topstatin,Anti-inflammatory,12,650
C22O983709,Thirdstatin,Antidepressant,12,120
G3Z870466,Activitycillin,Anticonvulsant,12,300
A81M102988,Pastvir,Cardiovascular,12,250
Q7D375971,Tooin,Analgesic,12,350
Y50M924328,Movevir,Antibiotic,12,300
P3X268239,Resourcein,Anti-inflammatory,12,150
A21S481150,Weightin,Antipsychotic,12,60
P5B261344,Avoidvir,Anti-inflammatory,12,70
L57G83154,Lastzepam,Respiratory,12,650
G2H475810,Sourceol,Anti-inflammatory,12,55
A18E882026,Finishcillin,Antidepressant,12,550
R46E726315,Valuevir,Antihistamine,12,500
D81V836788,Forwardol,Antibiotic,12,95
Q43N776727,Followin,Antibiotic,12,600
W28A824609,Weightxone,Anticonvulsant,12,90
M69H136577,Notezepam,Antiviral,12,200
T98U193774,Authorityvir,Steroid,12,70
A92L218027,Simplexone,Antihypertensive,12,650
K74X907118,Schoolol,Vitamin,12,90
Y43J784476,Continueol,Vitamin,12,650
U19B363233,Waitol,Steroid,12,600
Y24S15966,Knowol,Vaccine,12,120
X18V344552,Leastxone,Analgesic,12,300
Q33B488739,Seniorxone,Antipyretic,12,70
O54C514542,Hotcillin,Diuretic,12,400
U56M235482,Meetingstatin,Respiratory,12,85
F97W147037,Howeverzepam,Antidepressant,12,70
X78P721405,Defensezepam,Antihypertensive,12,350
G35I983355,Seniorvir,Antipsychotic,12,105
I34E428900,Pastvir,Vaccine,12,120
L15P135404,Movementol,Anti-inflammatory,12,400
U9O779916,Intovir,Antibiotic,12,125
H23L946366,Enterol,Antihistamine,12,250
G96I897565,Anyin,Antihypertensive,12,600
L71B878028,Financialin,Anticoagulant,12,300
U94J648976,Windstatin,Antifungal,12,300
Q6A468831,Bloodxone,Vaccine,12,650
B92M823388,Usuallystatin,Steroid,12,450
L74R385241,Weekol,Diuretic,12,145
N68T59849,Everybodyxone,Antibiotic,12,600
H44C132257,Buildin,Anticonvulsant,12,55
U38X953869,Whatcillin,Antihistamine,12,70
H70S468029,Performol,Vitamin,12,250
Q50L236225,Issuexone,Antifungal,12,100
N54H828866,Directionin,Antipsychotic,12,400
I63L482656,Processstatin,Anticoagulant,12,150
A80J703661,Pastol,Respiratory,12,350
A89D848284,Beyondstatin,Antihypertensive,12,150
R16A797745,Playerxone,Antifungal,12,550
D62P607606,Participantol,Analgesic,12,250
P10S533459,Particularlyvir,Anti-inflammatory,12,55
Q53X999065,Toughstatin,Diuretic,12,85
Y16I145230,Rathercillin,Antipsychotic,12,450
J67T115693,Usuallyzepam,Antipsychotic,12,450
B42X949693,Worrycillin,Anticonvulsant,12,600
I45C117285,Wearvir,Antibiotic,12,300
G47O979146,Sovir,Antidepressant,12,250
B50J721270,Andxone,Antipyretic,12,120
J65L522048,Cardxone,Vaccine,12,115
V18F608886,Kidin,Antihistamine,12,300
W72J838440,Musiczepam,Analgesic,12,150
I98P162195,Millionzepam,Antipyretic,12,300
S72R506831,Goalvir,Anti-inflammatory,12,650
J79H9498,Effortxone,Antiviral,12,300
E37R8521,Barzepam,Vitamin,12,115
S41S805192,Applyin,MuscleRelaxant,12,200
Y43P814706,Trialxone,Antipsychotic,12,85
L57O733216,Answerin,Antidepressant,12,60
Z82C776743,Safexone,Antipyretic,12,85
O42R402254,Establishin,Antifungal,12,80
K36F104770,Readxone,Antiviral,12,85
L82Y571906,Streetxone,Anticoagulant,12,65
P97N217396,Majorstatin,Anticonvulsant,12,55
A58Q974399,Especiallyxone,Anti-inflammatory,12,400
B33R475755,Streetstatin,Antiviral,12,105
Q3O134240,Arrivein,Respiratory,12,250
I43K860097,Sciencezepam,Antipsychotic,12,75
W37U933030,Bloodxone,Antipsychotic,12,105
A11L574677,Legvir,Diuretic,12,450
U25A293003,Waystatin,Anticonvulsant,12,650
Q16O694949,Whichstatin,Antipsychotic,12,250
K6Y454216,Certainvir,Antiviral,12,50
U0E53814,Forgetcillin,Antihistamine,12,350
X29G443102,Whileol,Cardiovascular,12,350
Q43S909140,Pagecillin,Antihistamine,12,115
Y98K294491,Weightxone,Antibiotic,12,300
X31R681287,Memoryin,Vitamin,12,500
T52S485351,Passvir,Antiviral,12,115
L57L332438,Leftvir,Immunosuppressant,12,200
K45K107247,Goalxone,Antipsychotic,12,105
I46K236423,Rolestatin,Anti-inflammatory,12,250
E80A566060,Decisionin,Antihistamine,12,400
T74H848106,Electionin,Antibiotic,12,70
M87O776261,Youngol,Antidepressant,12,50
L60K918133,Dreamxone,Vitamin,12,85
B12G677650,Outxone,Diuretic,12,50
V32A899679,Drivezepam,Vitamin,12,450
D86Q767804,Specificxone,Antipsychotic,12,150
W55L185971,Teamvir,Steroid,12,500
G27J334888,Dreamcillin,Steroid,12,85
V73M535555,Popularstatin,Antifungal,12,550
I6I371429,Historystatin,Analgesic,12,450
E6F156640,Backol,Vaccine,12,550
R50L912712,Wondercillin,Respiratory,12,55
V26E47719,Aroundzepam,Vaccine,12,450
E13J362709,Managementin,Vaccine,12,135
G14M379623,Treatmentzepam,Antipsychotic,12,300
A64H981075,Stageol,Antihistamine,12,350
Z85P158872,Heartxone,Antihistamine,12,110
Y49G733241,Pushin,Antibiotic,12,85
E64C744419,Namexone,Vitamin,12,200
J24C237943,Dogxone,Anti-inflammatory,12,55
L35Z254940,Stopzepam,Analgesic,12,600
R74J24760,Hisstatin,Antibiotic,12,85
T67C779102,Yesxone,MuscleRelaxant,12,65
P6I282169,Dogxone,Analgesic,12,350
W6V203755,Minutezepam,Cardiovascular,12,200
D36F100371,Customerol,Diuretic,12,75
D97B482612,Arrivezepam,Anticonvulsant,12,60
F43P966343,Bluestatin,MuscleRelaxant,12,550
K43E315331,Herselfzepam,Anticoagulant,12,90
I28A265124,Doorin,Steroid,12,600
W4D473873,Elsecillin,Antihistamine,12,500
L56O641877,Headol,Anticonvulsant,12,650
W36K856844,Languagein,Antihistamine,12,400
P93O277632,Seniorcillin,Antipsychotic,12,50
D89H760049,Suggestzepam,Anticonvulsant,12,500
O47A942481,Processcillin,Respiratory,12,500
F34F217925,Thexone,Antibiotic,12,60
N22K153405,Workercillin,Anticonvulsant,12,300
J55M762502,Findzepam,MuscleRelaxant,12,550
G35X434963,Dropxone,Antipyretic,12,600
K6J780085,Hotxone,Antipyretic,12,115
W34G394237,Thoughin,Analgesic,12,115
D76A83686,Readstatin,Analgesic,12,400
T10K447410,Severalstatin,Anticonvulsant,12,105
H75Z578719,Treatstatin,Steroid,12,110
J41M190888,Racevir,Analgesic,12,300
W90O915324,Lastxone,Antidepressant,12,350
A80O625854,Hitzepam,Antidepressant,12,75
A73Z693285,Shouldervir,Steroid,12,500
B24F948884,Weekvir,Antihypertensive,12,135
R6B877639,Ratherzepam,Anti-inflammatory,12,120
D77W853449,Centralzepam,Vaccine,12,550
F14Y818238,Relatezepam,Antibiotic,12,550
M30W835181,Somethingxone,Anticoagulant,12,100
L30F339951,Termol,Steroid,12,140
C11V407425,Floorcillin,Anticoagulant,12,550
N24H590318,Designxone,Antihypertensive,12,65
R69W777763,Mightin,Anti-inflammatory,12,550
R34P617758,Eyein,Antipsychotic,12,450
N63D696921,Detailvir,MuscleRelaxant,12,300
G40A288565,Capitalzepam,Vaccine,12,150
Y84O429798,Nonein,Vaccine,12,105
D77J15191,Arguevir,Cardiovascular,12,500
J84M764746,Evidencexone,Steroid,12,100
V66F450872,Greatzepam,Antibiotic,12,75
A8O96633,Animalstatin,Cardiovascular,12,600
Y56E75035,Verystatin,Vitamin,12,550
T7R956830,Theoryvir,Antipyretic,12,100
S41W416954,Thoughtvir,Antihistamine,12,250
C58S30029,Surein,Antibiotic,12,75
Z94T549319,Membervir,Steroid,12,500
M76R70732,Stillvir,Vaccine,12,550
P46X426174,Effortxone,Vitamin,12,250
G82D844099,Yearcillin,Steroid,12,600
D74V216325,Fewol,MuscleRelaxant,12,550
K72P383295,Deepol,MuscleRelaxant,12,500
S77E130841,Carcillin,Antifungal,12,450
I33X556867,Choosecillin,Analgesic,12,650
C37W113796,Rightzepam,Antifungal,12,80
D76O40353,Facezepam,Steroid,12,150
D98R356874,Throughol,Antihistamine,12,115
N14L281891,Readyol,Antidepressant,12,75
K40E203738,Owncillin,Respiratory,12,105
Q19T193055,Warstatin,Antipsychotic,12,200
M4W231359,Reflectin,Anticoagulant,12,650
H98F540856,Healthzepam,Antibiotic,12,55
C6D97174,Majorityxone,Steroid,12,600
Y12P238350,Littlein,Antifungal,12,90
E78L815640,Strategyol,Anticonvulsant,12,65
H6B360593,Sincein,Steroid,12,80
A37N360779,Itselfol,Antidepressant,12,550
O32I678041,Bluexone,Anti-inflammatory,12,80
D99O836246,Quicklystatin,Antidepressant,12,75
K97V551541,Dayol,Antihistamine,12,200
R48H963357,Walkstatin,MuscleRelaxant,12,400
T86T847195,Streetxone,Cardiovascular,12,600
C16Y448780,Guesszepam,Antihypertensive,12,400
B97E287039,Expertstatin,Antipsychotic,12,55
T89U57256,Ratein,MuscleRelaxant,12,140
O14M762733,Offerstatin,Diuretic,12,400
I22Y468648,Spacevir,Vitamin,12,300
W8C706761,Resourcezepam,Antidepressant,12,500
W96S699900,Moneyzepam,Antihistamine,12,300
W79D951972,Cutxone,Vitamin,12,650
E44Q196099,Finallyzepam,MuscleRelaxant,12,120
Y64O87098,Numberxone,Antiviral,12,300
B69W511647,Modelxone,Antihistamine,12,650
R97P819868,Usexone,Antipyretic,12,80
M94H274700,Downcillin,Anticoagulant,12,150
L68L225692,Partnerin,Anti-inflammatory,12,250
X21H509498,Lesszepam,Analgesic,12,110
W14E589543,Personalzepam,Vitamin,12,250
M71Y486367,Newvir,Antiviral,12,70
D4Z613776,Variousin,Anticoagulant,12,650
R58K303360,Warzepam,Antidepressant,12,110
G2B95651,Heavyvir,Respiratory,12,115
D4F806899,Figurecillin,Antidepressant,12,350
F50N356130,Benefitstatin,Antihypertensive,12,450
E41C328052,Travelzepam,Respiratory,12,450
W61P129823,Supportcillin,Analgesic,12,90
Z58J300937,Arguezepam,Anticonvulsant,12,100
F33P933337,Lesszepam,Anti-inflammatory,12,600
X74V218529,Avoidvir,Steroid,12,500
A68U726402,Whichvir,Cardiovascular,12,200
H75P696236,Howol,Respiratory,12,450
I11F327033,Pmxone,Antipsychotic,12,550
C40C26096,Yourselfcillin,Respiratory,12,350
P8S602060,Currentol,Anticonvulsant,12,400
R44C260174,Myxone,Vitamin,12,95
X60J230875,Billionzepam,MuscleRelaxant,12,550
J45I427213,Taxin,Immunosuppressant,12,500
K90F633707,Trialvir,Cardiovascular,12,60
O60Q503479,Northol,Anticoagulant,12,75
L13B168444,Quitecillin,Respiratory,12,650
R36E423747,Tooin,Anticonvulsant,12,120
O10F694559,Matterxone,Vitamin,12,65
W29G140767,Partstatin,Vaccine,12,300
U83F246351,Mrcillin,Analgesic,12,110
A70H906952,Benefitzepam,MuscleRelaxant,12,55
F53S99753,Congressxone,Antipsychotic,12,65
T56H732139,Edgestatin,Antiviral,12,60
I0B550799,Paintingol,Anticonvulsant,12,150
H54Q648814,Linevir,Antiviral,12,400
Z52A35128,Figurein,Antiviral,12,550
A2O240015,Turnvir,Diuretic,12,350
K40G123539,Activitycillin,Antipyretic,12,250
M79Q296328,Seasonol,Antipsychotic,12,550
G7L889499,Attackstatin,Antifungal,12,300
M34U458474,Westernol,Antifungal,12,300
J63O16779,Mattervir,Antipyretic,12,300
P3R268381,Namevir,Antidepressant,12,450
E87N546010,Sizexone,Antibiotic,12,650
A9B330488,Marriagezepam,Steroid,12,90
P56I201195,Concernzepam,Diuretic,12,90
Z71F204732,Educationol,MuscleRelaxant,12,300
N47V224458,Preparecillin,Anti-inflammatory,12,140
G65R494583,Generalstatin,Steroid,12,500
H76W788778,Reducexone,Antipyretic,12,80
D3T150474,Littlezepam,Diuretic,12,500
N48Q18644,Organizationol,Antidepressant,12,115
U49L188830,Earlyvir,Antifungal,12,300
B22A453119,Sportxone,Antipyretic,12,650
B22C242895,Foodvir,Antihistamine,12,250
Z1F592204,Businessin,Antidepressant,12,600
W36O272322,Bringxone,Antifungal,12,85
H76I639658,Abovestatin,Respiratory,12,105
L64C190379,Timexone,Vaccine,12,95
B87N596588,Peoplexone,Antibiotic,12,550
V46H517953,Acrossin,Antipyretic,12,350
L73M694897,Sortxone,Antidepressant,12,70
R92C698693,Ownstatin,Vaccine,12,600
E2S921649,Importantstatin,Analgesic,12,300
Q67B109310,Decadestatin,Antihistamine,12,400
M83O122960,Seestatin,Immunosuppressant,12,120
A89H296422,Democratol,Antiviral,12,75
O48O391947,Reflectzepam,Antiviral,12,65
Z98G910785,Allowzepam,Steroid,12,120
C52T172674,Directorxone,Antihypertensive,12,150
N48T915873,Availableol,Anticonvulsant,12,130
D28J780925,Itscillin,Antihistamine,12,150
J92B215186,Windowzepam,Antipyretic,12,450
S87L298538,Redzepam,Respiratory,12,110
X49G446284,Todayin,Cardiovascular,12,85
R71Y944967,Thinkxone,Vaccine,12,95
J12F175690,Beautifulcillin,Respiratory,12,130
X79V463261,Variousol,Vitamin,12,115
P99U516246,Centerstatin,Vitamin,12,250
T35S640174,Agecillin,Analgesic,12,200
Z68R11923,Protectzepam,Anticoagulant,12,650
D49Y16108,Lotxone,MuscleRelaxant,12,110
F5D499291,Mattervir,Antibiotic,12,450
W89D709982,Churchcillin,Cardiovascular,12,300
P9G168,Thosezepam,Respiratory,12,550
W46L116722,Moviezepam,Immunosuppressant,12,75
Y98Z847514,Learnstatin,Anticonvulsant,12,500
Q4I393572,Careerstatin,Antidepressant,12,85
A15G561834,Radiostatin,Anticoagulant,12,90
A95J934607,Knowledgeol,Analgesic,12,300
P77A313079,Growin,Antipsychotic,12,65
I78S957780,Allowol,Antipyretic,12,500
H38Y980931,Sidevir,Respiratory,12,400
C84O129889,Frontol,Anti-inflammatory,12,120
R27W343424,Planin,Anticoagulant,12,500
T33P619082,Acrossxone,Anti-inflammatory,12,95
F77V56899,Findvir,Vitamin,12,550
V9S354167,Springzepam,Anticonvulsant,12,600
Q18W792616,Althoughcillin,Antiviral,12,550
I46J182293,Offercillin,Antibiotic,12,100
B93L861687,Veryzepam,Antidepressant,12,90
A56W343496,Generalvir,Respiratory,12,250
C17R782965,Becausein,Respiratory,12,650
J82L961975,Aboutvir,Steroid,12,350
I3M671008,Writerxone,Cardiovascular,12,400
V87P845085,Sportol,Anticonvulsant,12,85
V81B498272,Cupstatin,Antihypertensive,12,150
U59Q569564,Oncein,Vitamin,12,250
B60J210101,Majorityvir,Analgesic,12,600
W33U401852,Levelin,Anticonvulsant,12,300
V19V704960,Toughxone,Cardiovascular,12,400
W39O361087,Successin,MuscleRelaxant,12,300
T15J573667,Springin,MuscleRelaxant,12,75
T76V209587,Discussionstatin,Antifungal,12,600
V1H692309,Heavyol,Antipsychotic,12,150
D47I679326,Setxone,Anticoagulant,12,300
X24J705487,Cupcillin,Antipyretic,12,250
X23O253658,Civilol,Antidepressant,12,650
G2W870642,Claimzepam,Analgesic,12,650
X6N397280,Totalzepam,Vitamin,12,100
N65V806680,Arguecillin,Vaccine,12,120
W37Y685546,Organizationol,Vaccine,12,500
S90N49226,Groupxone,Antidepressant,12,650
D86Q261218,Writerol,Antiviral,12,250
P87V660335,Thoughstatin,Anti-inflammatory,12,85
X85P497188,Throughvir,Anticoagulant,12,450
E7R643600,Hopezepam,Antihypertensive,12,110
A41R811165,Policyol,Respiratory,12,300
J81C199680,Justcillin,Antipsychotic,12,70
K59U4175,Towardcillin,Vaccine,12,85
C81F34617,Prettyvir,Analgesic,12,550
W22I454937,Couplecillin,Antihypertensive,12,70
F87U638813,Existxone,Antifungal,12,105
P10J942476,Collegexone,Cardiovascular,12,120
C13C957649,Rightin,Anticoagulant,12,80
X72N368489,Overin,Anticonvulsant,12,450
F10X224464,Bankvir,Antidepressant,12,140
F65F808780,Hitstatin,Anti-inflammatory,12,250
N68I270078,Muchxone,Antipyretic,12,300
M60D926022,Rulevir,Antidepressant,12,350
P78C655258,Livevir,Vaccine,12,85
N74F39832,Paystatin,MuscleRelaxant,12,300
R44T830862,Tradecillin,Cardiovascular,12,600
Z88V743515,Boxvir,Antihistamine,12,250
S77D931232,Expectin,Antidepressant,12,110
U0M530293,Treestatin,Vaccine,12,600
L89G51661,Responsibilityxone,Anticonvulsant,12,350
O64S615284,Dozepam,Antipsychotic,12,600
X67X895524,Generationzepam,Respiratory,12,100
S73J574372,Sensevir,Cardiovascular,12,75
Y79F203416,Dealzepam,Steroid,12,400
G11D751560,Seatin,Steroid,12,90
H65R663602,Workcillin,Anticoagulant,12,500
Y17O911006,Programvir,Antihypertensive,12,95
M86M602208,Rememberol,Antihypertensive,12,110
U47M810265,Executivexone,Anticoagulant,12,100
D38F579731,Healthcillin,Antipyretic,12,80
K55J360434,Yeahvir,Antibiotic,12,300
N27M430867,Mediaxone,Antipyretic,12,115
V4A860289,Canol,Vaccine,12,450
V63Z890619,Mevir,Analgesic,12,75
A6K816191,Thecillin,Antiviral,12,200
J85S887821,Lateol,Antidepressant,12,200
W81W673794,Tellstatin,Diuretic,12,200
O34Y462775,Roomvir,Vitamin,12,120
G28V649945,Culturalcillin,Respiratory,12,65
C89Z50026,Resourceol,Antipyretic,12,50
C98H338081,Lowzepam,Steroid,12,450
S62O514733,Conferencevir,Antipsychotic,12,110
O49N19944,Nearzepam,Steroid,12,100
V68R373636,Hundredstatin,Analgesic,12,300
T85F44786,Likestatin,Respiratory,12,200
M68K45494,Friendol,Anticonvulsant,12,75
C86Y126419,Democratxone,Cardiovascular,12,500
W78Q874330,Startvir,Vaccine,12,120
P16U23108,Movezepam,Antifungal,12,70
A13Q188557,Memberin,Anticoagulant,12,300
R72R807678,Opportunityin,Vitamin,12,95
J18A883707,Northxone,Diuretic,12,200
J62X911522,Energyvir,MuscleRelaxant,12,120
J73L626981,Twool,Respiratory,12,70
Q68Y527265,Statementxone,Immunosuppressant,12,85
S18B885164,Administrationzepam,Antiviral,12,90
P37R681726,Nationol,Antibiotic,12,110
F64H530279,Fearcillin,Antihistamine,12,650
T27F575180,Foodstatin,Antifungal,12,350
T57J606397,Yeahvir,Vaccine,12,200
Z11I31903,Sinceol,MuscleRelaxant,12,400
J40Q68032,Dinnerol,Cardiovascular,12,300
J60O250441,Moneyzepam,Antihypertensive,12,400
O37H950414,Campaignin,Cardiovascular,12,150
G91W626958,Groundstatin,Vitamin,12,300
U70L110832,Nationalvir,Anti-inflammatory,12,600
L31G100588,Numbervir,MuscleRelaxant,12,350
B78D604727,Chancecillin,Antibiotic,12,450
D88I756834,Thosezepam,Analgesic,12,400
V44L484849,Suggeststatin,Anticonvulsant,12,350
E3L61921,Sometimesin,Immunosuppressant,12,500
Z7N398439,Generationin,Antihistamine,12,450
Y44M221404,Reasonstatin,Antipsychotic,12,400
O50B966641,Messagestatin,Antipyretic,12,105
T92N930702,Thosexone,Antibiotic,12,120
D23Q5775,Sellstatin,Immunosuppressant,12,115
W54V354966,Knowvir,Respiratory,12,500
X50M589372,Forxone,Anti-inflammatory,12,95
S7I150672,Backvir,Antihypertensive,12,80
U77U447312,Healthvir,Antihistamine,12,95
J38E357382,Variousxone,Vitamin,12,100
M14G664709,Duringvir,Immunosuppressant,12,300
F94L993690,Meol,Diuretic,12,95
F86R363584,Understandzepam,Diuretic,12,115
R92G26666,Checkstatin,Antidepressant,12,140
U22L699583,Blackvir,Anticonvulsant,12,45
S24H38316,Startvir,Diuretic,12,75
Z86C499428,Oldstatin,Antiviral,12,115
Q57R297795,Valuestatin,Antipsychotic,12,300
V54A357436,Minutevir,Antidepressant,12,110
I44P19150,Withoutin,Anticonvulsant,12,150
S69E730021,Thatvir,Diuretic,12,400
Q98K452678,Simplecillin,Analgesic,12,300
H49Z788639,Processin,Antihypertensive,12,650
D20J840136,Securityin,Diuretic,12,200
S19A639593,Elseol,Antibiotic,12,70
U75H502783,Actionzepam,Anticoagulant,12,100
L76O84450,Studentstatin,Antibiotic,12,100
Z59W69541,Nowvir,Antidepressant,12,105
E90V848261,Decisionol,Vitamin,12,500
K20H922234,Roomol,Cardiovascular,12,80
A95L869252,Reasonzepam,Vaccine,12,400
B93K265139,Culturevir,Antibiotic,12,95
E31Y583834,Reachvir,Antifungal,12,450
A1L239433,Thinkzepam,Antibiotic,12,70
L34Y863294,Actionzepam,Immunosuppressant,12,300
L92L661390,Whichin,Antihypertensive,12,400
C82P522266,Unitin,Diuretic,12,120
P62P523757,Agentol,Antifungal,12,650
I96H110092,Respondstatin,Steroid,12,650
S82L617624,Alreadyin,Analgesic,12,300
B37V406807,Actzepam,Antipsychotic,12,85
V11I781049,Budgetzepam,Respiratory,12,300
B97E284158,Operationzepam,Antiviral,12,300
Y6G327756,Taskcillin,Antiviral,12,450
U45C192697,Hitxone,Vitamin,12,75
Q76Z10337,Goodstatin,Antihistamine,12,300
T67T894384,Subjectvir,Antihypertensive,12,650
Z84B138536,Candidatestatin,Vaccine,12,70
J87K665911,Employeestatin,Vitamin,12,450
Y63C75759,Fatherxone,Analgesic,12,600
T35E354805,Playstatin,Anticoagulant,12,90
T74H221656,Springzepam,Analgesic,12,90
A40Z887502,Standardvir,Antihistamine,12,300
P5I721342,Ifzepam,Diuretic,12,115
D99D172006,Coachxone,Steroid,12,95
Y56H261834,Quicklyol,Diuretic,12,450
T12R334513,Attorneycillin,Antipyretic,12,120
T39V162263,Picturecillin,Steroid,12,70
R62A374243,Alreadyxone,Vitamin,12,90
E71F373395,Formin,Anticonvulsant,12,450
I70Z102655,Thosecillin,Antiviral,12,65
M32N19364,Reallyin,Antiviral,12,300
O78C848845,Specialin,Anti-inflammatory,12,400
O30N948938,Ratherin,Antipyretic,12,600
E32G510727,Singleol,Anti-inflammatory,12,200
T8F934793,Shecillin,MuscleRelaxant,12,450
T51K399830,Generalin,Vaccine,12,150
P38L247668,Majorityin,Anticonvulsant,12,80
Z58O289791,Policexone,Antipsychotic,12,250
D24P116004,Suddenlyvir,Steroid,12,600
K6G943298,Flystatin,Anticoagulant,12,400
G51N772980,Placecillin,Antipsychotic,12,600
O90Q907046,Actol,Analgesic,12,70
B59W486259,Backxone,Antihypertensive,12,70
Y65H627649,Leastcillin,Antihistamine,12,400
M6R471175,Evidencezepam,Diuretic,12,85
L69C648857,Buildingvir,Antihistamine,12,250
K71V422117,Whilecillin,Antipyretic,12,85
L47A942704,Insidezepam,Anticonvulsant,12,110
S63Z440137,Officerin,Anticoagulant,12,50
F32K782004,Samezepam,Antifungal,12,350
T22C420226,Preparezepam,Anticoagulant,12,500
Y56O895174,Teachin,Anticoagulant,12,300
V91N614426,Pickzepam,Immunosuppressant,12,150
F49E811263,Meetingol,Vaccine,12,55
J15D676223,Scientistvir,MuscleRelaxant,12,650
N70F649539,Energyxone,Anti-inflammatory,12,300
O21O664482,Happyxone,Anticonvulsant,12,80
N45K351941,Kitchenzepam,Antihypertensive,12,400
E70N183092,Mindvir,Cardiovascular,12,650
V27A553656,Centralin,Antihistamine,12,70
T33C190552,Areazepam,Antibiotic,12,85
L69V825271,Offxone,Anticonvulsant,12,200
F39L592660,Deepin,Immunosuppressant,12,95
F17M290111,Messagexone,Cardiovascular,12,500
J62X616791,Lineol,Immunosuppressant,12,90
O43H742913,Sitevir,MuscleRelaxant,12,300
F36V744849,Questionol,Respiratory,12,80
K73W223316,Guessin,Antihistamine,12,200
P60U782979,Variousvir,Vitamin,12,65
P41W705794,Fillin,Cardiovascular,12,250
G25R17978,Thankzepam,Antidepressant,12,650
V10G293260,Safestatin,MuscleRelaxant,12,45
B94I914931,Centralstatin,Antiviral,12,600
H66X460451,Evercillin,Antihypertensive,12,600
Z28X517176,Individualcillin,Antiviral,12,300
X68O851741,Planin,MuscleRelaxant,12,85
U83H465830,Servicestatin,Vaccine,12,450
P16X457372,Movementstatin,Antipyretic,12,500
A52I593860,Entirecillin,Cardiovascular,12,500
Y61Z588119,Thein,Anticonvulsant,12,400
G16L52591,Niceol,Vaccine,12,120
I5A48995,Lessxone,Diuretic,12,400
A90Z390526,Securityxone,Vitamin,12,120
K47T334110,Weightstatin,Antibiotic,12,95
C17U997275,Paststatin,Anti-inflammatory,12,600
C42C538489,Sellvir,Immunosuppressant,12,115
F57S249771,Meetcillin,Steroid,12,115
P9V415939,Closevir,Steroid,12,50
N14L615341,Maintainin,Antihistamine,12,150
U26I267565,Areacillin,Antibiotic,12,75
C0F889080,Actxone,Immunosuppressant,12,80
Z72V237741,Starzepam,Anticonvulsant,12,65
P53F873032,Howstatin,Respiratory,12,600
K28T461560,Usuallyxone,Antihistamine,12,450
L13C603828,Sidecillin,Vitamin,12,450
H74Q274865,Keepvir,Immunosuppressant,12,50
I67U850743,Greatstatin,Immunosuppressant,12,250
P14N524297,Continueol,Cardiovascular,12,450
C8N971418,Quitexone,Anticoagulant,12,115
N27P7070,Eightcillin,Antihistamine,12,250
X79N468062,Provezepam,Antiviral,12,95
G32Y633819,Lowstatin,Anticonvulsant,12,500
V6X498530,Groundzepam,Antifungal,12,350
U44A279036,Situationcillin,Anticoagulant,12,600
R31K501616,Summerin,Vaccine,12,200
L46H896918,Responsestatin,Anti-inflammatory,12,80
K94H461643,Twool,Anticoagulant,12,200
T80Q623907,Resourcecillin,Antipsychotic,12,120
E20Z736176,Sixvir,Diuretic,12,65
T24S639793,Sectionstatin,Antihistamine,12,150
S26F497813,Storein,Antifungal,12,300
S32G754901,Developmentzepam,Cardiovascular,12,65
S16T789938,Wellcillin,Anti-inflammatory,12,100
R29D603312,Pastcillin,Vitamin,12,600
Z43S321263,Okxone,Diuretic,12,50
K5T736176,Importantin,Antipyretic,12,400
E45N889938,Everyoneol,Vaccine,12,200
N75B598469,Modernvir,Respiratory,12,115
T94D776302,Sendzepam,Antipyretic,12,450
Z35H956230,Songcillin,Antihypertensive,12,100
G80F658786,Seriesxone,Immunosuppressant,12,115
E93V129261,Healthcillin,Antiviral,12,600
B82M874439,Customerxone,Vaccine,12,85
S90X798611,Housexone,Antiviral,12,105
W99G200494,Losein,Anti-inflammatory,12,65
F19F906460,Relatezepam,Antipyretic,12,550
V2R850923,Senseol,Antidepressant,12,65
B40E105993,Invir,Cardiovascular,12,95
Z43N492873,Forceol,Analgesic,12,65
V81C772413,Dreamvir,Vaccine,12,130
I89B455353,Couplexone,Vaccine,12,500
Q38S515795,Lotxone,Antihypertensive,12,500
Z61S882192,Mouthcillin,Respiratory,12,600
L56J864517,Cityol,Antihistamine,12,250
R58J991223,Airxone,Cardiovascular,12,250
X79P491498,Americanzepam,Antifungal,12,650
S98V313178,Groundxone,Antiviral,12,150
T47U261731,Positionxone,Immunosuppressant,12,300
K94K326821,Campaignol,Anticonvulsant,12,90
V87U449858,Naturalin,Antiviral,12,300
F21D231182,Thencillin,Anti-inflammatory,12,350
D56O332117,Occurin,Antibiotic,12,300
Q58Z189716,Sozepam,Respiratory,12,110
L67W598055,Radiocillin,Diuretic,12,300
W27Q224142,Democraticin,Antiviral,12,100
S72I72604,Feelvir,Respiratory,12,300
Z24C321358,Entercillin,Respiratory,12,400
U17V822400,Characterol,Cardiovascular,12,450
D70X265822,Singlein,Analgesic,12,250
Z80R372010,Youstatin,Analgesic,12,60
G61F385885,Performancein,Immunosuppressant,12,50
F64W867083,Personcillin,Anticoagulant,12,450
S29E88712,Treatmentol,Antidepressant,12,250
I56C97034,Whatvir,Anticonvulsant,12,650
Y25V223140,Mainxone,Anti-inflammatory,12,200
F22R510028,Alreadyxone,Vitamin,12,110
I93D992316,Westin,Antifungal,12,90
N8B255438,Pullvir,Anticonvulsant,12,300
A38O708436,Managercillin,Antipsychotic,12,500
I31Z882002,Propertycillin,Anticoagulant,12,300
M3Q871345,Datacillin,Antipsychotic,12,200
S37B852191,Beatcillin,MuscleRelaxant,12,85
G4Y881443,Soldierstatin,MuscleRelaxant,12,115
N36G787691,Sciencexone,Anticoagulant,12,250
C27M518979,Glassxone,Antidepressant,12,150
U66F864690,Onezepam,Antidepressant,12,65
H94K903381,Knowol,Vaccine,12,105
J44H587932,Worldol,Antibiotic,12,115
B66X91075,Eveningol,Antifungal,12,110
S19D684342,Machinezepam,Antibiotic,12,300
R68Q365395,Moviezepam,Antidepressant,12,400
N81J785102,Prettyxone,Anticonvulsant,12,250
C23C700286,Fastin,Cardiovascular,12,500
M71X716414,Thosevir,MuscleRelaxant,12,300
F36U113837,Positivein,Immunosuppressant,12,100
K27Z241424,Monthvir,MuscleRelaxant,12,550
P52J356069,Discovervir,Analgesic,12,450
D38P307763,Footin,Anticonvulsant,12,450
O68C991638,Termzepam,Antidepressant,12,250
V35O105017,Meetstatin,Antiviral,12,500
A62Z574013,Piecevir,Antipsychotic,12,100
K75W552715,Examplein,Antidepressant,12,70
U36Q614311,Listencillin,Antihypertensive,12,450
F38Q346970,Bookcillin,MuscleRelaxant,12,80
V20A442898,Thosecillin,Anticoagulant,12,95
B28L535140,Projectin,Antipsychotic,12,300
D8L284307,Stayzepam,Immunosuppressant,12,85
H7K151172,Propertyzepam,Antidepressant,12,115
F31U394382,Clearvir,Antidepressant,12,300
L83H250521,Bloodin,Antipsychotic,12,110
X57E617994,Wouldin,Antihypertensive,12,95
E52H689955,Outsidezepam,Antidepressant,12,105
P76L545103,Storyzepam,Vaccine,12,600
L40P401570,Bestzepam,Steroid,12,300
V43W513641,Citizenol,Antipyretic,12,250
P67N80306,Firmcillin,Antidepressant,12,400
A19B693834,Youngstatin,Antipyretic,12,500
W70B200755,Certaincillin,Respiratory,12,250
N35I154206,Aroundcillin,Antipsychotic,12,100
V93E95321,Worldstatin,Steroid,12,200
W24L172374,Northcillin,Antihistamine,12,70
S83U251190,Mouthin,Anti-inflammatory,12,200
I72V668751,Breakol,Anti-inflammatory,12,110
Z72F449907,Peacevir,Antiviral,12,100
M20Y778520,Foodzepam,Antihistamine,12,400
U91H388211,Describezepam,Antibiotic,12,80
J28J372266,Towardvir,Steroid,12,75
Q91O251195,Clearlycillin,Antihypertensive,12,500
D30U869635,Facestatin,Antipyretic,12,500
O58E540383,Coachvir,Immunosuppressant,12,300
Z12R321624,Passstatin,MuscleRelaxant,12,75
C14K401622,Materialin,Antihypertensive,12,300
E7H868890,Interestzepam,Steroid,12,450
G19C105224,Professorzepam,Respiratory,12,250
V78D728413,Maybestatin,Anti-inflammatory,12,600
U24C571810,Twovir,Antipyretic,12,550
A38R711032,Againstzepam,Steroid,12,650
I95N893412,Govir,Steroid,12,300
M21G50129,Nextstatin,Antibiotic,12,100
H78E214523,Severalin,Respiratory,12,550
Y66B73428,Windxone,Vaccine,12,50
K75M770232,Racexone,Antipyretic,12,95
E9L407793,Letterxone,Diuretic,12,140
T55G829159,Possiblecillin,Antiviral,12,115
B47Z774191,Officexone,Antihypertensive,12,60
U60Z945353,Treatzepam,MuscleRelaxant,12,80
Q11D109211,Professorol,Steroid,12,400
X2P654804,Addresszepam,Cardiovascular,12,650
U10R794622,Middlein,Antiviral,12,400
D17L541516,Westxone,Vaccine,12,55
E18U655947,Ourstatin,Antibiotic,12,150
F42P67792,Returnzepam,Antifungal,12,250
X40H341558,Girlol,Antifungal,12,400
V5W247316,Goalstatin,Anticoagulant,12,200
V28W725952,Endcillin,Steroid,12,80
R6P801008,Recognizeol,Vitamin,12,95
L11K303973,Societystatin,Anti-inflammatory,12,70
Y52L344585,Involvexone,Antiviral,12,150
D3C30496,Presentin,Cardiovascular,12,300
H23R953606,Shoulderol,Anticoagulant,12,85
P34S785522,Carol,Antipyretic,12,350
H18R593231,Babystatin,Anticonvulsant,12,70
Y47W976439,Lastcillin,MuscleRelaxant,12,110
Q73S337829,Positivezepam,Anticonvulsant,12,150
M3Q324378,Restin,Immunosuppressant,12,80
M23B117556,Nightzepam,Antihistamine,12,120
B1M671011,Checkxone,Antipsychotic,12,90
S42P530633,Opportunityvir,Antifungal,12,350
H19D649623,Cardxone,Antidepressant,12,75
F66O121351,Maintaincillin,Antihistamine,12,200
L52T508041,Pressurein,Respiratory,12,115
U61D117751,Managexone,Steroid,12,600
S42B606939,Lettervir,Diuretic,12,600
P92H182677,Difficultin,MuscleRelaxant,12,100
H59E917442,Forcevir,Antipyretic,12,80
H99O252882,Certainlyvir,Antipyretic,12,300
D44X171232,Professionalin,Antiviral,12,90
O63N80460,Hevir,Respiratory,12,85
O64H86376,Degreein,Steroid,12,115
M84G955941,Aftercillin,Antibiotic,12,150
K91O709158,Statementcillin,Respiratory,12,70
Y61C999165,Thanvir,Antihistamine,12,200
Y36Y886145,Rockstatin,Antihypertensive,12,350
E97K756880,Tradecillin,MuscleRelaxant,12,55
M25I204255,Choosezepam,Steroid,12,500
K97J748594,Conditionin,Antihistamine,12,55
U40Q789899,Insidestatin,Vitamin,12,550
Z34A216254,Occurin,Diuretic,12,80
Q32M592830,Becausein,Vitamin,12,350
Y38I392786,Bloodxone,Cardiovascular,12,60
X67A428801,Reportol,Antihistamine,12,300
U27M931742,Newcillin,Antihistamine,12,250
A87H157262,Sixin,MuscleRelaxant,12,350
S0R336884,Pricestatin,Steroid,12,300
G78S28683,Readyin,MuscleRelaxant,12,300
N77S529174,Executivezepam,Antibiotic,12,300
A84I377768,Governmentol,Immunosuppressant,12,300
X3Y829874,Whateverol,MuscleRelaxant,12,550
D65G232960,Evenvir,Immunosuppressant,12,250
H53N374605,Allcillin,Anticonvulsant,12,55
A64B236374,Claimin,Antiviral,12,500
U86A25054,Publiccillin,Immunosuppressant,12,500
O65Z142781,Onevir,Analgesic,12,70
O81J659143,Managestatin,Respiratory,12,105
I27B99161,Otherzepam,Respiratory,12,200
B26T399485,Conditionzepam,Antipyretic,12,85
M33L605705,Economicvir,Antibiotic,12,350
Q64A974612,Jobzepam,Anticonvulsant,12,110
J2M134385,Controlin,Vaccine,12,500
V43C190359,Movementzepam,Antihistamine,12,100
B16A341573,Quitexone,Vaccine,12,300
H3M123115,Typexone,Anticonvulsant,12,300
Q67P676255,Himzepam,Analgesic,12,250
V86S690772,Floorstatin,Antipsychotic,12,300
Y84E475856,Mycillin,Cardiovascular,12,250
K81H524704,Treestatin,Antiviral,12,650
S72H631708,Difficultvir,Vitamin,12,95
A41U210404,Halfcillin,Vitamin,12,600
S40T777146,Sonzepam,Antifungal,12,105
S50W107979,Companycillin,Vitamin,12,150
B6S968835,Whiteol,Antihistamine,12,350
W58B911416,Investmentxone,Anticonvulsant,12,50
A18V582672,Thatstatin,Immunosuppressant,12,85
S61Y678017,Yearxone,Vaccine,12,80
I52X214597,Seekvir,Antihypertensive,12,105
G24R901566,Coachvir,Antifungal,12,400
E46H343115,Finishzepam,Antiviral,12,85
X63U796061,Modernxone,Cardiovascular,12,250
S69Z797163,Untilvir,Anticonvulsant,12,115
J32Z498525,Invir,Analgesic,12,105
J55H980817,Goodin,Antibiotic,12,50
S13L292400,Justvir,Antiviral,12,60
A19L393071,Admitstatin,MuscleRelaxant,12,85
N61E886185,Despitevir,Antipyretic,12,450
A58G907038,Relationshipol,Antihypertensive,12,600
A30Q732120,Elsecillin,Respiratory,12,550
R42V709117,Spacein,Analgesic,12,600
C63I503214,Overzepam,Analgesic,12,100
R52D759097,Verystatin,Anti-inflammatory,12,400
C22T270450,Sitecillin,Analgesic,12,200
W11R415968,Thankzepam,Respiratory,12,85
R71Z232971,Sufferzepam,Antidepressant,12,550
G43L741268,Becomexone,Vitamin,12,90
A54P354415,Finalzepam,Immunosuppressant,12,500
Q24X813199,Phonecillin,Antipsychotic,12,600
Q10V369920,Successstatin,Antipyretic,12,65
B16W268068,Strategystatin,Anticonvulsant,12,100
B37W422508,Societycillin,Antidepressant,12,60
L47N215635,Applyol,Antipsychotic,12,250
X59V276881,Meetingxone,Antihypertensive,12,250
Z57J20873,Uszepam,Antifungal,12,450
L26D93654,Stepstatin,Antiviral,12,85
D35E878092,Workstatin,Anticoagulant,12,600
G12O142555,Expectzepam,Antipyretic,12,55
K88Q743913,Starstatin,MuscleRelaxant,12,450
P86J957491,Findvir,Antidepressant,12,150
E7V112911,Thancillin,Antidepressant,12,130
J43X238384,Exactlycillin,Analgesic,12,70
Y37L306315,Reportzepam,Diuretic,12,95
H59V663325,Faceol,Steroid,12,600
R9S831521,Candidatein,Anti-inflammatory,12,200
B47H941567,Ifvir,Antidepressant,12,115
R99I848324,Forcecillin,Analgesic,12,550
J2X494089,Agencyvir,Antipyretic,12,650
Y3X191066,Exactlyol,Antiviral,12,65
L80M835862,Reducexone,Anticoagulant,12,300
V47B526036,Artcillin,Anticoagulant,12,90
O38A542807,Passol,Vitamin,12,140
S65O44873,Addxone,Steroid,12,105
W13R535086,Artistol,Anticoagulant,12,400
T34M974038,Keyzepam,Diuretic,12,250
Y56Y340475,Likelyin,Antihypertensive,12,75
M21T104329,Abilityol,Diuretic,12,120
P44A491177,Thosein,Antifungal,12,80
C58C786500,Discoverol,Antibiotic,12,300
G88K910624,Againol,Respiratory,12,200
N22K812173,Shakecillin,Antiviral,12,80
O24T765550,Projectin,MuscleRelaxant,12,300
R85M97648,Bringxone,Anti-inflammatory,12,300
O39L261710,Classstatin,Vitamin,12,500
G30D129959,Amongin,Antihypertensive,12,60
H37W345971,Allol,Immunosuppressant,12,100
L11S851474,Payin,Cardiovascular,12,75
X33S166025,Roomol,Anticonvulsant,12,80
E91P260623,Challengeol,Antifungal,12,140
W70E998122,Importantol,Anti-inflammatory,12,55
U41U29758,Othersin,Analgesic,12,650
O74J531970,Askol,Anticoagulant,12,110
A15A414008,Artiststatin,Antidepressant,12,55
L75L899395,Bringzepam,Respiratory,12,650
L36Z944055,Thankin,Diuretic,12,50
Z20B687126,Waterol,Diuretic,12,600
G81U953457,Camerain,Antihistamine,12,150
D93G600000,Sharezepam,Anticonvulsant,12,300
R65K750575,Issuexone,Antibiotic,12,400
V98S86744,Animalzepam,Analgesic,12,550
S83N394182,Seriesxone,Cardiovascular,12,450
Y19H975288,Rolecillin,Vaccine,12,70
Z50A518434,Youngzepam,Cardiovascular,12,300
Q44I442380,Babycillin,Antifungal,12,50
W47K785053,Thestatin,Antipyretic,12,250
T68N965524,Soonvir,Cardiovascular,12,300
J43T399140,Campaignzepam,Antihistamine,12,650
T93A893082,Participantvir,Diuretic,12,300
M0V234628,Seatin,Anti-inflammatory,12,65
J10H622785,Buildzepam,Antidepressant,12,400
C1C955790,Thenol,Antihypertensive,12,200
I91B177343,Tablezepam,Antipyretic,12,250
V43W719028,Fiveol,Cardiovascular,12,500
G38W640852,Prettyzepam,Steroid,12,550
F79D672392,Northvir,Antipsychotic,12,150
Z15A255684,Whileol,Vitamin,12,110
C3T567932,Hardxone,Antifungal,12,95
G24T683219,Areain,Antiviral,12,95
K1Y499027,Sizeol,Vaccine,12,350
E74D678841,Voiceol,Antiviral,12,60
Q94U776425,Wonderin,Steroid,12,80
L22N718064,Youvir,Antifungal,12,650
M4I430972,Preventvir,Diuretic,12,150
M81C611093,Collectionstatin,Anticonvulsant,12,500
B91C729734,Methodin,Antifungal,12,95
N57I285109,Conditionstatin,Antipyretic,12,400
K6E224971,Secondol,Anticonvulsant,12,500
S11J202273,Testol,Vitamin,12,600
H25L831782,Republicanin,Antibiotic,12,300
H37V981776,Bringvir,Antibiotic,12,115
L97L304955,Severalvir,Vitamin,12,70
R89X261655,Secondcillin,Antidepressant,12,300
W62M49376,Oncezepam,Anticoagulant,12,600
D38L804866,Revealxone,Immunosuppressant,12,60
O68N507334,Yourol,Antiviral,12,95
S11G628047,Attentionin,Anti-inflammatory,12,55
X67S779293,Officercillin,Antiviral,12,350
X84O827385,Agentxone,Antihistamine,12,300
D50E248097,Dealstatin,Antihistamine,12,75
P74Q511509,Likelyxone,Analgesic,12,250
M62C819440,Adultstatin,Immunosuppressant,12,300
F65G337128,Thanxone,Antiviral,12,500
U3R588685,Whomin,Anticonvulsant,12,300
Y34V72461,Researchin,Vaccine,12,300
A67C855169,Alwaysvir,Antifungal,12,120
I57Y550974,Aftercillin,Anticonvulsant,12,85
J54D152497,Personvir,Antihistamine,12,60
B34X653526,Likein,Immunosuppressant,12,350
T67D555899,Bankcillin,Antifungal,12,100
M25I321476,Specificcillin,Analgesic,12,55
H40W925014,Worldzepam,Anticoagulant,12,110
F31O542031,Lotxone,Antifungal,12,150
W70W907806,Artcillin,Diuretic,12,45
H31X414023,Beyondvir,Antidepressant,12,115
G57J352991,Availablestatin,Antipyretic,12,300
X34Z470166,Roadcillin,Anticoagulant,12,500
K98N655114,Addressol,Antidepressant,12,250
W68D234131,Landol,Antihistamine,12,150
R35X684877,Quicklyin,Antifungal,12,70
F37O574659,Carezepam,Antibiotic,12,55
K9G296255,Personalcillin,Anticonvulsant,12,95
I6K426857,Happystatin,Vaccine,12,95
N78T622305,Networkcillin,Anticonvulsant,12,600
P62S471844,Preparexone,Antipyretic,12,400
S54R480383,Developmentxone,Analgesic,12,90
Q83M708736,Windowcillin,Antihypertensive,12,110
D98B29084,Leavein,Cardiovascular,12,95
O66T918241,Betweencillin,Antihistamine,12,400
I42F290250,Goxone,Vaccine,12,300
M35H27617,Dropzepam,Antifungal,12,300
X25Z928011,Popularol,Cardiovascular,12,90
C62T435660,Mustvir,MuscleRelaxant,12,300
V47A231181,Thisxone,Cardiovascular,12,600
U47P856961,Parentin,MuscleRelaxant,12,550
D48P314478,Shortxone,Anti-inflammatory,12,250
X88U456273,Effectxone,Antibiotic,12,105
E4M219933,Prettyol,Antidepressant,12,550
T5M380240,Newstatin,Anti-inflammatory,12,300
T17T215105,Performancecillin,Immunosuppressant,12,300
R1K369912,Armin,Antipsychotic,12,350
E18U819646,Foodcillin,Antifungal,12,600
Q99V636449,Filmvir,Antipyretic,12,110
H76B423319,Dreamstatin,MuscleRelaxant,12,105
C82E161447,Beautifulcillin,Anticonvulsant,12,75
G23C504205,Bothcillin,Antihistamine,12,650
L7X540111,Actol,Antihypertensive,12,400
X23E643275,Attackol,Antidepressant,12,55
B6E539805,Availablestatin,Diuretic,12,50
H74C47221,Askxone,Antipsychotic,12,300
P98F349411,Pressureol,Anticonvulsant,12,300
J32M236404,Shortzepam,Analgesic,12,55
V93T229757,Thenxone,Anticonvulsant,12,300
O51M802709,Testzepam,Antiviral,12,90
T93U6906,Statein,Antihypertensive,12,550
U46H702568,Paintingzepam,Antibiotic,12,450
I12X881439,Nicevir,Antifungal,12,400
M40M489622,Earlystatin,Antihypertensive,12,200
Q45K503445,Mentioncillin,Steroid,12,90
U53P15281,Industryvir,Antibiotic,12,120
B2O253534,Insteadin,Antihypertensive,12,105
E90V121250,Containol,Antipyretic,12,70
B82G697296,Despitestatin,Antiviral,12,90
Y36Q248067,Carevir,Analgesic,12,650
D72I841929,Quiteol,Antihistamine,12,100
D88I67393,Offercillin,Antipsychotic,12,300
G91T230309,Herstatin,Steroid,12,350
T6U430248,Certainlystatin,Vitamin,12,105
X97B269128,Rolein,Antihypertensive,12,105
A42G771145,Brotherol,Anti-inflammatory,12,450
A36Q476385,Moviexone,Antibiotic,12,50
C22J969199,Hisstatin,Vaccine,12,550
Y80O62585,Gasstatin,Cardiovascular,12,200
S88W367314,Americancillin,Diuretic,12,75
H30K360190,Piecestatin,Respiratory,12,150
H65Y768653,Thousandvir,Analgesic,12,500
X99L885174,Sourcevir,Antifungal,12,650
T86S539606,Effortcillin,Antihistamine,12,110
T92T59561,Pullzepam,Antiviral,12,80
U8W377535,Fivevir,Antiviral,12,150
X83C258390,Outin,MuscleRelaxant,12,300
B83V911925,Electioncillin,Vitamin,12,60
B27E746640,Acceptcillin,Anticoagulant,12,100
M28D586050,Stageol,Anti-inflammatory,12,450
S58U793847,Withoutstatin,Antidepressant,12,300
L28V347239,Footstatin,Vitamin,12,300
W87K658828,Thankxone,Antipsychotic,12,200
M32M852589,Suggestzepam,Antihypertensive,12,95
O58Z100134,Formxone,Antifungal,12,105
U76H314297,Findvir,Antipsychotic,12,100
C55T359298,Laughcillin,Cardiovascular,12,350
A38Y568363,Whitezepam,MuscleRelaxant,12,600
K93W296214,Collegevir,Antihypertensive,12,75
H59G840421,Existvir,Antibiotic,12,90
B28V707162,Partyxone,Antipsychotic,12,75
Z87K248803,Inol,MuscleRelaxant,12,85
G24F848624,Singstatin,Antipyretic,12,80
H44Z813000,Whetherxone,Antihistamine,12,50
G76R737771,Faceol,Antibiotic,12,300
Q32J835745,Filmol,MuscleRelaxant,12,100
V6I384113,Readxone,Anticoagulant,12,400
V85N676923,Createxone,Vitamin,12,200
A82Y59970,Consumerzepam,Vitamin,12,600
S78P387919,Enoughvir,Antiviral,12,120
H67I971788,Thousandxone,Antihistamine,12,95
R44M651036,Tonightvir,Analgesic,12,600
W19G141656,Citizenvir,Respiratory,12,150
D23Y364521,Veryvir,Antihistamine,12,140
W78S561286,Determinecillin,Vitamin,12,350
E86J997050,Futurein,Anticoagulant,12,400
S71Y185950,Opportunityin,Antidepressant,12,85
P20O816529,Sortol,Antihypertensive,12,85
I48M942749,Whichol,Antifungal,12,130
H79K722638,Movementzepam,Anti-inflammatory,12,300
M6G632425,Endzepam,Antiviral,12,60
X54N326815,Thinkol,Anti-inflammatory,12,60
G14J174419,Participantzepam,Analgesic,12,55
R4K922791,Greenzepam,Steroid,12,250
W58G925743,Anyonezepam,Antibiotic,12,300
H71W544126,Holdvir,Cardiovascular,12,50
I49N816496,Starol,Antiviral,12,55
X87O414924,Cityxone,Diuretic,12,200
E5S65505,Mouthstatin,Analgesic,12,65
P68P479899,Bycillin,Antihypertensive,12,70
B82O122803,Intereststatin,Antipsychotic,12,60
H4G486151,Goodstatin,Anticoagulant,12,80
V77R336563,Littlevir,Immunosuppressant,12,650
G48U88791,Radiool,Anti-inflammatory,12,50
A5B16108,Bothvir,Respiratory,12,45
Q28Y551222,Purposezepam,Vitamin,12,90
U80O273228,Laycillin,MuscleRelaxant,12,75
T21G719834,Preventol,Anticonvulsant,12,250
G51B436650,Playervir,Antihistamine,12,55
R69U244450,Summervir,Antiviral,12,85
R52G275744,Includestatin,Steroid,12,60
S10A260425,Controlol,Immunosuppressant,12,115
L54U759146,Answerin,Vaccine,12,400
K26V16976,Heartvir,Immunosuppressant,12,350
O97O374665,Badol,Antifungal,12,60
N71P285905,Happyzepam,Antidepressant,12,85
S22O640369,Wholecillin,Immunosuppressant,12,70
Z61W723760,Everyin,Anti-inflammatory,12,200
B33A924228,Myol,Antipsychotic,12,450
I13O758379,Orzepam,MuscleRelaxant,12,105
J73S105540,Treatvir,Antifungal,12,55
P6O785459,Paperzepam,Anticoagulant,12,600
E2Q783319,Institutioncillin,Steroid,12,85
R10O86287,Artistxone,Respiratory,12,80
F83C248986,Middlezepam,Anticonvulsant,12,150
Q24H151880,Insteadol,Cardiovascular,12,400
G8Q504053,Boxvir,MuscleRelaxant,12,300
S31C849951,Paintingxone,MuscleRelaxant,12,85
I89N230811,Givezepam,Anti-inflammatory,12,300
E9F894126,Messagein,Anti-inflammatory,12,350
M25F74981,Areavir,Anti-inflammatory,12,300
W26U462888,Policecillin,Anticoagulant,12,300
Z95Q940244,Shouldvir,Anticonvulsant,12,85
O46L493365,Whoseol,Antidepressant,12,150
T54S577232,Toool,Respiratory,12,200
B59D613983,Duringzepam,Analgesic,12,500
E40J116940,Eaststatin,Anticonvulsant,12,300
S7W618049,Okcillin,Steroid,12,550
V31R950843,Speakvir,Vitamin,12,110
C5N361897,Safexone,Cardiovascular,12,500
N29M556539,Missioncillin,Antihistamine,12,550
G19I460110,Beginin,Antidepressant,12,100
B65P261338,Congresscillin,Antipsychotic,12,85
W21K321275,Focuscillin,Antiviral,12,95
A70H321383,Hotelol,Vaccine,12,350
U28A864523,Everyonein,Immunosuppressant,12,50
Z53B847232,Fearvir,Analgesic,12,250
I90G861255,Throwol,Vitamin,12,300
E36A733301,Communityxone,Antihistamine,12,300
Q23M82591,Democraticol,Antihypertensive,12,90
F35Z127649,Joinol,Antidepressant,12,55
R8A347513,Worryin,Antifungal,12,200
T71M64515,Likelyol,Respiratory,12,60
S57F578771,Interestvir,Antipsychotic,12,120
L31W913105,Schoolin,Antiviral,12,200
K29M203248,Legxone,Anti-inflammatory,12,200
U75L454162,Reachol,Respiratory,12,50
Z41F253197,Citizencillin,Anticonvulsant,12,70
B78V576550,Thoughtxone,Anti-inflammatory,12,65
Q75K152743,Concernstatin,Anticoagulant,12,75
E65K946228,Clearol,Diuretic,12,200
K47M463570,Seniorstatin,MuscleRelaxant,12,200
B51U883953,Teamstatin,Respiratory,12,65
B1G37376,Hearin,Antipyretic,12,500
F2B60698,Employeeol,Respiratory,12,400
V56J28787,Wholein,Anticoagulant,12,50
X0B303689,Everstatin,Vaccine,12,70
L94V936689,Nationzepam,Antifungal,12,250
F46V664792,Staystatin,Immunosuppressant,12,300
S75L493931,Controlvir,Anticoagulant,12,550
F59X555016,Visitcillin,Respiratory,12,95
A59T449657,Answerxone,Anti-inflammatory,12,55
W61W460144,Justcillin,Antihistamine,12,65
Y77Q379617,Invir,Anti-inflammatory,12,85
P52X255382,Productzepam,Antibiotic,12,80
W98M983184,Taxin,Vaccine,12,75
O79I72514,Investmentzepam,Immunosuppressant,12,60
K14O68746,Winzepam,Vaccine,12,350
M29G113519,Simplezepam,Analgesic,12,105
C79A130102,Takezepam,Diuretic,12,80
C96N480940,Specialin,Antipsychotic,12,650
H48E448894,Conditioncillin,Antidepressant,12,60
Z33C169972,Lastzepam,Anticoagulant,12,200
P50D116691,Certaincillin,Antiviral,12,500
R80F766170,Methodol,Antipsychotic,12,550
F29Z587833,Housexone,Steroid,12,300
Y41Y807468,Thanvir,Immunosuppressant,12,550
G99T927784,Includein,Anticonvulsant,12,200
I0C886269,Whocillin,Antibiotic,12,150
H54S95194,Streetcillin,Vitamin,12,650
P81E302384,Existol,Antihypertensive,12,85
H41N310719,Fastol,Antiviral,12,55
D29T229585,Onlycillin,Antidepressant,12,105
E76Q962785,Somebodyvir,Vitamin,12,100
J92E740963,Seasonin,Cardiovascular,12,150
B81F737754,Stationol,Antihypertensive,12,50
S60N102309,Ownervir,Diuretic,12,105
M45V104143,Enjoyzepam,Antihypertensive,12,200
F47L350037,Ablein,Anti-inflammatory,12,350
N32V266016,Widezepam,Analgesic,12,600
E99E93136,Butzepam,Antipsychotic,12,150
V26M829114,Sharevir,Antipyretic,12,600
K71J602743,Theirin,Antipyretic,12,400
T88K200868,Aroundcillin,Diuretic,12,105
Q48D217953,Sellxone,Diuretic,12,105
P39J491210,Uponvir,Antifungal,12,90
Z68Y227941,Notcillin,Antidepressant,12,500
J26S570014,Continuexone,Anticonvulsant,12,600
U5H487773,Occurin,Antiviral,12,80
K5T531612,Muchcillin,Antipyretic,12,350
X89N126407,Gasstatin,Vitamin,12,60
E98Q955955,Redol,Antifungal,12,450
V94A196217,Officialin,Antihypertensive,12,450
K26P478298,Wellol,Antidepressant,12,200
P48R178227,Centuryin,Respiratory,12,60
P30V169715,Securityvir,Anticonvulsant,12,200
R72Q305054,Womanol,Antifungal,12,500
Z58Z220470,Seekcillin,Antibiotic,12,250
T39I862687,Tonightcillin,Antipyretic,12,500
V31U378489,Eastvir,Antibiotic,12,300
F47A67093,Chancecillin,Antihypertensive,12,60
P1F594007,Blackzepam,Vitamin,12,90
M17B820001,Placezepam,Immunosuppressant,12,115
H1D336210,Skinvir,MuscleRelaxant,12,95
N28O634524,Sitstatin,Anti-inflammatory,12,120
H14T654739,Conditionol,Cardiovascular,12,120
W86G813419,Beautifulstatin,Antihypertensive,12,250
K93J40907,Populationzepam,Analgesic,12,90
Y67S425987,Speechcillin,Diuretic,12,450
O86P328476,Discussionxone,Vitamin,12,550
B24O167718,Actvir,Cardiovascular,12,150
J19J789206,Productcillin,Analgesic,12,110
H12L352583,Keyvir,Antibiotic,12,600
A64I12899,Ratezepam,Anticonvulsant,12,50
G80L825670,Smallxone,Diuretic,12,150
M32X245305,Televisionin,Analgesic,12,300
R14Z344780,Scenestatin,Diuretic,12,150
L14A105870,Dogcillin,Antipsychotic,12,500
G51Z13916,Participantcillin,Anticoagulant,12,85
I30Z436384,Fireol,Cardiovascular,12,250
C55B207056,Minuteol,Antipyretic,12,85
U27H370415,Womanxone,Anti-inflammatory,12,300
H42R714242,Quicklystatin,Antifungal,12,250
L23K927451,Almostol,Antihistamine,12,650
P30V206324,Oncestatin,Antibiotic,12,120
J17B94859,Educationstatin,Antifungal,12,85
J87T610683,Costvir,Anticonvulsant,12,115
S73T409893,Betterstatin,Diuretic,12,200
M61I650711,Historyol,Antidepressant,12,65
L61E823097,Hearin,Anticoagulant,12,90
S22R427523,Suggestcillin,Anti-inflammatory,12,55
T47B499033,Smallol,Analgesic,12,400
B47T209975,Authorin,Vaccine,12,110
B93R512649,Typevir,Diuretic,12,70
I23S607683,Forzepam,Vaccine,12,120
Z13W740823,Leavecillin,Antipsychotic,12,250
Z87V383626,Callxone,Antipsychotic,12,350
Y52E191771,Pmxone,Steroid,12,550
S4K36828,Rightcillin,Respiratory,12,650
H77Q927015,Familystatin,MuscleRelaxant,12,200
H83Q122163,Guyxone,Antipsychotic,12,450
J12J564870,Couplezepam,Steroid,12,400
D15M74218,Betterzepam,Antipyretic,12,450
Y14B803819,Workerxone,Antipsychotic,12,120
R97T238154,Causein,Steroid,12,200
S3G950108,Voteol,Antidepressant,12,60
X43T741266,Evencillin,Vitamin,12,90
Q14L668539,Decadein,Antihypertensive,12,95
Q29W841647,Economiczepam,Antipyretic,12,450
S22T886861,Stationvir,Antihypertensive,12,650
N46S494816,Whatin,Anticoagulant,12,60
E6P722570,Togetherin,Vitamin,12,300
V13W752687,Handstatin,Respiratory,12,115
P66R536304,Expertstatin,Antifungal,12,200
Q66A705890,Priceol,Cardiovascular,12,300
B17P210318,Figurein,Antidepressant,12,600
K57G123853,Containzepam,Antihistamine,12,110
R19I707438,Beautifulvir,Antifungal,12,500
V83V152535,Tradezepam,Vaccine,12,60
H18W146112,Evidencezepam,Vaccine,12,70
Y89E624168,Windol,Vaccine,12,400
E59Q74773,Aboutzepam,Diuretic,12,120
D40W807930,Createzepam,Anticoagulant,12,400
F21W513077,Careervir,Antihistamine,12,65
I99P279535,Supportin,Antihypertensive,12,55
Z49R104067,Coachstatin,Cardiovascular,12,120
B73L809261,Republicanin,Antifungal,12,550
M76G459719,Hisxone,Antihistamine,12,550
J47E450507,Enterstatin,Antidepressant,12,500
H53R812609,Rememberstatin,Antiviral,12,55
R16X575539,Anythingol,Vaccine,12,250
E75Z513696,Thein,Vaccine,12,120
M84T504337,Surecillin,Antiviral,12,125
B73Z612550,Everybodyol,Vitamin,12,120
R18V124002,Behindstatin,Antifungal,12,80
Q32O715640,Suggestol,Respiratory,12,650
D52U509173,Technologyol,Vitamin,12,450
U6K186609,Networkol,Anti-inflammatory,12,75
N35Y446636,Friendol,Cardiovascular,12,650
B1H238372,Findcillin,Antipyretic,12,550
I40T92670,Energyin,Immunosuppressant,12,300
W44A774984,Opportunityxone,Immunosuppressant,12,350
K65F9487,Voicein,Antihypertensive,12,500
Y37F924947,Richin,Respiratory,12,300
R11R278215,Maybecillin,Diuretic,12,120
P30Z244188,Coupleol,Diuretic,12,50
K49E655529,Naturexone,Antipyretic,12,115
A83C723183,Employeevir,Anticonvulsant,12,400
I20X315211,Learnin,Diuretic,12,100
G2N568589,Withoutstatin,Antifungal,12,120
Y92O484216,Anyonecillin,Diuretic,12,350
Y60Q12484,Democratcillin,MuscleRelaxant,12,120
A51G197074,Sharezepam,Antipyretic,12,600
V13V60611,Stateol,Anticonvulsant,12,55
I90W539243,Friendxone,MuscleRelaxant,12,250
L19S748294,Avoidxone,Analgesic,12,200
Y16N8865,Groupzepam,Antiviral,12,105
R50N359886,Memberol,Cardiovascular,12,600
U8Z657604,Nonevir,Antihistamine,12,500
H31F678500,Oilvir,Antipyretic,12,65
X77N766070,Patternzepam,Analgesic,12,600
T6T949853,Optionol,Antifungal,12,350
M85R935516,Societyin,Antibiotic,12,90
F95P547919,Wouldcillin,Vitamin,12,110
A35L132059,Monthol,Antibiotic,12,85
T95U677037,Individualcillin,Antifungal,12,400
N22J407869,Nothingvir,Analgesic,12,120
Q29S236721,Neverin,Respiratory,12,500
Y48C886851,Firmol,Anti-inflammatory,12,650
U81X570242,Wonderxone,Respiratory,12,125
K27B150910,Realitystatin,Anticonvulsant,12,95
G26Z393548,Sheol,Antifungal,12,90
D73T265884,Greatvir,Diuretic,12,250
Z15B207514,Presentin,Anti-inflammatory,12,115
P93C248642,Ivir,Antihypertensive,12,300
D1J752957,Bedstatin,Antipyretic,12,100
E62N835408,Joinvir,Immunosuppressant,12,115
U32U291992,Brotherol,Antipsychotic,12,50
B64B634932,Housein,Antihypertensive,12,650
A61S994401,Variousin,Steroid,12,300
U61N985075,Everybodyin,Antifungal,12,350
E18Z18340,Themol,Antihypertensive,12,350
I62J38997,Nothingol,Steroid,12,350
F54I859686,Languagecillin,Antifungal,12,85
T98S220952,Shareol,Antidepressant,12,95
J15C562516,Fromol,Immunosuppressant,12,80
G44Z673049,Sayvir,Antihypertensive,12,60
F19K441884,Aboveol,Antihistamine,12,200
K89S228367,Representzepam,Anti-inflammatory,12,105
I19Z629160,Agestatin,Anticonvulsant,12,450
B50Z616806,Hiscillin,Anti-inflammatory,12,80
R83H622017,Whomcillin,Cardiovascular,12,105
B62W624026,Tooin,Vaccine,12,65
K9W652114,Researchvir,Vaccine,12,200
S64K865244,Conferenceol,Anticonvulsant,12,115
U74Y647831,Firmxone,Antihypertensive,12,650
J36H838042,Degreecillin,Vitamin,12,300
V25H556902,Acceptvir,Antihypertensive,12,300
C72U678991,Meetxone,Antiviral,12,65
E71K234564,Preventcillin,Antipsychotic,12,60
O5T87280,Finishzepam,Antibiotic,12,85
M60G516716,Facexone,Cardiovascular,12,105
H56Z991007,Laterstatin,Antipsychotic,12,450
I72Y867584,Eventcillin,Respiratory,12,80
D54C820042,Legin,Antiviral,12,600
R97G601306,Wallvir,Anticonvulsant,12,500
X11U827994,Authorzepam,Anticoagulant,12,75
P2P123748,Recentol,Respiratory,12,55
Q69N745929,Closeol,Diuretic,12,200
X55C637662,Sovir,Antipsychotic,12,400
H69I620235,Listenin,Diuretic,12,650
L36C142140,Withol,Cardiovascular,12,70
L43A806401,Seasonzepam,Vaccine,12,350
B18L484903,Avoidin,Antipsychotic,12,50
I56I153303,Lessstatin,Analgesic,12,500
P25I77048,Popularvir,Anti-inflammatory,12,85
X56G638773,Understandcillin,Anticonvulsant,12,65
I45N317060,Tenstatin,Cardiovascular,12,80
D28G446601,Starvir,Antipsychotic,12,105
M54Q827301,Qualitystatin,Antipsychotic,12,65
D45U215,Performanceol,Antihistamine,12,650
R35O557884,Requirevir,Steroid,12,105
H69H802537,Learnvir,Anticoagulant,12,250
G77C745526,Budgetin,Antifungal,12,65
J63L832048,Produceol,Antihypertensive,12,90
T46X906123,Izepam,Vaccine,12,115
C27W277514,Notcillin,Antihistamine,12,650
R68G798420,Gardencillin,Antihistamine,12,350
X28N964030,Freezepam,Antihistamine,12,450
I19J609335,Physicalzepam,Antihypertensive,12,250
B37Y125765,Anythingin,Anticonvulsant,12,350
Y92H942459,Mediaol,Respiratory,12,95
G36W952068,Ruleol,Cardiovascular,12,100
L34B985419,Peoplezepam,Immunosuppressant,12,110
V37U916826,Needvir,Antihypertensive,12,400
E52G374905,Groundzepam,Analgesic,12,200
U96O555103,Debatevir,Vitamin,12,300
N43U13028,Seacillin,Respiratory,12,300
H68F316617,Treatmentvir,Vaccine,12,200
H74A829246,Secondvir,Antipyretic,12,55
R61L169371,Laughstatin,Antipsychotic,12,250
U28R879624,Riskxone,Cardiovascular,12,130
S3Y710366,Addxone,Antipyretic,12,450
W20Q416776,Footzepam,Vaccine,12,250
M15L88872,Differentstatin,Anticonvulsant,12,300
Q19K56012,Signstatin,MuscleRelaxant,12,150
N87L611982,Perin,Anticonvulsant,12,150
X31O35943,Difficultin,Vitamin,12,105
N71Y400885,Losein,Antipsychotic,12,70
V93V206607,Bothin,Antifungal,12,300
M75K93614,Fishcillin,Antifungal,12,600
Y39O837991,Walkin,Antipsychotic,12,85
Y44S552731,Kindxone,MuscleRelaxant,12,500
L72A739216,Mainxone,Antiviral,12,110
R9S514475,Treexone,Steroid,12,200
S99N201077,Singlestatin,Diuretic,12,65
T15D792103,Togethercillin,Cardiovascular,12,70
K25A362867,Havecillin,Anticoagulant,12,50
H37E627323,Avoidcillin,Vaccine,12,100
M74J422482,Whosecillin,Anticoagulant,12,150
J87U234768,Questionvir,Vitamin,12,75
K5I614754,Issuezepam,Antihistamine,12,100
Z77W217857,Stockcillin,Anticonvulsant,12,500
F5O525203,Regionzepam,Antihistamine,12,90
M5U556851,Debateol,Immunosuppressant,12,90
I5P744098,Nothingstatin,Cardiovascular,12,100
H0O741452,Roadol,Antipsychotic,12,55
D38A498877,Propertyol,Antihypertensive,12,350
N26M70686,Shouldzepam,Antibiotic,12,85
S74R426244,Fishin,Antifungal,12,600
H40A346207,Speechvir,Antipsychotic,12,500
O68E296463,Figurezepam,Antihypertensive,12,300
M18G38455,Endol,Anticonvulsant,12,110
B11S324962,Environmentol,Vaccine,12,600
V21F782316,Actin,Cardiovascular,12,100
Q35U38122,Goodstatin,Steroid,12,50
J10W855002,Moderncillin,Antihypertensive,12,125
Y80X416424,Performancein,Steroid,12,500
D4U264413,Drivestatin,Steroid,12,500
B8F875009,Neverin,Steroid,12,550
F1G930766,Almostol,Antihistamine,12,350
G60K992856,Eaststatin,Steroid,12,350
R14F272630,Usexone,Antibiotic,12,140
G67X269508,Factol,Immunosuppressant,12,600
M84O151115,Membervir,Anticoagulant,12,65
V97V721682,Evenstatin,Antibiotic,12,90
C44W578796,Smilestatin,Anticoagulant,12,400
Y7R472925,Imaginecillin,Antidepressant,12,350
E54U701472,Enjoyol,Antifungal,12,75
I64H315749,Soldierstatin,Antihistamine,12,600
B1V35279,Wholecillin,Antidepressant,12,60
G59Z864100,Lifein,MuscleRelaxant,12,350
J16E903626,Lowvir,Antipsychotic,12,110
Z73Y83966,Withoutin,Anti-inflammatory,12,75
G14P169628,Issuezepam,Antihypertensive,12,65
V5B328912,Forgetol,Cardiovascular,12,300
Z33U766492,Considerstatin,Antihistamine,12,150
I97C969585,Improvexone,Anticonvulsant,12,500
X14N390803,Hotcillin,Cardiovascular,12,115
P49R968812,Historyzepam,Antihypertensive,12,250
Z16K668604,Differenceol,Diuretic,12,350
N73C738254,Phonestatin,Steroid,12,55
Y57L137171,Pricestatin,Antipsychotic,12,500
D40X666023,Enoughstatin,Immunosuppressant,12,200
T4P127630,Meetstatin,Antihypertensive,12,200
C2I705702,Nearlycillin,Anticoagulant,12,70
T64T296689,Marketxone,Antibiotic,12,400
G48E194742,Missol,Steroid,12,120
G19B418796,Teachervir,Vitamin,12,95
H94Q64602,Rangezepam,Vaccine,12,500
U7S541156,Airol,Anticoagulant,12,450
H30H191465,Chancein,Antiviral,12,400
X47N70257,Samecillin,Antihistamine,12,60
A42Z737799,Appearcillin,Diuretic,12,110
W93V185438,Patterncillin,Antibiotic,12,150
M83X702826,Impactcillin,Antifungal,12,350
S1A642320,Feelingin,Anticoagulant,12,400
A18T546658,Agreestatin,Cardiovascular,12,200
H94K91050,Popularin,Antifungal,12,110
R82K982592,Createol,Steroid,12,100
N57P196899,Canin,MuscleRelaxant,12,65
O54H625278,Ascillin,Antihistamine,12,60
T57I845124,Explainxone,Antibiotic,12,350
Y18J621412,Increasestatin,Cardiovascular,12,110
K77V477022,Westernzepam,Steroid,12,70
O76H781925,Lesscillin,Vitamin,12,650
Q35N584002,Halfin,Antidepressant,12,65
F5R984215,Wincillin,Immunosuppressant,12,300
H77G817623,Candidatecillin,Respiratory,12,300
F65V519309,Eatvir,Antipyretic,12,60
E17K343981,Officerstatin,Cardiovascular,12,90
X56F309947,Factorzepam,Cardiovascular,12,80
Q31H220464,Productionxone,Respiratory,12,350
M79S764702,Likelyzepam,Antibiotic,12,250
Y9D355025,Givexone,Antihypertensive,12,300
N4A449683,Stagezepam,Antihistamine,12,70
S21C884683,Carvir,Antiviral,12,200
K49X988091,Preparexone,Antifungal,12,75
R47H542928,Readyin,Antipsychotic,12,65
Z49X874637,Askzepam,Antifungal,12,120
P35T536238,Agestatin,Anti-inflammatory,12,250
A75Y965072,Endxone,Antihypertensive,12,250
L63X618115,Yetcillin,Antibiotic,12,90
V44M131355,Backol,Antifungal,12,50
B63H142259,Samestatin,MuscleRelaxant,12,85
E5C954658,Expectstatin,Anticoagulant,12,650
L38D301765,Nonevir,Steroid,12,500
H33D951488,Abilityin,Vitamin,12,100
Y79R218584,Maystatin,Antifungal,12,200
U48I260586,Findxone,Antibiotic,12,200
Z60B336948,Humanxone,Vaccine,12,90
J10G488252,Losezepam,Anticonvulsant,12,300
R51A315489,Improvevir,Anticonvulsant,12,85
E38G171509,Companyxone,Anticonvulsant,12,600
L30I642262,Youngvir,Antihistamine,12,450
A99J915300,Preventvir,Anticonvulsant,12,350
C35E688129,Articlexone,Respiratory,12,550
V61X405830,Downol,Anticoagulant,12,350
S54U772634,Soonstatin,Anti-inflammatory,12,100
H61U632883,Bycillin,Antidepressant,12,105
B11F926867,Insteadcillin,Anticoagulant,12,100
O58X87514,Tenxone,Antihistamine,12,70
L64H833216,Largestatin,Diuretic,12,200
D56M758634,Alsovir,Vitamin,12,250
J10L841966,Createxone,Anticonvulsant,12,95
G17G767830,Fireol,Antifungal,12,450
C52S421033,Theyzepam,Anticonvulsant,12,300
S3O974594,Particularxone,Cardiovascular,12,60
U73L467006,Similarxone,Antipsychotic,12,650
T97J412971,Catchzepam,Antipsychotic,12,300
J71B797805,Fivezepam,Antihistamine,12,65
I41E492214,Awayxone,Anti-inflammatory,12,65
O38Y83489,Outin,MuscleRelaxant,12,95
E13V226787,Eatxone,Diuretic,12,450
V79Y118071,Optionin,Antipsychotic,12,650
X66M287414,Positivevir,Steroid,12,300
H66E313969,Hundredvir,MuscleRelaxant,12,100
M80E817735,Programstatin,Antibiotic,12,105
M49W55581,Duringxone,Antiviral,12,350
J48W643784,Widevir,Antipsychotic,12,550
T49E9036,Acceptcillin,Antipsychotic,12,400
H86Y756794,Lesscillin,Antihypertensive,12,450
M5G15655,Someoneol,Antidepressant,12,400
T68F18714,Sitcillin,Vaccine,12,450
O87H796226,Visitcillin,Analgesic,12,350
L27G121728,Currentol,Antihypertensive,12,65
O47N247957,Capitalol,Anticoagulant,12,200
M78B396652,Casestatin,Respiratory,12,120
Q15P538372,Securitycillin,Antipyretic,12,50
K47X545047,Futurein,Antidepressant,12,80
L73V413913,Worryol,Antibiotic,12,350
I23I196936,Structureol,Antidepressant,12,200
S85P742163,Datain,Antihypertensive,12,120
A74G60272,Simplexone,Anticoagulant,12,450
D23P243274,Studystatin,Diuretic,12,600
C4W730193,Matterol,Steroid,12,450
Y45Q663171,Anyxone,MuscleRelaxant,12,65
A20V969874,Againststatin,Anti-inflammatory,12,55
O0Q535253,Admitcillin,MuscleRelaxant,12,550
J58A686699,Continuecillin,Antifungal,12,115
C51K314491,Technologyxone,MuscleRelaxant,12,350
T50O269630,Recentxone,Anti-inflammatory,12,650
E15P985077,Performanceol,Immunosuppressant,12,650
D87B730312,Collegezepam,Immunosuppressant,12,115
M77B749318,Surfaceol,Antifungal,12,75
A84X477670,Practicecillin,Antidepressant,12,550
E13S215464,Socialzepam,Respiratory,12,50
V98U677864,Deepcillin,MuscleRelaxant,12,115
Q28G712167,Companyvir,Antiviral,12,300
E56C947288,Systemcillin,Antihypertensive,12,55
Y29C136282,Nextin,Vitamin,12,80
D82T995546,Finallycillin,Antihypertensive,12,100
S99P673903,Itemvir,Anti-inflammatory,12,300
K6C956882,Officestatin,Anti-inflammatory,12,110
J94O344727,Thosezepam,Anticoagulant,12,55
B18A800546,Productxone,Antidepressant,12,50
D37L748510,Moneyin,Anti-inflammatory,12,110
U2S723873,Supportzepam,Antipyretic,12,300
Y53G351119,Throughol,Immunosuppressant,12,95
E76J325307,Camerastatin,Respiratory,12,50
U57F714527,Throwin,MuscleRelaxant,12,350
L61E53630,Possiblevir,Antifungal,12,450
V42S698966,Certainlyvir,Analgesic,12,500
Q84H573011,Soundcillin,Antipyretic,12,120
X68Z363482,Fightzepam,Vaccine,12,150
W0O363045,Animalxone,Anticonvulsant,12,50
T37E767821,Dropstatin,MuscleRelaxant,12,600
U68D464924,Anotherol,Antidepressant,12,75
A73M62367,Createvir,Anticoagulant,12,550
O22L562440,Commercialstatin,Antipsychotic,12,300
P50P60231,Performxone,Antiviral,12,450
P39M809686,Choiceol,Respiratory,12,250
M74P552644,Designzepam,Antidepressant,12,70
D47C413937,Joinvir,Antidepressant,12,400
H77Z522599,Adultcillin,Respiratory,12,80
P77L852565,Messageol,Antidepressant,12,450
Z82U288330,Beforeol,Antibiotic,12,200
Z62D292603,Throughstatin,Antifungal,12,110
A56P445268,Becomestatin,Antipsychotic,12,100
M97R966644,Supportvir,Antidepressant,12,600
Q46R971238,Expertzepam,Antipsychotic,12,80
J9B930541,Shareol,Analgesic,12,100
Y65I446249,Westatin,Respiratory,12,60
H27E225223,Whateverin,Vaccine,12,110
H31Y411746,Missvir,Antipsychotic,12,110
U10D499963,Treevir,Antifungal,12,75
W43V702671,Stockcillin,Antihistamine,12,80
E27I121091,Bystatin,Diuretic,12,60
K38Z460647,Partnerol,Respiratory,12,200
P27K908543,Landin,Antifungal,12,90
T24K545274,Discoverol,Vaccine,12,450
I27F927591,Chairzepam,Diuretic,12,95
F24N134437,Followxone,Cardiovascular,12,150
E46U477668,Knowledgestatin,Respiratory,12,600
O22Z630389,Trialvir,Antibiotic,12,500
O42L618257,Createin,Vaccine,12,650
J2H425501,Thiszepam,Respiratory,12,150
L38T40742,Especiallyxone,Antibiotic,12,55
S15Q760993,Nearlyol,Antidepressant,12,400
D18H351992,Datazepam,Anticonvulsant,12,70
L13A49876,Watchvir,Cardiovascular,12,115
N72V91583,Wherestatin,Steroid,12,200
Q56F497681,Schoolstatin,Antihypertensive,12,100
U10K286833,Thisvir,Vitamin,12,80
E66Q263026,Wayol,Vaccine,12,450
F97K648316,Concernvir,Antihypertensive,12,85
M99E269561,Propertyxone,Steroid,12,400
J20F162739,Resultxone,Anti-inflammatory,12,350
Y3M98546,Behaviorol,Respiratory,12,600
T85L165984,Appearzepam,Antibiotic,12,90
O72Y452809,Newxone,Antipyretic,12,110
H59K123954,Thoughtzepam,Vaccine,12,300
Y41L180621,Morecillin,Anticoagulant,12,90
L1B873521,Veryxone,Antipyretic,12,300
B55L844529,Formerstatin,Antidepressant,12,55
I41M201210,Livezepam,Anticonvulsant,12,250
R88V307224,Certainlycillin,Steroid,12,500
S73Y6209,Realizecillin,Antidepressant,12,60
S44A515047,Southzepam,Antihistamine,12,150
N15C584768,Payol,Antihypertensive,12,85
Y26S618982,Answercillin,Antipsychotic,12,75
X12S671402,Leftcillin,Antifungal,12,135
W1X914356,Congressvir,Steroid,12,300
V64G645719,Lookcillin,Immunosuppressant,12,150
S49W973514,Alsoxone,Antifungal,12,115
C45S490776,Perin,Vaccine,12,500
K16A769285,Stagein,Antipsychotic,12,600
X4E686421,Technologyxone,Steroid,12,85
X31M791444,Speechzepam,Antihistamine,12,500
V38O974399,Affectin,Immunosuppressant,12,85
C73S578162,Minutecillin,Cardiovascular,12,50
I9E713885,Wonderxone,Immunosuppressant,12,135
I22R799124,Placeol,Antipsychotic,12,600
J54R10688,Decadevir,Steroid,12,200
R67Y357831,Futurecillin,Diuretic,12,70
J46X938804,Consumercillin,Antibiotic,12,85
T34U18022,Workol,Antihistamine,12,350
F90X92394,Seemvir,MuscleRelaxant,12,80
G53T187357,Westxone,Diuretic,12,300
K74R290433,Religiouscillin,Anti-inflammatory,12,650
X11Q815776,Kindstatin,Immunosuppressant,12,350
A30P10088,Peacestatin,Antipyretic,12,300
I74S967817,Difficultxone,Antipsychotic,12,110
J12B539428,Pointstatin,Antifungal,12,95
X66R720223,Fathercillin,Anti-inflammatory,12,650
Y38N566037,Thatol,Vitamin,12,250
O16T76777,Companycillin,Antipyretic,12,250
M45Q898304,Mystatin,Respiratory,12,550
K75P756019,Knowledgevir,Antiviral,12,350
G25Q637630,Eightcillin,MuscleRelaxant,12,550
I49M660661,Workstatin,Vaccine,12,400
K35F24121,Whenin,Antihistamine,12,95
W59V347520,Todayol,Anti-inflammatory,12,80
P18L895903,Sixol,Antiviral,12,400
O30K38209,Asin,Antibiotic,12,110
R1L346862,Givecillin,Antifungal,12,400
L97A268760,Feelingol,Antifungal,12,650
O82M56539,Cupzepam,Respiratory,12,300
T86W602380,Callcillin,Respiratory,12,250
J26K420698,Performancezepam,Vitamin,12,50
W91I957174,Thenin,Antipsychotic,12,150
U28E304997,Presidentstatin,Vaccine,12,300
T56L426724,Hitzepam,Antipyretic,12,650
Z42H996515,Knowledgecillin,Steroid,12,500
B90L465884,Singlevir,Analgesic,12,650
L95E911950,Friendin,Antiviral,12,350
I51X952454,Officercillin,Antihypertensive,12,95
N56V287363,Educationstatin,Anticoagulant,12,75
P83E974423,Televisionin,Respiratory,12,75
R23X306968,Whoseol,Steroid,12,50
L82K250277,Availablecillin,Immunosuppressant,12,250
P12Z935668,Youxone,Antihypertensive,12,135
R70B213916,Maybein,Antidepressant,12,500
W61J453341,Createol,Anticonvulsant,12,115
M54F938656,Courtcillin,Cardiovascular,12,600
R28Y147835,Authorxone,Antihistamine,12,110
O4B658672,Memoryzepam,Antipyretic,12,550
I47P515692,Windowin,Anti-inflammatory,12,65
M25E207886,Formervir,Cardiovascular,12,75
F48S185940,Ascillin,Vitamin,12,350
E70Q386331,Muchin,Diuretic,12,65
O3A92284,Whilein,Cardiovascular,12,65
H75B729814,Centerin,Anticonvulsant,12,55
L72Y310893,Degreeol,Respiratory,12,300
L54E885332,Everycillin,Steroid,12,60
M16W122481,Technologyvir,Antiviral,12,100
H7X295129,Administrationin,Antipsychotic,12,150
Q62E957263,Mediaxone,Antiviral,12,120
D10H767799,Wherein,Cardiovascular,12,110
K45S688488,Waitvir,Anticoagulant,12,50
G90C780992,Designxone,Antibiotic,12,70
E85U123129,Suggestin,Vitamin,12,70
O27P640418,Familyxone,Respiratory,12,120
R16J938033,Certaincillin,Vaccine,12,80
Y14A233051,Environmentalvir,Antipyretic,12,500
L38L233547,Mustvir,Vaccine,12,120
R60G560121,Beginol,Antipyretic,12,400
T36X243386,Measurein,Antidepressant,12,250
H85O483068,Eatvir,Diuretic,12,600
Y45X613947,Ideaxone,Antiviral,12,95
X67B582260,Thiscillin,MuscleRelaxant,12,55
S55M917032,Airstatin,Steroid,12,450
K91H249624,Lotcillin,Respiratory,12,80
E24Y549395,Speechin,Antihistamine,12,250
I53E642727,Wholein,Antihypertensive,12,250
N0F999829,Heartin,Antiviral,12,350
K47Y317933,Bloodol,Antipsychotic,12,450
C62E326224,Stillcillin,Antifungal,12,125
B58A446585,Productionin,Antihypertensive,12,450
I23P675950,Choicein,Antifungal,12,400
Z43O104499,Hearcillin,Diuretic,12,550
A98I304552,Frontstatin,Anticoagulant,12,115
K88I650591,Appearin,Antifungal,12,100
I79E93634,Securityvir,Steroid,12,300
P81S563976,Responsibilityzepam,Immunosuppressant,12,400
O47Z684735,Seeol,Respiratory,12,350
M41B480930,Fivecillin,Cardiovascular,12,100
B58B790839,Professorxone,Diuretic,12,90
W99R149111,Recentin,Anticoagulant,12,130
O75B663266,Republicanol,Antiviral,12,80
O74L615848,Mevir,Immunosuppressant,12,300
W58P449027,Reportin,Antidepressant,12,55
D36G218917,Expertxone,MuscleRelaxant,12,450
R61I343589,Dreamstatin,Vitamin,12,95
F17V259598,Notevir,Antibiotic,12,600
G84S434976,Oncillin,Steroid,12,70
R21O410192,Hezepam,Antihypertensive,12,550
C33N558344,Sitcillin,Anticonvulsant,12,400
C14A933113,Longvir,Anticonvulsant,12,500
I34T785449,Nearol,Immunosuppressant,12,600
K35J271591,Pointxone,Analgesic,12,65
L51S739688,Onevir,Antifungal,12,650
O22T888517,Analysisin,Respiratory,12,150
Q14N32761,Alwayscillin,Antihistamine,12,350
J2F293821,Underol,Antibiotic,12,75
O73X368807,Happencillin,Cardiovascular,12,200
D2R21966,Buildingvir,Antidepressant,12,65
Z90D597479,Everybodyxone,Anticonvulsant,12,105
P46U970116,Safestatin,Vaccine,12,85
P54B885494,Alonestatin,Antipyretic,12,550
M26N572036,Fivevir,Anti-inflammatory,12,95
S98G752253,Clearlyxone,Antibiotic,12,65
J61M930071,Couldzepam,Anticonvulsant,12,120
I77W306027,Taskzepam,Immunosuppressant,12,450
M91D857718,Norvir,Antipyretic,12,85
K10S895576,Collegezepam,Antipyretic,12,200
N41X628703,Memberol,Anti-inflammatory,12,85
M16R210438,Stepxone,MuscleRelaxant,12,400
Y82A640555,Focuscillin,Anti-inflammatory,12,70
J70T535509,Ourxone,Antihistamine,12,60
G3V139565,Redxone,Antihypertensive,12,65
D45N189178,Campaignin,Antibiotic,12,350
Z83T580872,Administrationstatin,Antidepressant,12,95
S15A931077,Wantcillin,Antifungal,12,300
E5Y447347,Studyol,Antihistamine,12,350
F68I650424,Nothingvir,Antifungal,12,300
O80C933410,Productxone,Vitamin,12,70
S38K601667,Talkxone,Antifungal,12,500
P98D177507,Relationshipxone,Anticonvulsant,12,100
G94N722410,Hopein,Antihypertensive,12,400
J59E797694,Himol,Antihypertensive,12,200
D55U404928,Adultol,Vitamin,12,650
A29L12973,Languagestatin,Respiratory,12,115
F85X163792,Askxone,Respiratory,12,120
O68O418694,Firstzepam,Antipyretic,12,75
V17T153812,Magazinecillin,Immunosuppressant,12,85
L4X339713,Sortol,Antidepressant,12,550
L16Q475274,Jobin,Antipsychotic,12,400
T41R169518,Longstatin,Antifungal,12,550
V41G889544,Availablezepam,Immunosuppressant,12,50
X4A772383,Agreementcillin,Antipyretic,12,200
N17U584691,Ballvir,Anti-inflammatory,12,65
L81D918323,Shortin,Immunosuppressant,12,400
T67H979940,Invir,Antiviral,12,600
L12I717394,Headin,Antifungal,12,400
P75K27071,Lawvir,Anticoagulant,12,45
J13Z645743,Thankstatin,Analgesic,12,135
A95X105543,Subjectxone,Vitamin,12,300
N40B283815,Familystatin,Anticoagulant,12,115
P71I854247,Populationxone,Antipyretic,12,250
A32U28802,Getxone,Respiratory,12,55
Y99U865299,Anythingin,Anti-inflammatory,12,600
S25P964760,Endstatin,Respiratory,12,550
B61E350778,Carestatin,Vitamin,12,550
E54D144468,Herselfvir,Antihistamine,12,650
J58T185961,Leastvir,Antifungal,12,75
X8D334891,Learnxone,Respiratory,12,100
B48Y569896,Pagestatin,Steroid,12,95
M94Q217294,Democraticin,Respiratory,12,600
N30O153610,Onlyvir,Respiratory,12,150
F75Z479410,Noin,Antiviral,12,85
Y12R602496,Oldcillin,Vaccine,12,350
A23O44587,Rolezepam,Antipsychotic,12,50
T88J805926,Bevir,Antifungal,12,105
Z93N812886,Missstatin,Antipsychotic,12,450
X61C62878,Bestol,Anticoagulant,12,650
A12D499327,Helpstatin,Diuretic,12,110
P50H925819,Hundredxone,Antiviral,12,450
I5Z382464,Popularstatin,Vitamin,12,85
F86E858962,Governmentcillin,Immunosuppressant,12,300
O58S318500,Windxone,Antipsychotic,12,60
C13P750299,Hitstatin,Antibiotic,12,85
A32L444169,Centerxone,Steroid,12,450
H60H396293,Yetvir,Antipyretic,12,150
I1X984822,Computerol,Diuretic,12,300
Y34R703504,Differentstatin,Antiviral,12,650
U71U453866,Subjectin,Steroid,12,120
L27O460523,Evidencevir,Anti-inflammatory,12,115
E3J88219,Frontzepam,Vitamin,12,80
R46R211389,Effectol,Antibiotic,12,450
L28K780687,Rightcillin,MuscleRelaxant,12,650
I96E301278,Returnin,Analgesic,12,85
N43P45759,Groundin,Immunosuppressant,12,400
I72T371646,Historycillin,Anticoagulant,12,85
X26D141949,Activityzepam,Analgesic,12,150
X41V342109,Kitchenstatin,Analgesic,12,85
B27Z752756,Largeol,Cardiovascular,12,105
S62I701719,Eyestatin,Antibiotic,12,120
J0A204775,Legstatin,Vitamin,12,85
Q5R381029,Cellzepam,Antidepressant,12,50
F31M927652,Bankstatin,Diuretic,12,350
I98K410567,Heavyxone,Respiratory,12,600
U38A614716,Singol,Antidepressant,12,300
O12U348637,Hopexone,Antihistamine,12,75
C23O304951,Becausexone,Respiratory,12,70
E61B801460,Scorein,Cardiovascular,12,400
B77O830809,Surfacezepam,Vaccine,12,120
S68I716383,Candidatein,Anti-inflammatory,12,350
H24A111163,Realityvir,Analgesic,12,80
B90F113924,Likein,MuscleRelaxant,12,60
O20Y266451,Paperxone,Analgesic,12,300
U37G17368,Waitzepam,Anti-inflammatory,12,105
Y77L251021,Havexone,Antibiotic,12,300
O71R425383,Scientistin,Cardiovascular,12,250
P20C709941,Speechxone,Anti-inflammatory,12,105
B54J798312,Publicol,Diuretic,12,150
B57O316073,Thinkvir,Cardiovascular,12,300
I81C381008,Doctorzepam,Respiratory,12,250
N16Q513854,Responsibilityin,Anticonvulsant,12,150
C46V344291,Actionol,Diuretic,12,400
Z5J592874,Imaginestatin,Anticonvulsant,12,200
T96I247965,Frontzepam,Immunosuppressant,12,300
H84W654031,Withinzepam,Diuretic,12,75
M91D261864,Designvir,Antiviral,12,125
X22F121770,Soncillin,Vitamin,12,100
Y42P654113,Qualityzepam,Antipsychotic,12,250
E23H740308,Suggestvir,Anticoagulant,12,300
V70J71144,Mediacillin,Anticoagulant,12,95
O92N146684,Theoryol,Immunosuppressant,12,100
W74J414799,Smilevir,Anticoagulant,12,55
D20A93781,Officialvir,Immunosuppressant,12,75
X13Q752676,Collegein,Anticoagulant,12,105
N39V497912,Tablexone,Cardiovascular,12,550
A13N151491,Offcillin,Antidepressant,12,650
D0W146234,Sectionxone,Respiratory,12,400
W27O929707,Physicalxone,Steroid,12,100
E1T378769,Orderxone,Antiviral,12,115
E35Q730478,Newstatin,Antifungal,12,150
N93F959665,Expertvir,Antidepressant,12,50
G21W604086,Plantin,Antipsychotic,12,90
Q42P551933,Militaryol,Antihypertensive,12,65
E20N695235,Patterncillin,Antibiotic,12,120
Q80U813139,Ballcillin,Vaccine,12,100
K87D545415,Earlyol,Immunosuppressant,12,250
J73D988692,Townxone,Steroid,12,95
C66I809911,Wantin,Antihypertensive,12,300
H25A688711,Seriesstatin,Antihypertensive,12,60
I12X655129,Citizenxone,Respiratory,12,100
X16B417692,Valueol,Immunosuppressant,12,200
K78R421298,Leaderol,Vitamin,12,500
T44Q792585,Formvir,Vaccine,12,60
R14B435196,Determinein,Antiviral,12,600
G94F730924,Letstatin,Steroid,12,50
C69J934018,Billionvir,Anticonvulsant,12,120
R51X491979,Trystatin,Analgesic,12,250
P76P886679,Sitein,Respiratory,12,75
F92Z68120,Democraticzepam,Steroid,12,500
H32F792512,Nationstatin,Antihypertensive,12,200
F52H125182,Audienceol,Vitamin,12,450
J35W41645,Despitecillin,Antipyretic,12,200
W78O162454,Doctorstatin,Analgesic,12,500
V34U6016,Attentionxone,Antipyretic,12,600
S87L650525,Trainingvir,Cardiovascular,12,95
T1J280165,Establishzepam,Anticoagulant,12,300
A49U361672,Tradezepam,Steroid,12,450
A42U78552,Campaignzepam,Diuretic,12,500
M3I995863,Likestatin,Antidepressant,12,200
D79T585046,Wrongin,MuscleRelaxant,12,70
K92S934830,Playzepam,Vaccine,12,650
O35R818404,Developmentxone,Anticonvulsant,12,100
Y88Q397365,Twostatin,Immunosuppressant,12,90
H82G17823,Assumexone,Antihypertensive,12,450
D8U317286,Landxone,Vaccine,12,50
B13Q782303,Themselvesin,Immunosuppressant,12,450
U97D485655,Protectxone,Antihistamine,12,80
J51O143095,Internationalzepam,Antifungal,12,600
A41V33348,Sixvir,Cardiovascular,12,110
J13C926990,Federalin,Antipsychotic,12,50
O95H556670,Almostxone,Antihypertensive,12,450
C83A780906,Yourselfstatin,Diuretic,12,150
G26I542854,Economystatin,Antifungal,12,550
G72E282794,Themselvescillin,Anticonvulsant,12,70
X70O164298,Wantstatin,Anti-inflammatory,12,200
F46N149960,Friendstatin,Antibiotic,12,50
X93V304492,Testin,Antihypertensive,12,110
B18Q638867,Momentcillin,Respiratory,12,110
H83Q398471,Oncexone,Antifungal,12,600
U94E793462,Dozepam,Anticonvulsant,12,500
U97N403814,Cameracillin,Cardiovascular,12,115
B37A430195,Moviecillin,Antiviral,12,60
P29J562519,Benefitvir,Immunosuppressant,12,400
Y42R43614,Orstatin,Vaccine,12,55
A48V722090,Effectol,Antidepressant,12,50
C13V224466,Messagezepam,Antihistamine,12,120
J27G96389,Neverzepam,Steroid,12,350
K51O645608,Anotherin,Respiratory,12,450
P12D544480,Ofxone,Antipsychotic,12,100
G93K289751,Lightstatin,Antipyretic,12,300
E52W345934,Whichin,Antihistamine,12,105
C43V790015,Clearlystatin,Antipsychotic,12,140
N6A891165,Republicanxone,Anticonvulsant,12,650
Q76X235425,Specificol,Anticonvulsant,12,120
H86K732251,Availableol,Analgesic,12,250
Z82E542969,Skillvir,MuscleRelaxant,12,150
V96Z510377,Armstatin,Anticoagulant,12,65
X25M847761,Notxone,MuscleRelaxant,12,65
G93C957738,Moviein,Anticonvulsant,12,550
Y60X228554,Prepareol,Antipsychotic,12,60
G16A44239,Sixxone,Antipsychotic,12,250
U4G452228,Walkol,Respiratory,12,600
F62M759753,Seriouscillin,Steroid,12,250
F23L535623,Forgetvir,Immunosuppressant,12,60
S64L14484,Taskvir,Anticoagulant,12,650
I33A761865,Farvir,Steroid,12,150
N43O345985,Acrossxone,Antihistamine,12,500
P38U198638,Executivexone,Antipyretic,12,650
E79I145102,Althoughin,Immunosuppressant,12,300
Z38A993673,Improvexone,Anti-inflammatory,12,55
A38O388649,Socialstatin,Cardiovascular,12,200
E80H98091,Somebodyvir,Anticonvulsant,12,65
T0L285949,Nationxone,Cardiovascular,12,150
H77X41315,Focusstatin,Antipyretic,12,60
Q79U868350,Sciencestatin,Vaccine,12,250
F95M848588,Testvir,Vaccine,12,200
M68L30097,Firmol,Immunosuppressant,12,550
X87H32061,Partyvir,Antiviral,12,100
J39L735776,Althoughstatin,Anticonvulsant,12,90
R36I808527,Watchstatin,Antipsychotic,12,50
H73T870686,Expertzepam,Vitamin,12,75
F39Q596627,Morningvir,Antipsychotic,12,200
R14F57536,Hourvir,Antiviral,12,120
R97E357878,Outsidestatin,Antiviral,12,150
T35Q242109,Orol,Immunosuppressant,12,300
R53E706800,Shein,Antipsychotic,12,200
I94T101478,Widexone,Antibiotic,12,140
V26Z997439,Turnstatin,Anticoagulant,12,95
C23S307896,Rememberzepam,Antihypertensive,12,70
H37A123480,Sincezepam,Vaccine,12,550
V19G903272,Mentionvir,Antiviral,12,110
G74H337221,Bringxone,Anticonvulsant,12,70
A30E770625,Feelingol,Vitamin,12,105
J69A857113,Receiveol,Cardiovascular,12,250
L11W141019,Staffstatin,Antidepressant,12,55
L13H412340,Truthol,Antibiotic,12,300
G48Z791422,Alwayszepam,Antipsychotic,12,110
P35I45310,Investmentin,Anti-inflammatory,12,300
X84V935938,Modernvir,Respiratory,12,55
K90M696016,Employeevir,Antihistamine,12,95
V56H208724,Haircillin,Antihistamine,12,600
U49M128221,Generationzepam,Anticonvulsant,12,200
W3E550747,Forcevir,Vitamin,12,350
X79K785567,Individualzepam,MuscleRelaxant,12,95
R3G979382,Sportstatin,Vitamin,12,95
N85U3947,Chooseol,Antihistamine,12,600
I36I713526,Theyvir,Antihistamine,12,55
F12K766296,Identifyin,Antihypertensive,12,125
T47J171360,Factol,Antifungal,12,75
V81C394413,Warstatin,Vaccine,12,145
I64Y126095,Recentlyin,Vaccine,12,150
X14P541782,Partyol,Anticoagulant,12,350
T2Q526673,Stopzepam,Anticoagulant,12,550
J8R629203,Firestatin,Antiviral,12,650
J15Z818641,Handcillin,Antipsychotic,12,250
U22L532584,Othersvir,Antidepressant,12,400
E97G569693,Directionxone,Analgesic,12,110
H41B706196,Studentvir,Respiratory,12,70
A55P503560,Supportvir,Antibiotic,12,60
D19H624773,Prettyzepam,Antihistamine,12,300
W85K341250,Oneol,Anticoagulant,12,50
V72V935585,Lessol,Anticoagulant,12,80
H85D757009,Duringin,Antihypertensive,12,95
J16C145033,Mainol,Analgesic,12,65
I69A134697,Whosevir,Steroid,12,450
N28H34840,Hundredstatin,Immunosuppressant,12,70
T85R679621,Gostatin,Antidepressant,12,550
L31A793847,Secondcillin,MuscleRelaxant,12,85
B68I142786,Buildcillin,Analgesic,12,500
L29J369419,Presentxone,Antihistamine,12,120
H55U641957,Consumerin,Antibiotic,12,150
X68A85458,Myselfzepam,Steroid,12,250
I43Z970494,Militaryol,Diuretic,12,600
D67L403119,Politicalol,Vaccine,12,350
G73B329737,Popularvir,Antibiotic,12,350
A98U811312,Despitecillin,Antipsychotic,12,350
X69V88281,Losein,Antihistamine,12,250
B63E986573,Whilezepam,Anti-inflammatory,12,75
H4P7639,Throughoutstatin,Immunosuppressant,12,115
H38R221845,Measurestatin,Anticonvulsant,12,550
S21T307726,Upol,Antiviral,12,100
E92S470667,Technologyin,Immunosuppressant,12,100
Z26G174963,Hearzepam,Anticoagulant,12,550
C14I647314,Datain,Vitamin,12,350
J4Y498187,Asxone,Antipsychotic,12,100
U57O178319,Buildingzepam,Vaccine,12,350
V15H744938,Individualin,Antipsychotic,12,90
I31K592859,Representstatin,Antipyretic,12,300
C24Q845990,Popularvir,Vitamin,12,250
Q68I655946,Projectvir,MuscleRelaxant,12,95
E43L812325,Bloodstatin,Vitamin,12,600
A62K751858,Racevir,Antibiotic,12,60
T50D500783,Discussstatin,Anticoagulant,12,55
P67Y854501,Continueol,Cardiovascular,12,250
P73L403634,Responsestatin,Antiviral,12,200
D61P819888,Speakcillin,Antipsychotic,12,400
A6I416748,Causecillin,Vitamin,12,550
B56S852534,Usxone,MuscleRelaxant,12,115
O68B468401,Democratxone,Cardiovascular,12,200
T75S408894,Buildstatin,Vaccine,12,75
A45X719721,Aheadol,Analgesic,12,300
Q77W797911,Roadol,Steroid,12,500
H57X841673,Patternin,Antihypertensive,12,70
V73P125735,Policyvir,Antipsychotic,12,85
T43A434858,Themxone,Respiratory,12,500
Y77P534291,Bigzepam,Antiviral,12,450
X92W407522,Peoplevir,Analgesic,12,500
Q81F929510,Pmin,Antipyretic,12,300
O59W730722,Wifestatin,Respiratory,12,300
Y42A282056,Allol,Antihistamine,12,105
T23C738510,Tellxone,Steroid,12,250
Q25I492469,Againstzepam,Antidepressant,12,60
A84H812449,Cameravir,Antiviral,12,300
Z82K630302,Ideaol,Cardiovascular,12,300
S40S555224,Variousxone,Antibiotic,12,600
O95I876701,Appearcillin,Antibiotic,12,300
M8Q932443,Earlystatin,Antiviral,12,400
D51Q545604,Orstatin,Anticonvulsant,12,125
A13D872127,Collegestatin,Antipsychotic,12,350
W45G50193,Everyzepam,Antipsychotic,12,250
U19D163832,Writerol,Anticonvulsant,12,45
P0K509299,Weekcillin,Immunosuppressant,12,300
Y98V908598,Thousandxone,Antihistamine,12,550
O61B935517,Votein,Steroid,12,400
F47H300294,Happencillin,Antihypertensive,12,350
W26V755491,Powerol,Anticonvulsant,12,105
K28J329985,Babyxone,Diuretic,12,55
L36Q48001,Hotelstatin,Steroid,12,150
F17O833980,Walkstatin,MuscleRelaxant,12,450
T58E659723,Imaginevir,Antihistamine,12,65
T91W378641,Operationcillin,Anticoagulant,12,65
P71O267930,Nextol,Anti-inflammatory,12,120
C20G857822,Uscillin,Antipsychotic,12,450
A85F361181,Conditionstatin,Respiratory,12,90
C0N949760,Hundredvir,Antihypertensive,12,115
S67F519727,Writerxone,Antidepressant,12,450
V29X666778,Downstatin,Cardiovascular,12,90
H41K858281,Aboutvir,Antidepressant,12,650
K50A649996,Studentol,Anticonvulsant,12,65
M56U418777,Givevir,Anti-inflammatory,12,350
D6L8602,Despitezepam,Steroid,12,150
C5R250241,Stayol,Antipsychotic,12,450
W1X498672,Recentlyin,Vitamin,12,300
F52P756813,Monthvir,Anticoagulant,12,100
L48K61146,Treecillin,Vitamin,12,300
O33T478662,Carryol,Antihypertensive,12,85
P92I937132,Herevir,Analgesic,12,100
X95P279811,Nevervir,Vaccine,12,400
A27S410787,Meetxone,Respiratory,12,75
G11B175626,Daughterol,Antipyretic,12,90
K0X701460,Unitzepam,Anticonvulsant,12,550
B84E139977,Candidatevir,Antihistamine,12,300
J64N393805,Tonightstatin,Cardiovascular,12,45
J96X25806,Ixone,Antidepressant,12,250
P77U952327,Planzepam,Antibiotic,12,300
O96H258995,Processzepam,Steroid,12,550
J41B70567,Numberstatin,Anticonvulsant,12,55
U25O36004,Politicscillin,Diuretic,12,140
N44B294312,Reallyvir,Immunosuppressant,12,50
X9I354522,Classzepam,Anticonvulsant,12,200
Q66V191253,Sectioncillin,Antipsychotic,12,150
F20U416112,Windvir,Antifungal,12,550
N85R293422,Understandin,Antipsychotic,12,400
U56Q297799,Withvir,Immunosuppressant,12,650
Y82Z789681,Visitin,Antipyretic,12,105
D21N381082,Conditioncillin,Anti-inflammatory,12,550
D56P908303,Thingin,Anticonvulsant,12,350
D6S207314,Actuallyol,Antifungal,12,600
V50J900220,Throughoutstatin,Anticoagulant,12,600
H68U10970,Amountstatin,Vitamin,12,500
C15E65569,Currentol,Antifungal,12,350
B19B397825,Generalol,Steroid,12,90
G16K734795,Televisionxone,Respiratory,12,55
U28M422957,Sometimesstatin,Antipyretic,12,450
F58R289861,Nostatin,Antipsychotic,12,50
E59W364628,Whatxone,Antihypertensive,12,85
O73L319508,Ontostatin,Analgesic,12,85
O82S786216,Historyzepam,Vaccine,12,500
V91M909468,Institutioncillin,Anti-inflammatory,12,70
B13F614716,Meetingvir,Immunosuppressant,12,200
N50F676688,Protectxone,Anticoagulant,12,115
Y8L985597,Presidentzepam,Cardiovascular,12,120
L24X979777,Officezepam,Antifungal,12,150
Y8J812629,Describestatin,Vitamin,12,250
X88E471363,Capitalcillin,Antidepressant,12,650
P25E85597,Containzepam,Steroid,12,300
R52I530229,Ownercillin,Cardiovascular,12,300
I55E452940,Productionin,Antibiotic,12,60
B46Y803459,Developmentzepam,Cardiovascular,12,450
G2S418123,Eachvir,Antihistamine,12,200
K81A438404,Weekol,Anticonvulsant,12,650
J60I935055,Hercillin,Diuretic,12,450
Z5V71172,Uponvir,Respiratory,12,200
S22E108553,Clearlyvir,Respiratory,12,150
Y11W237925,Personalvir,Cardiovascular,12,300
J83L565291,Thoughin,Antihypertensive,12,150
E76Y99020,Westernol,Analgesic,12,105
C9V668315,Formerol,Antibiotic,12,300
O55Y905635,Congresszepam,Anti-inflammatory,12,600
K93C531245,Carryvir,Anticonvulsant,12,400
T40M134722,Startcillin,Anticoagulant,12,75
Z13V59077,Typeol,Antibiotic,12,80
S99I872984,Offol,Antipyretic,12,600
J38Y847491,Naturevir,Antiviral,12,115
S95E303374,Humanstatin,Antipsychotic,12,110
A8S472693,Usecillin,Analgesic,12,400
Z92G540257,Artistxone,Antidepressant,12,50
R43A568697,Pullcillin,Antifungal,12,80
W43V375509,Affectstatin,Anti-inflammatory,12,150
T79M244602,Justvir,Antiviral,12,95
E92Z224946,Keystatin,Antibiotic,12,400
L51S614098,Callxone,Antifungal,12,145
Y95S360080,Edgein,Anti-inflammatory,12,135
P5J92937,Mouthvir,Antipsychotic,12,60
M44N271952,Beforexone,Antipyretic,12,115
M76T860276,Sureol,Antibiotic,12,70
F97D653920,Landxone,Antihistamine,12,500
L11A143400,Practicein,Anticoagulant,12,125
Z17J731288,Controlstatin,Anticonvulsant,12,50
E76F310136,Wallcillin,MuscleRelaxant,12,70
M29I590411,Sortzepam,Vaccine,12,600
R46U642960,Resultzepam,Cardiovascular,12,80
J91N343667,Identifyxone,Antihistamine,12,250
Z19W684251,Sendzepam,Antipsychotic,12,115
T66X199775,Coverol,Vitamin,12,120
Z94S847400,Radiovir,Analgesic,12,60
S72H630941,Centerol,Vitamin,12,50
A67C291467,Consumerstatin,Anti-inflammatory,12,400
C86W409287,Riskstatin,Anticoagulant,12,650
B80I762038,Theol,Immunosuppressant,12,250
D32Q746843,Bodyvir,Anticoagulant,12,150
B3D557117,Positionxone,Antidepressant,12,350
F49W499478,Therecillin,Anti-inflammatory,12,95
W34Q425907,Fallstatin,Antipsychotic,12,250
N27Z7304,Letol,Diuretic,12,50
F51R751712,Acceptvir,Cardiovascular,12,250
W32L756902,Howeverol,Steroid,12,75
I65U622618,Wayin,Respiratory,12,70
M16T196930,Foodcillin,Anticonvulsant,12,70
Z49N559824,Southernstatin,Analgesic,12,450
K19M858380,Churchol,Respiratory,12,450
X21X214652,Mayol,Anti-inflammatory,12,300
N21L424309,Rolevir,Antibiotic,12,650
N92H661458,Truexone,Anti-inflammatory,12,200
I5K481222,Stockstatin,Antipsychotic,12,550
L54R213301,Weekin,Antibiotic,12,500
S46E923278,Hopeol,Antidepressant,12,300
V53R142341,Realizestatin,Antihypertensive,12,550
W53Q793253,Variousin,Anticoagulant,12,110
N92I739341,Plancillin,Analgesic,12,150
M56S85521,Hotelzepam,Cardiovascular,12,120
L37B162911,Carezepam,Anticoagulant,12,250
U47O776037,Experiencexone,Cardiovascular,12,300
F72D792674,Skillol,Diuretic,12,85
Q42A932571,Powerol,MuscleRelaxant,12,400
R54B467698,Programxone,Vitamin,12,600
K81T888659,Neverxone,Respiratory,12,300
C32C796451,Fundcillin,Anticoagulant,12,450
H78H138246,Buildin,Antiviral,12,300
M58Q102549,Goalcillin,Antihistamine,12,55
K16C18940,Oftenzepam,Respiratory,12,90
A17S541772,Monthvir,Antibiotic,12,150
D31B136586,Overstatin,Respiratory,12,55
R83A298035,Authorityol,Steroid,12,650
V60O556106,Situationstatin,Antihistamine,12,140
X39P656471,Stepxone,Antihypertensive,12,650
D31M983739,Lossstatin,Antipyretic,12,50
V22V848949,Industrystatin,Vaccine,12,90
R4F599320,Managementvir,Antibiotic,12,150
D39P91252,Quicklycillin,Antihistamine,12,90
U98M744480,Internationalol,Vitamin,12,105
R5I175911,Streetvir,Cardiovascular,12,450
U67I637513,Administrationol,Immunosuppressant,12,450
D73E845437,Propertyvir,Antiviral,12,250
F5A23352,Listcillin,Antifungal,12,650
W35D476661,Offercillin,Antifungal,12,500
D7C492708,Publiccillin,Anti-inflammatory,12,250
W82Q675124,Awayvir,Antihistamine,12,300
H8N64200,Awayol,Antihypertensive,12,400
T79Z169083,Uponstatin,Cardiovascular,12,60
E88N178898,Althoughcillin,Antipsychotic,12,600
B27U955448,Namevir,Respiratory,12,300
I10E231540,Ageol,Antihypertensive,12,300
N42X599521,Leavevir,Antipyretic,12,600
W91L237162,Remembervir,Antipsychotic,12,450
Z67U401806,Severalcillin,Respiratory,12,100
A23E487677,Meetxone,Antibiotic,12,300
C3G951398,Stuffol,Antipsychotic,12,55
A55Y385411,Picturevir,Respiratory,12,450
A29O740563,Althoughstatin,Anticoagulant,12,70
M0A444824,Naturexone,Anticonvulsant,12,150
G8C479586,Stuffcillin,Analgesic,12,400
C17S89199,Streetstatin,Analgesic,12,550
H12X869034,Halfstatin,MuscleRelaxant,12,85
V78F927759,Radiovir,Vitamin,12,450
V29R860942,Summerzepam,Analgesic,12,120
K0Y240008,Notol,Steroid,12,100
F87Q945113,Losestatin,Antidepressant,12,90
E25I393318,Churchstatin,Antihypertensive,12,200
J97A687999,Successzepam,Antipyretic,12,500
Y51W301882,Populationol,Antibiotic,12,500
N47W665924,Audiencestatin,Antihypertensive,12,350
S61T807614,Meanvir,Antihistamine,12,550
M99L19082,Relatexone,Vitamin,12,105
E33A442890,Accountol,Anticonvulsant,12,105
V56P270507,Popularvir,Anticonvulsant,12,650
R29Y462297,Norcillin,Diuretic,12,650
Z91R220547,Materialin,Immunosuppressant,12,600
L58H230423,Basexone,Vitamin,12,650
X28F109412,Wein,Anticonvulsant,12,300
P58A503569,Soldierxone,Anticonvulsant,12,70
I31V895879,Managementin,Anticoagulant,12,55
U22S422634,Dropin,Antipyretic,12,95
R40E709532,Edgezepam,Antibiotic,12,100
B15J149487,Papervir,Anticonvulsant,12,150
U90Z420375,Guessxone,Anti-inflammatory,12,100
Z21Z897630,Includein,Vitamin,12,200
L59Q583394,Classol,Anti-inflammatory,12,450
M94X738090,Productioncillin,Vaccine,12,400
T6Q114332,Sortvir,Steroid,12,70
Z40T582369,Internationalstatin,Antipsychotic,12,85
X52S551993,Peoplecillin,Respiratory,12,300
P74J348938,Streetstatin,Antidepressant,12,350
X11S22672,Thoughol,Immunosuppressant,12,85
C68V559292,Traditionalin,MuscleRelaxant,12,600
P80L648811,Officerol,Antibiotic,12,500
Z96M721660,Newsol,Antipsychotic,12,350
X16K649292,Skinxone,Antibiotic,12,650
P84R488678,Experiencein,Vitamin,12,600
Y71X979527,Familyxone,Antifungal,12,85
W81Y22442,Adultstatin,Respiratory,12,550
Q99Q47213,Centuryvir,Antiviral,12,200
H83B355259,Revealzepam,Antiviral,12,400
L16Z346470,Programin,Respiratory,12,85
Y84Y546590,Floorcillin,Antihypertensive,12,115
O19C873535,Presentin,Cardiovascular,12,350
A29T218080,Everyxone,MuscleRelaxant,12,50
W8Z182460,Herselfcillin,MuscleRelaxant,12,650
T13K121598,Statezepam,Antihistamine,12,50
P81P73158,Formzepam,Antibiotic,12,600
B38Q145881,Environmentalstatin,Immunosuppressant,12,550
V79L330360,Whetherxone,Antipsychotic,12,110
R61H2412,Signxone,Antipyretic,12,550
Z19I879439,Peacezepam,Immunosuppressant,12,125
W55Z541890,Wherexone,Analgesic,12,300
G2S462155,Carevir,Antifungal,12,100
D89G943485,Widein,Vaccine,12,250
V62Q370897,Risevir,Vaccine,12,450
Q72F929885,Recordstatin,Respiratory,12,600
Z29L149115,Eachol,Analgesic,12,55
W45J497420,Enterin,Antipsychotic,12,400
I9L770378,Courtzepam,Anticoagulant,12,650
X47R636733,Eitherxone,Steroid,12,500
W94J845282,Latervir,Anti-inflammatory,12,150
A23V560419,Juststatin,Vaccine,12,550
J20G199684,Boardzepam,Antihistamine,12,300
F22Q833470,Richxone,Antihistamine,12,55
V52K685994,Indeedin,Antihypertensive,12,300
A93Q369228,Visitzepam,Antibiotic,12,55
S77R996049,Generationcillin,Antihistamine,12,650
E66O113377,Crimestatin,Diuretic,12,55
X80S354276,Wallol,Antidepressant,12,250
I65C312344,Housein,Antibiotic,12,75
W69M323706,Roleol,Antihypertensive,12,350
I97T377088,Nearlyol,Respiratory,12,70
S78D642294,Ontool,Respiratory,12,50
F57G957498,Assumecillin,Antihistamine,12,300
D66W233425,Worldcillin,Antidepressant,12,60
B33I593142,Howcillin,Antifungal,12,500
A30F467491,Datastatin,Diuretic,12,450
W53H35828,Westerncillin,Vaccine,12,350
U86E457825,Centerin,Antihypertensive,12,350
E15R242595,Insteadxone,Antibiotic,12,120
R84R595377,Buyvir,Immunosuppressant,12,85
D53X547642,Seriescillin,MuscleRelaxant,12,200
W58Z833600,Answervir,Antidepressant,12,550
P5T91858,Supportzepam,Antihistamine,12,450
C20P283430,Presidentin,Antipyretic,12,100
X59D651249,Bodyvir,Anticoagulant,12,85
V51M229665,Myselfcillin,Vaccine,12,250
X30J220671,Courtstatin,Anticoagulant,12,120
Q80Y449139,Industryzepam,Antipsychotic,12,500
T97K164348,Treezepam,Analgesic,12,95
Y83G355006,Mustzepam,Antifungal,12,60
E27E340176,Thirdvir,Antibiotic,12,550
D4O79391,Alreadyxone,Antifungal,12,400
N64D170847,Redcillin,Analgesic,12,500
K19O752585,Levelzepam,Vitamin,12,100
L74D171516,Notzepam,Antihistamine,12,105
C66K209038,Orderin,Cardiovascular,12,55
M55F733921,Coursexone,Antipsychotic,12,300
Y68L940118,Standol,Vitamin,12,300
C24C859231,Windvir,Antidepressant,12,60
G33C360025,Whozepam,Vaccine,12,250
O68E629847,Americanol,Cardiovascular,12,350
W14T341861,Stayzepam,Anticonvulsant,12,105
B66M837473,Federalvir,Antipyretic,12,45
R96Y499876,Threecillin,Respiratory,12,650
Y22B868303,Weststatin,Antihistamine,12,300
A43V405539,Pricevir,Antidepressant,12,70
G29U754874,Messagecillin,Steroid,12,200
G89I154358,Seniorol,Analgesic,12,250
W20I44293,Sitein,Diuretic,12,100
A1B742282,Drawvir,Vaccine,12,400
V21I690011,Catchin,Antihypertensive,12,350
J26R853754,Anystatin,Vitamin,12,65
Q65O320231,Insidezepam,Antipyretic,12,75
W64S258996,Mattervir,Immunosuppressant,12,95
A96R269850,Thiscillin,Antihistamine,12,70
Y25X299222,Courtin,Vaccine,12,600
K79S155123,Blackol,Respiratory,12,300
V45V550426,Onexone,Antibiotic,12,250
X88X856016,Halfzepam,Antihypertensive,12,120
F26W738092,Alreadyvir,Analgesic,12,85
L18E727840,Piececillin,Diuretic,12,90
G17D711381,Benefitcillin,Antiviral,12,65
B73Q935474,Discoverzepam,Analgesic,12,500
X81H639259,Attackxone,Antidepressant,12,120
W44X960628,Generationxone,Diuretic,12,300
C17D813918,Reducezepam,Antiviral,12,70
K91E416425,Linestatin,Antidepressant,12,80
W30W604085,Tvol,Anticoagulant,12,500
U41O456828,Detailstatin,Antihypertensive,12,115
K13Z97027,Areain,Antidepressant,12,105
O49J839180,Usecillin,Vaccine,12,300
F1Y35982,Timestatin,Anti-inflammatory,12,60
L78N844233,Behindvir,Antipsychotic,12,350
N14Z777304,Hecillin,Vaccine,12,55
Q20A945074,Presentin,Antipsychotic,12,650
H74K964537,Sixcillin,MuscleRelaxant,12,105
T25L787433,Mouthcillin,Antihistamine,12,400
L47R205167,Nationol,Antipyretic,12,65
K25J777304,Hundredxone,Anti-inflammatory,12,115
A63H852940,Managervir,Antipyretic,12,350
F13Q472412,Majoritystatin,Antipsychotic,12,50
H8H525928,Republicanvir,Antiviral,12,120
Q16V312589,Couldvir,Steroid,12,150
A16A621511,Watchstatin,Antihypertensive,12,70
U48U100363,Allol,Antibiotic,12,300
O6U249617,Eachvir,Antihistamine,12,550
C39F68913,Drivein,Antifungal,12,650
M91Z490603,Reasonxone,Antihypertensive,12,70
M16M848945,Himselfcillin,Antidepressant,12,110
T13N126344,Winin,Cardiovascular,12,150
S38P687812,Nearcillin,Vitamin,12,300
I62S439991,Throughoutcillin,Steroid,12,400
M15E65278,Manyxone,Vitamin,12,95
A1S136319,Clearzepam,Antihypertensive,12,550
V96I408620,Opportunityol,Anticonvulsant,12,100
K72Z611948,Downcillin,Antihistamine,12,125
W15Z825830,Careerzepam,Analgesic,12,105
N29G881669,Operationin,Antihistamine,12,650
A34B565263,Reallyol,Immunosuppressant,12,300
Y97T467006,Scientistzepam,Vaccine,12,400
Q19V803661,Existstatin,Antiviral,12,300
E24J144401,Drawin,Anti-inflammatory,12,650
N24U650053,Politicalvir,Anti-inflammatory,12,55
M70G980257,Warstatin,Respiratory,12,120
G27N585427,Remainin,MuscleRelaxant,12,65
M23W199492,Eyezepam,Anti-inflammatory,12,105
V58N810679,Suchxone,Cardiovascular,12,500
H91H613384,Debatein,Anticonvulsant,12,150
F10Q878971,Abilitystatin,Immunosuppressant,12,400
Q60T989320,Eachin,MuscleRelaxant,12,120
D78D560561,Mancillin,Vitamin,12,350
D17F158923,Lookol,Antiviral,12,100
T77W598492,Cellzepam,Immunosuppressant,12,95
I40L128936,Opportunityvir,Anticonvulsant,12,400
O61B511912,Mrin,Immunosuppressant,12,50
T88T148064,Specificcillin,Antipsychotic,12,300
U99B277294,Hearzepam,Vaccine,12,600
I45T756022,Provezepam,Antibiotic,12,120
X83A511698,Exactlyol,Immunosuppressant,12,65
U90R576839,Stopol,Analgesic,12,400
C10C33868,Trystatin,Anticoagulant,12,70
N9U83546,Religiouszepam,Immunosuppressant,12,300
U39S388440,Openstatin,Anticonvulsant,12,200
H31D931609,Helpstatin,Antipsychotic,12,250
S30O49101,Playvir,Anticonvulsant,12,300
O50P665076,Greatcillin,Antipyretic,12,650
O91A813231,Firststatin,Antidepressant,12,75
O90T30178,Stopin,Diuretic,12,650
M88K939383,Guessvir,Antipsychotic,12,300
M75C633441,Numbercillin,Antibiotic,12,150
O15N214539,Nextcillin,Diuretic,12,550
U27K687693,Mostcillin,Analgesic,12,70
R43B334818,Internationalzepam,Antipsychotic,12,500
A93V629647,Ourin,Antipyretic,12,75
J69Y276643,Pointcillin,Steroid,12,85
P77O813449,Toughstatin,Respiratory,12,120
R17N985837,Tvin,Anti-inflammatory,12,80
M15A131603,Recentlyol,Steroid,12,250
U33P835199,Americanxone,Antiviral,12,150
C59R890975,Sincevir,MuscleRelaxant,12,350
L55W334973,Maybestatin,Anticoagulant,12,600
O11G560634,Todayin,Antipyretic,12,150
Y36C150718,Appearzepam,Vaccine,12,300
J53D437968,Addresscillin,Vaccine,12,400
F48Z144209,Governmentstatin,Immunosuppressant,12,650
U77X23895,Dealzepam,MuscleRelaxant,12,120
B19W976073,Cutin,Antibiotic,12,100
Y78T856261,Wellxone,Antiviral,12,150
K17J112271,Anythingcillin,Antidepressant,12,150
Z41Q190935,Hearzepam,Anticonvulsant,12,300
W93P689370,Ownzepam,Antiviral,12,110
R56Q145732,Mindxone,Antipyretic,12,550
T5T991096,Hotol,Antiviral,12,400
L82K937805,Amountstatin,Anticonvulsant,12,400
T84Q334266,Floorstatin,Antiviral,12,550
P13I304070,Himvir,Antibiotic,12,400
Z35Z194641,Sourcexone,Vitamin,12,500
B25N794369,Stuffvir,Antibiotic,12,85
I27Y378516,Naturalxone,Antipsychotic,12,70
H54S47638,Institutionstatin,Antifungal,12,90
J0X240000,Resourcexone,Respiratory,12,300
H3Z406784,Executiveol,Immunosuppressant,12,95
O19E105571,Defensezepam,MuscleRelaxant,12,250
H74K844810,Sciencestatin,Antihypertensive,12,75
P35P964949,Whyvir,Antihypertensive,12,115
O74G17630,Onlyzepam,Anti-inflammatory,12,250
W33R390627,Sportxone,Vitamin,12,85
I70B610997,Worryin,Anti-inflammatory,12,300
N89Z798398,Husbandzepam,Cardiovascular,12,250
N98H918395,Managein,Diuretic,12,150
J47J601016,Meetvir,Anticonvulsant,12,250
Z72H515338,Givevir,MuscleRelaxant,12,250
X48C136263,Whethercillin,Analgesic,12,300
S0X499169,Institutioncillin,Analgesic,12,60
G95P160015,Herselfxone,Antihistamine,12,400
T27D994594,Meetingin,Antibiotic,12,115
M39K519705,Todayxone,Antibiotic,12,500
X9T498644,Roomol,Antipsychotic,12,350
T25N666139,Localvir,Antibiotic,12,55
I17P367326,Lookin,Cardiovascular,12,105
J57T733237,Airol,Antipyretic,12,70
R86Q408158,Naturexone,Antibiotic,12,70
U20Y618288,Standardxone,Vitamin,12,115
F6H42302,Lowin,Respiratory,12,115
M76D415681,Peoplestatin,Antiviral,12,65
R63C773961,Tool,Cardiovascular,12,200
Y92O739597,Trialvir,Respiratory,12,90
M15L568150,Preparexone,Antibiotic,12,600
P63A139126,Simplyzepam,Antibiotic,12,600
A34H277251,Brotherol,Antihistamine,12,110
A27K425479,Recentlycillin,MuscleRelaxant,12,650
I76M853773,Productionstatin,Antipyretic,12,150
O57L407083,Mystatin,Vitamin,12,90
N88R747133,Barxone,Antifungal,12,550
R25B735081,Bodystatin,Vaccine,12,80
I94M226884,Namezepam,Analgesic,12,200
D80I176177,Centerin,Antidepressant,12,200
F62I775447,Wayvir,Antihistamine,12,300
A54W926701,Skinvir,Analgesic,12,450
L71Q265307,Traditionalcillin,Antibiotic,12,300
I86P834499,Troubleol,Respiratory,12,650
U68C122224,Theoryvir,Antifungal,12,85
H36X265023,Eyecillin,Immunosuppressant,12,550
E31G74155,Computervir,Anticoagulant,12,400
R13X643382,Accordingzepam,Diuretic,12,450
W60F36527,Debateol,Antifungal,12,300
I74Q756044,Lowzepam,Steroid,12,600
X70P146090,Protectstatin,Antibiotic,12,600
X74N753455,Planol,Antibiotic,12,85
C57X596019,Eachzepam,Cardiovascular,12,120
A86W282714,Developcillin,Cardiovascular,12,300
R25D620358,Interestvir,MuscleRelaxant,12,500
U26J730009,Anothervir,Analgesic,12,550
Q94U486502,Bigzepam,Antiviral,12,450
E30V966977,Officerstatin,Antipyretic,12,350
Y66A410642,Improvevir,Immunosuppressant,12,100
Q34I602090,Openvir,Cardiovascular,12,500
D36B473006,Withoutzepam,Antipsychotic,12,45
T46Y379755,Positioncillin,Antipsychotic,12,200
A12D378522,Headcillin,Anticoagulant,12,400
T86F40113,Keystatin,Anticoagulant,12,150
M69O89149,Partin,Vaccine,12,550
N67D315017,Wearcillin,Vitamin,12,500
E30I202767,Explainol,Antifungal,12,300
C59Q923124,Capitalstatin,MuscleRelaxant,12,75
L37U151247,Hospitalcillin,Antipyretic,12,250
R76I981578,Interestvir,Antibiotic,12,105
N71I929258,Ownerin,Anti-inflammatory,12,600
Z87D959699,Allxone,Antipsychotic,12,60
W67M682962,Finishin,Vaccine,12,95
K27E394077,Managerzepam,Steroid,12,450
B50A548717,Expertzepam,Vaccine,12,90
H12I289891,Fightol,Vitamin,12,55
T95M60985,Howeverxone,Antibiotic,12,300
K56K662406,Agreementcillin,Antipyretic,12,80
Q75N365552,Herstatin,Cardiovascular,12,95
E45F561471,Finein,Antihypertensive,12,90
A26B517455,Beyondcillin,Immunosuppressant,12,300
V4K256160,Particularzepam,Antipsychotic,12,120
H66Y655932,Stagestatin,Anti-inflammatory,12,400
X17L435984,Wezepam,Analgesic,12,200
X21J100580,Recentlyxone,MuscleRelaxant,12,550
Z95T207931,Seemvir,Antibiotic,12,650
D16R133304,Schoolvir,Diuretic,12,140
D89E802803,Bodyol,Steroid,12,95
J29S468500,Realizezepam,Antiviral,12,80
R59J449348,Butin,Antidepressant,12,300
D3C593592,Medicalin,Diuretic,12,350
F62B390128,Claimvir,Steroid,12,50
P32U823012,Structurein,Antipyretic,12,145
W12P18066,Sincevir,Antibiotic,12,300
Q5C571979,Teamvir,Anticonvulsant,12,200
B24Q713487,Anyoneol,Immunosuppressant,12,650
L26M771878,Yourzepam,Antibiotic,12,70
X97H942707,Societyvir,Vitamin,12,650
P45B157148,Businessstatin,Vitamin,12,120
S27Z965367,Enjoyvir,Anti-inflammatory,12,450
U46G833630,Establishvir,Cardiovascular,12,100
R49H862073,Nearlycillin,Diuretic,12,85
H54T579459,Identifyol,Antibiotic,12,95
Q48Y82242,Establishvir,Anticoagulant,12,115
G60J598705,Skincillin,Steroid,12,70
N68F954220,Laughstatin,Analgesic,12,650
V9S503064,Windowstatin,Antibiotic,12,85
Z32Q510074,Publicstatin,Vaccine,12,100
Y78B69783,Mediaxone,Antipsychotic,12,95
P20C280280,Warcillin,Antiviral,12,60
V33P82684,Continuexone,Antipyretic,12,90
I19S573049,Maintainvir,Antihistamine,12,300
S9Y690575,Yetzepam,Antiviral,12,65
Z55P221613,Attackin,Anti-inflammatory,12,350
G38J805961,Mouthstatin,Steroid,12,60
R73C216467,Patternzepam,Respiratory,12,50
W8B666425,Agreecillin,Vaccine,12,300
T40H630219,Simplevir,Immunosuppressant,12,75
M33J232737,Totalzepam,Anticoagulant,12,70
B19E281058,Foreigncillin,Respiratory,12,550
I89O771988,Otherszepam,Antihistamine,12,95
K47L621526,Itsol,Respiratory,12,75
Q37F379726,Whencillin,Anticonvulsant,12,90
O84F686636,Claimzepam,Antipyretic,12,600
D26S730157,Perzepam,Immunosuppressant,12,400
H93O563450,Memoryvir,Antibiotic,12,400
D32Q694341,Companyol,Antipyretic,12,60
Z64P48823,Threeol,Diuretic,12,200
H50O984172,Possiblestatin,Antiviral,12,95
K64V952091,Boardvir,Steroid,12,90
S67W574066,Theyvir,Analgesic,12,65
V38F505834,Nightin,Antiviral,12,400
N59V76285,Attackin,MuscleRelaxant,12,650
T84P974330,Itsin,Antihypertensive,12,600
A91K199484,Pushvir,Steroid,12,350
V61B825002,Keepzepam,Anti-inflammatory,12,60
N47G330965,Managercillin,Analgesic,12,95
L2F563889,Notezepam,Vitamin,12,300
J85U162141,Whatxone,Antihypertensive,12,55
A92O391662,Developin,Antihistamine,12,110
B15M942800,Resourcevir,Analgesic,12,150
G80C119907,Voicein,Anticoagulant,12,115
K82M322416,Citizencillin,Antihistamine,12,60
G42I585587,Startxone,Antiviral,12,95
L89J989209,Sportol,Vitamin,12,300
E42T803530,Followxone,Immunosuppressant,12,300
J55K807443,Simplyxone,Antibiotic,12,120
O24I807765,Betterxone,Immunosuppressant,12,200
L69A948533,Thosein,Respiratory,12,75
W77Y669036,Certainstatin,Antibiotic,12,300
T80H861883,Chancein,Antipyretic,12,105
L73F856641,Leaveol,Anti-inflammatory,12,150
L55N294581,Okxone,Vitamin,12,45
Q39K613495,Ownerxone,Steroid,12,350
U43I702960,Althoughvir,Steroid,12,650
C28Y904679,Humanol,Respiratory,12,140
I45V47824,Courtzepam,Vaccine,12,120
N57X514831,Duringstatin,Antihistamine,12,400
X60L153398,Reportzepam,Antiviral,12,90
D2O393472,Sitin,Anticonvulsant,12,95
S67N252620,Situationol,Antibiotic,12,450
X95C581691,Nonein,Immunosuppressant,12,65
K97U904778,Butin,Vaccine,12,300
J82O1673,Acceptol,Anticonvulsant,12,95
C77Q987977,Nationalol,Vaccine,12,65
T44S924597,Stationzepam,Antipsychotic,12,550
W81D447202,Hardxone,Respiratory,12,500
S62I647166,Measureol,Anticoagulant,12,550
J71B902553,Ballol,Anticoagulant,12,55
H68T525948,Shakecillin,Cardiovascular,12,95
C31O259528,Somethingstatin,Respiratory,12,550
H79D85429,Abovein,Anti-inflammatory,12,100
Z56M779713,Ofol,Analgesic,12,450
A74R981487,Variouszepam,Anti-inflammatory,12,110
O27R207924,Highstatin,Antibiotic,12,60
D61U328781,Paststatin,Cardiovascular,12,100
Q99K90777,Dayzepam,Antihypertensive,12,500
Q4E693708,Thatvir,Antidepressant,12,450
N80Z191102,Clearlyxone,Respiratory,12,150
C68V181448,Poorol,Vaccine,12,70
T96B778540,Jobxone,Immunosuppressant,12,60
D81N490651,Againol,Antiviral,12,125
L76V31054,Controlcillin,Antidepressant,12,350
F19P586839,Programol,Immunosuppressant,12,450
N13E383181,Meetingxone,Analgesic,12,300
U95L129087,Actionxone,Antibiotic,12,95
U14V233234,Artzepam,Antifungal,12,400
M30P961182,Serieszepam,Analgesic,12,300
N72K869353,Mouthcillin,Antihistamine,12,500
L36H747348,Causestatin,Anticonvulsant,12,400
F45L336662,Storestatin,Cardiovascular,12,300
U1W69850,Canxone,Anti-inflammatory,12,55
Y44V820386,Usein,Diuretic,12,50
S7Z342625,Actol,Diuretic,12,95
L88J100232,Peacexone,Antidepressant,12,300
Q49Y933699,Protectin,Anti-inflammatory,12,120
Z33W710952,Hotxone,Anticonvulsant,12,150
W49P464435,Developmentcillin,Steroid,12,100
R47X433495,Believein,Vitamin,12,75
I99T359965,Spendxone,Steroid,12,75
S87P768939,Shoulderin,Vaccine,12,85
T83W689283,Participantxone,Cardiovascular,12,300
L33Z523944,Breakcillin,Respiratory,12,200
L6H469026,Surfacein,MuscleRelaxant,12,600
Y17T378884,Keycillin,Diuretic,12,70
A14Z274932,Anythingstatin,Anti-inflammatory,12,150
Z55R248720,Teamol,Vaccine,12,250
T94L869439,Somezepam,Vaccine,12,55
M65Z27514,Wantin,Immunosuppressant,12,80
M12V373722,Projectzepam,Analgesic,12,600
I16A718292,Toughin,Steroid,12,90
C51L601699,Restol,Vaccine,12,200
I80L96233,Employeestatin,Anticoagulant,12,450
Y10H100718,Givein,Antihypertensive,12,85
T35N323078,Hein,Vaccine,12,600
G34R956590,Concernvir,Vaccine,12,600
B97E244783,Beautifulzepam,Antifungal,12,500
F4R187074,Stopvir,Diuretic,12,120
P65Y631507,Momentxone,Antiviral,12,200
Q88H305670,Understandvir,Antifungal,12,70
I90O222962,Awayvir,Analgesic,12,450
Y0R830486,Wrongzepam,Anticonvulsant,12,115
X84T139444,Basevir,Antibiotic,12,250
S64S131995,Cardzepam,Antibiotic,12,90
B67R64374,Thirdvir,Antipsychotic,12,105
K58Z491015,Missionol,Antipyretic,12,75
A13A29023,Characterxone,Antibiotic,12,100
Y97Z482308,Scientiststatin,Antipyretic,12,600
D50Z722852,Citizenxone,Antidepressant,12,115
B87O936386,Careerxone,Respiratory,12,300
O58B444781,Marketin,Diuretic,12,650
J44G934740,Peoplezepam,Vitamin,12,300
D15U644174,Fallzepam,Antidepressant,12,55
D64H292312,Producevir,Steroid,12,115
L76R59280,Changestatin,Antifungal,12,150
H10X414187,Requireol,Analgesic,12,200
L60C445991,Ballxone,Antibiotic,12,120
L8V914422,Behindcillin,Vaccine,12,100
N81B180183,Seekvir,Antiviral,12,150
F97G439443,Thinkin,Antidepressant,12,120
K70R123909,Individualxone,Vaccine,12,300
S17Y650417,Personcillin,Diuretic,12,90
X75O594323,Collectionstatin,Anticonvulsant,12,500
P61R499492,Evenol,Antihypertensive,12,250
O30F606366,Coursestatin,MuscleRelaxant,12,80
R80N257893,Staffzepam,Antihistamine,12,200
V21I119765,Tonightvir,Antipsychotic,12,75
B61P643537,Situationcillin,Antiviral,12,95
I67Q459133,Hercillin,Antipsychotic,12,250
N46K732425,Pastvir,Anticonvulsant,12,450
I11B462629,Addxone,Anticoagulant,12,500
N19A172672,Discussionvir,Steroid,12,450
L4B622626,Mustin,Anticonvulsant,12,150
Y84Q386729,Surein,Anticonvulsant,12,300
Z10Q413792,Takexone,Cardiovascular,12,300
R48L661397,Morezepam,Antipsychotic,12,60
U97T217340,Buildingzepam,Antihypertensive,12,400
I41J934843,Callcillin,Vitamin,12,300
Y5G452024,Stillxone,Diuretic,12,60
G9S439513,Recentin,Respiratory,12,150
A1V574743,Expectstatin,Immunosuppressant,12,150
B74H604708,Outcillin,Anticonvulsant,12,300
K41N218494,Avoidstatin,Cardiovascular,12,65
S68B150712,Beforein,Analgesic,12,600
X30W24655,Betweenstatin,Anticonvulsant,12,600
U54J103969,Onvir,Antipyretic,12,650
X47V710664,Finalvir,Respiratory,12,60
F53B799062,Recentin,Vitamin,12,650
X99D141023,Learnvir,Diuretic,12,450
M65Y596683,Musiczepam,Diuretic,12,300
R40M259649,Attentionvir,Antibiotic,12,300
L15T662997,Operationxone,Diuretic,12,65
V70F395259,Mightol,Vaccine,12,80
Y5Y176669,Quicklyvir,Respiratory,12,105
T0C509216,Ratherol,Immunosuppressant,12,250
N96X8779,Addcillin,Cardiovascular,12,105
U31O528599,Entirexone,Anticoagulant,12,100
Y15U702979,Southernzepam,Immunosuppressant,12,150
S36Q303218,Nowol,Vitamin,12,95
S98Y179144,Measurestatin,Cardiovascular,12,450
F12N159479,Clearxone,Analgesic,12,250
H14M368137,Throwcillin,Diuretic,12,150
J30H177202,Rockol,Vitamin,12,80
D18I961767,Performzepam,Vitamin,12,85
X32L77237,Norol,Anticoagulant,12,75
C73G336955,Democraticvir,Antiviral,12,60
F96O540766,Directioncillin,Antipsychotic,12,300
Y57O116773,Industryol,Cardiovascular,12,130
I66A967661,Everystatin,Anti-inflammatory,12,60
V50W935793,Orderzepam,Antipsychotic,12,250
L55T557283,Turnstatin,Antihypertensive,12,95
Q35J836374,Perzepam,Steroid,12,65
T86T165708,Addressol,MuscleRelaxant,12,650
E62X61207,Evenvir,Diuretic,12,75
S59E480286,Eatin,Antidepressant,12,550
F4K735827,Tradein,Anticoagulant,12,70
U5D108529,Gardenstatin,Antipyretic,12,350
U44J143118,Necessaryol,Antibiotic,12,400
U40D466780,Opportunitycillin,Antibiotic,12,300
U89R951295,Popularcillin,Anti-inflammatory,12,105
S87R152271,Billionin,Anticonvulsant,12,105
W88G167610,Developmentvir,Respiratory,12,650
I68S733373,Storystatin,Antipyretic,12,300
Z3R997341,Meetol,Anticonvulsant,12,70
P22R715165,Ourstatin,Diuretic,12,450
J69U981905,Plantcillin,Anticoagulant,12,250
T59C762433,Subjectstatin,Immunosuppressant,12,125
U47L714394,Perhapsin,Cardiovascular,12,250
I94F578238,Hitvir,Diuretic,12,450
K34C739004,Majorvir,Vitamin,12,115
G83W90132,Sellin,Respiratory,12,120
Z86S214692,Actionxone,MuscleRelaxant,12,300
S30A797018,Walkzepam,Vaccine,12,300
C7U139700,Internationalxone,Vitamin,12,60
X7B51307,Eachol,Antipyretic,12,125
S57A711794,Beautifulvir,Vitamin,12,55
Z50V841560,Oftenxone,Vaccine,12,500
R16M782906,Somestatin,Respiratory,12,105
J0Z568003,Offerol,Vaccine,12,650
Z36R367202,Littlecillin,Vaccine,12,650
X53X539857,Therecillin,Anticonvulsant,12,600
Z4K722250,Sidevir,Cardiovascular,12,200
O95E814797,Accordingzepam,Antifungal,12,120
G91S30305,Thoughxone,Vaccine,12,350
F72X806862,Northstatin,Anti-inflammatory,12,550
G74Z344576,Aroundstatin,MuscleRelaxant,12,300
I52B562585,Threexone,Diuretic,12,110
O42O752116,Thirdol,Analgesic,12,550
L3Y533140,Doctorcillin,Antihypertensive,12,600
L81U957234,Beforexone,Diuretic,12,650
I14U323364,Developmentvir,Antiviral,12,70
O59S767492,Largexone,Cardiovascular,12,65
P30O990227,Positivestatin,Steroid,12,550
R20A26753,Wherevir,Steroid,12,110
Q69Z199652,Positionstatin,Vaccine,12,300
V39M410299,Offerin,MuscleRelaxant,12,130
H55D616715,Laterin,Antidepressant,12,90
Z59U912096,Windvir,Vaccine,12,55
F91X181877,Samezepam,Respiratory,12,200
Q88S156249,Likexone,Anticonvulsant,12,200
O5B816683,Majorcillin,Antihistamine,12,400
N48O10731,Citizenzepam,Antipsychotic,12,300
B62V376423,Surestatin,Cardiovascular,12,450
O83G134111,Messagecillin,Vaccine,12,70
X34O813834,Acceptxone,Anticonvulsant,12,250
T85M874455,Moviezepam,Cardiovascular,12,110
H57J43889,Sidecillin,Anticoagulant,12,85
H40R423675,Cellstatin,Analgesic,12,350
Z52B862056,Singin,Immunosuppressant,12,250
P59K94779,Missxone,Immunosuppressant,12,400
M69H988807,Closevir,Anticoagulant,12,55
D40H387862,Businesscillin,MuscleRelaxant,12,400
E53R996968,Fearxone,Respiratory,12,300
N0J468718,Lightzepam,Analgesic,12,70
N16T739466,Whatevervir,Cardiovascular,12,50
R71A479881,Openvir,Anticonvulsant,12,300
U5O168330,Partxone,Antidepressant,12,80
L7W402085,Eyecillin,Analgesic,12,85
X64A584329,Planstatin,Antidepressant,12,150
K11M678383,Debatevir,Antipyretic,12,60
J82G808592,Believexone,Diuretic,12,80
F2U294017,Endvir,Vaccine,12,400
C97T207086,Neverin,Antibiotic,12,150
V55N463540,Waterstatin,Anticonvulsant,12,100
T58P73425,Schoolvir,Antihypertensive,12,250
A65Q968532,Occurxone,Antipyretic,12,115
D22N890044,Reportcillin,Cardiovascular,12,450
N16G225425,Halfcillin,Analgesic,12,450
P70Q214948,Stepcillin,Anticonvulsant,12,350
T58D932729,Girlstatin,Antipsychotic,12,300
N19V625061,Finalcillin,Vaccine,12,75
F70K460479,Truecillin,Antipsychotic,12,150
T19O824101,Entirein,Respiratory,12,300
G84O48389,Wholestatin,Vaccine,12,80
M50Q275838,Whosezepam,Steroid,12,55
H10G903181,Hotelzepam,Analgesic,12,150
Z8S213300,Footol,Diuretic,12,120
A36Z600516,Becausevir,Immunosuppressant,12,450
Z44E671919,Powerin,MuscleRelaxant,12,350
M43U351197,Crimestatin,Anticoagulant,12,550
J39J113652,Songvir,Antipyretic,12,400
A2W774965,Thoughstatin,Analgesic,12,250
E74M324067,Agreementzepam,Antipyretic,12,300
T91J383729,Somebodystatin,Antibiotic,12,450
P64C813468,Authorityzepam,Diuretic,12,300
B66T766915,Whitevir,Antibiotic,12,550
Y15H980007,Bodyin,Anti-inflammatory,12,200
Z98L788953,Throughoutxone,Antihypertensive,12,150
E64G877649,Checkvir,Antiviral,12,400
I22X283496,Gamecillin,Analgesic,12,50
D23N813936,Dreamzepam,Antipsychotic,12,600
Y92Y846265,Rightstatin,Anticonvulsant,12,450
Q4T766288,Mostvir,Antipsychotic,12,550
V79K524886,Cellin,Analgesic,12,60
U88O951967,Howevercillin,Analgesic,12,75
R83B10791,Includezepam,Immunosuppressant,12,500
W99V539195,Cupcillin,Vitamin,12,350
I79M803098,Followvir,Anti-inflammatory,12,50
S95B580525,Agreementstatin,Diuretic,12,250
H4B129348,Firevir,Antibiotic,12,450
K55Z538550,Developvir,Immunosuppressant,12,250
V83Q381450,Becausestatin,Antihypertensive,12,350
E3X832704,Pagexone,Antibiotic,12,95
O5D922155,Sitstatin,Steroid,12,250
P28Q815151,Personin,Anticonvulsant,12,650
H8R182949,Yourzepam,Diuretic,12,300
G9H691391,Sevenzepam,Antiviral,12,110
K34M990580,Eitherol,Diuretic,12,150
H88S797054,Billionvir,Antiviral,12,350
G91A933048,Somexone,Antipsychotic,12,75
X76D203396,Pickin,Antidepressant,12,200
A86N578365,Analysisxone,Respiratory,12,65
I24J748543,Particularzepam,Antipyretic,12,50
Z9S653213,Avir,Antipsychotic,12,150
D54V418002,Statementvir,Anti-inflammatory,12,400
R70H660557,Topol,Vitamin,12,300
S50N383327,Citystatin,Immunosuppressant,12,60
M47V345916,Hisstatin,Antibiotic,12,50
U25Y473112,Approachcillin,Cardiovascular,12,55
A24X594902,Beginzepam,Immunosuppressant,12,300
H57P895073,Answerstatin,Steroid,12,100
E94J809544,Mentionstatin,Immunosuppressant,12,80
B63P691204,Actuallyzepam,Respiratory,12,550
W97M312350,Westzepam,Analgesic,12,130
Y7E419259,Arguein,Antipsychotic,12,250
M86E680031,Indeedcillin,Antibiotic,12,400
M79P937833,Businessin,Antipyretic,12,100
B1U131082,Addressin,Vitamin,12,650
D11V971623,Phonevir,Anticoagulant,12,550
F49O385916,Articlezepam,Antiviral,12,115
M88B590607,Bodycillin,Immunosuppressant,12,450
Y99J336056,Difficultcillin,Antihypertensive,12,300
D70Y818996,Audiencestatin,Antihistamine,12,200
M7I451990,Poorzepam,Respiratory,12,80
C57B369833,Ownin,Steroid,12,350
O78J986338,Machinezepam,Analgesic,12,400
F5I148939,Anotherstatin,Diuretic,12,115
P79M885216,Bookxone,Antidepressant,12,650
K96R602854,Barol,Antihypertensive,12,125
O66B243547,Severalol,Vaccine,12,250
J47O451174,Defensezepam,Antihypertensive,12,150
L98O598061,Leftvir,Antipsychotic,12,70
M16T619476,Motherxone,Antipsychotic,12,90
M21N966594,Everycillin,Anti-inflammatory,12,250
Y9P320741,Setcillin,Antidepressant,12,250
I61O579871,Tostatin,Antifungal,12,105
Z37G750698,Discussol,MuscleRelaxant,12,650
Q65S589453,Everybodycillin,Vitamin,12,125
P16T306250,Smilein,Antihistamine,12,110
G22S900403,Hopeol,Analgesic,12,450
L95Y839751,Theyxone,Anti-inflammatory,12,85
E66X597039,Spacezepam,Vaccine,12,125
Y50K8500,Protectxone,MuscleRelaxant,12,300
O79X697840,Tencillin,Anticoagulant,12,650
U40C766360,Thoughin,Respiratory,12,55
P62C217737,Oldol,Vaccine,12,450
P23H482565,Teachvir,Anticonvulsant,12,80
V10P243416,Footvir,Anticonvulsant,12,300
M93C722298,Thesecillin,Steroid,12,300
N22D304989,Fivein,Antipsychotic,12,400
O67G753218,Daughterol,Vitamin,12,250
Y72Y201139,Herxone,Steroid,12,550
G46C604343,Summercillin,Antifungal,12,250
K68P593295,Involvecillin,Antihypertensive,12,200
V5F794672,Speakxone,Antifungal,12,115
O99V818727,Religiouszepam,Antifungal,12,250
I81R745190,Relatexone,Respiratory,12,500
B82C299923,Answerol,Antibiotic,12,50
F91O703556,Strongin,Antipsychotic,12,115
J63B656223,Conferencein,Antipyretic,12,120
N34F417685,Paintingxone,Antiviral,12,350
H13R487889,Behaviorstatin,Antiviral,12,300
T95U112305,Usuallyxone,Antipyretic,12,650
P69R828347,Scorexone,Antihistamine,12,550
Y29R538870,Couldol,Analgesic,12,115
I18L234650,Energyvir,Antipyretic,12,115
F48H566013,Centralol,Diuretic,12,450
G94E216777,Nicecillin,Steroid,12,250
T80D329040,Beautifulin,MuscleRelaxant,12,70
P55U271262,Windowvir,Antihistamine,12,650
D15S58832,Sitezepam,Diuretic,12,105
H57Y570798,Bothin,MuscleRelaxant,12,450
Y86I665802,Mightstatin,Antipyretic,12,65
J3G389272,Somevir,Antibiotic,12,550
U31S263867,Itsol,Immunosuppressant,12,80
Y80B963344,Tencillin,Antibiotic,12,145
S42A885295,Eveningcillin,Analgesic,12,400
Q23W738202,Agreementvir,Antihypertensive,12,450
G14N907574,Raisestatin,Analgesic,12,80
I77J215909,Suggestxone,Antipsychotic,12,350
L42S744131,Challengein,Analgesic,12,650
C78N755525,Importantstatin,MuscleRelaxant,12,550
C44B290715,Parentin,Respiratory,12,120
I35L205863,Otherxone,Vaccine,12,250
S32U388516,Seniorin,Antiviral,12,500
Y27B72263,Bigzepam,Antifungal,12,75
A18R182008,Havexone,Antibiotic,12,105
B61H536194,Sixstatin,Antipyretic,12,500
Q45V866548,Boardxone,Anticonvulsant,12,450
X29F102413,Drivestatin,Antipyretic,12,300
S11E69171,Activityol,Anticoagulant,12,65
A62L514892,Performstatin,Anti-inflammatory,12,110
I41U177307,Moreol,Respiratory,12,125
S8S724119,Seavir,Antipsychotic,12,105
F9T619005,Experiencezepam,Antiviral,12,80
T59Z357970,Teamin,Vitamin,12,50
M29M677181,Wordcillin,Antidepressant,12,75
H63M275535,Knowstatin,Steroid,12,115
E26A327945,Noin,Vaccine,12,550
V8S286062,Coldcillin,Respiratory,12,450
U63E117759,Fatherin,Antifungal,12,550
X53R341358,Addxone,Anticonvulsant,12,70
H16H379454,Yescillin,Antihypertensive,12,75
M56C140596,Nevervir,Respiratory,12,50
G50R833870,Leastxone,Antidepressant,12,115
E9U721929,Ofstatin,Cardiovascular,12,110
K63P381660,Nextzepam,Diuretic,12,55
C45Q116039,Joinvir,Antihistamine,12,55
F0I391032,Environmentalstatin,MuscleRelaxant,12,145
Z7E31010,Pressurestatin,Cardiovascular,12,100
V83W122869,Holdstatin,Antiviral,12,150
B5A677335,Moneyin,Antifungal,12,50
E15M603612,Scientiststatin,Antihistamine,12,650
G53Q927241,Fillstatin,Antidepressant,12,300
Y2I63721,Piececillin,Immunosuppressant,12,350
P75M265867,Womancillin,Antipyretic,12,85
P11A791650,Paststatin,Antibiotic,12,100
B88D584083,Imaginexone,Anticonvulsant,12,60
U94E621792,Theoryin,Vitamin,12,60
U16K802712,Fourvir,Antihypertensive,12,65
L87I993992,Strongin,Antidepressant,12,250
X18N80443,Popularzepam,Anticonvulsant,12,115
L24C617865,Happenzepam,Antifungal,12,55
J62V306827,Theorystatin,Diuretic,12,350
A33U236214,Revealcillin,Antibiotic,12,250
S64D127726,Trystatin,Anticonvulsant,12,200
Q99Y43966,Everyonevir,Antihypertensive,12,400
Z93G424325,Buildxone,Antipsychotic,12,400
A41Y653023,Managementcillin,Antiviral,12,120
L57X781696,Drugstatin,Antihistamine,12,70
Y82I544024,Sectionzepam,Cardiovascular,12,80
Y55H170390,Shouldin,Immunosuppressant,12,75
P13Q727894,Trycillin,Respiratory,12,450
Y40M146052,Opportunitycillin,Antihistamine,12,300
F88Q578371,Expertzepam,Vitamin,12,150
F27R950325,Purposein,Analgesic,12,600
D85J197680,Firstcillin,MuscleRelaxant,12,50
V80A142395,Goalvir,Vitamin,12,250
J20V199529,Administrationin,Antipsychotic,12,100
X25S57960,Playstatin,Diuretic,12,75
R24J269974,Troublevir,Cardiovascular,12,450
Y99D202254,Riskcillin,Antiviral,12,90
M13Y419312,Representin,Respiratory,12,250
C47K371673,Kitchenstatin,Antibiotic,12,150
Q61Q401183,Feelzepam,Cardiovascular,12,300
N60J403770,Carestatin,Cardiovascular,12,115
P90D607112,Istatin,Respiratory,12,500
L40B955126,Downvir,Steroid,12,650
E67T601470,Bornxone,MuscleRelaxant,12,450
R64A520993,Projectin,Anti-inflammatory,12,105
V65K206135,Opportunityvir,Antidepressant,12,150
W49X675089,Choicestatin,Diuretic,12,550
D54P249048,Studyol,Anti-inflammatory,12,70
Q87G58814,Bedstatin,Antibiotic,12,105
U38R703487,Generalvir,Anti-inflammatory,12,450
V11G680844,Sortol,Anticonvulsant,12,110
X99Z560649,Mediaol,Antiviral,12,95
P57B612250,Knowledgein,Cardiovascular,12,55
B9W649359,Townin,Antiviral,12,200
C17X714103,Shouldcillin,Analgesic,12,250
N12V228737,Safezepam,Anticoagulant,12,65
S4Y463698,Todayvir,Vitamin,12,115
G55P519384,Addressstatin,Respiratory,12,400
H37O355638,Mycillin,Respiratory,12,120
P82S671244,Movieol,Vaccine,12,400
I4W146495,Difficultol,Antipyretic,12,65
V89B787218,Behaviorin,Anticoagulant,12,200
A45Q948526,Mouthcillin,Antipyretic,12,250
L1Y602779,Dreamol,Antifungal,12,85
A22A712020,Productionxone,Diuretic,12,550
S46Z205131,Chancezepam,Antibiotic,12,80
Q82U455129,Americanstatin,Antipyretic,12,90
V27Z998395,Brotherin,Analgesic,12,80
K88S521104,Storyin,Analgesic,12,120
J37N236140,Factorol,Cardiovascular,12,300
G17P84221,Presidentol,Steroid,12,90
X18P102068,Smilecillin,Anticonvulsant,12,250
H58Q288077,Whetherzepam,Antipsychotic,12,110
H89X783344,Approachxone,Antihypertensive,12,400
S24I167311,Todaystatin,MuscleRelaxant,12,300
N42I165122,Impactcillin,Antihistamine,12,400
Z29A939205,Successfulvir,Steroid,12,95
H42Q766373,Fillxone,Antipyretic,12,50
J17Z102412,Fatherstatin,Steroid,12,70
X89Z243003,Developstatin,Antipyretic,12,115
E91G456048,Throwzepam,Antipsychotic,12,450
T33D270318,Returnol,Respiratory,12,150
Z59B129849,Movementstatin,Antiviral,12,150
F28L890624,Degreecillin,Anti-inflammatory,12,200
T23R372452,Happenin,Anticonvulsant,12,120
C10H28285,Performancestatin,Antifungal,12,300
J64S34814,Aheadol,Analgesic,12,200
E61D531805,Classin,Vaccine,12,550
Q37Q673402,Fiveol,Antibiotic,12,500
D55S162029,Protectcillin,Immunosuppressant,12,300
T52Z215987,Clearlyxone,Immunosuppressant,12,350
U54S716081,Nonestatin,Respiratory,12,300
M85A719498,Seriesin,MuscleRelaxant,12,550
M94K569921,Chairzepam,Antidepressant,12,250
A39E597814,Beatin,Vaccine,12,115
P87C732646,Drawzepam,Steroid,12,100
C63N280683,Thoughtstatin,Antihistamine,12,110
X21K910072,Improvecillin,Anticonvulsant,12,60
N93E62920,Bigzepam,Anticoagulant,12,650
S14P914440,Generationzepam,Immunosuppressant,12,350
T96K652971,Dealstatin,Antiviral,12,500
F53D68004,Studycillin,Vaccine,12,80
P38L663549,Buildol,Steroid,12,250
X60W443943,Admitstatin,MuscleRelaxant,12,65
Z63V843316,Officecillin,Vaccine,12,110
P93J102985,Listenin,Antipyretic,12,150
S66E627689,Variouszepam,Antipsychotic,12,400
I24U145143,Everythingstatin,Anticoagulant,12,350
C96W447503,Questionol,Antipyretic,12,150
J32Z886809,Wevir,Antibiotic,12,150
W76J541028,Fundol,Antipyretic,12,650
N65Y625557,Hourxone,Antidepressant,12,70
U85W992349,Centralzepam,Antibiotic,12,550
G49U77145,Occurin,Antidepressant,12,55
S16W64061,Centervir,Vitamin,12,250
A79F480639,Majorityxone,Anticoagulant,12,70
L50U169976,Tendxone,Cardiovascular,12,300
U38M290766,Hundredcillin,Antipyretic,12,85
E60W782574,Othersxone,Antifungal,12,300
U25R724990,Overvir,Antifungal,12,300
R36K901100,Signin,Antihypertensive,12,70
L74A26591,Groundstatin,Steroid,12,50
P64C267752,Interviewzepam,Antiviral,12,105
W45E302185,Pushcillin,Antibiotic,12,105
F13V200996,Discusszepam,Antifungal,12,150
L38A308353,Joincillin,Diuretic,12,600
L45H573403,Medicalxone,Diuretic,12,350
D45G926594,Handstatin,Cardiovascular,12,110
J4I521035,Provevir,Vitamin,12,200
W44G575295,Himselfxone,Antihistamine,12,200
A55O592898,Waitzepam,Immunosuppressant,12,80
J12L556499,Armzepam,Antipyretic,12,100
V76B580625,Meetol,Cardiovascular,12,600
V37G776329,Popularxone,Antidepressant,12,70
K80Q806086,Makezepam,Antipsychotic,12,400
E62B610293,Speakxone,Steroid,12,110
Z52R12129,Losestatin,Antiviral,12,80
U95Y904693,Environmentcillin,Cardiovascular,12,75
H25V830853,Interestingin,Respiratory,12,85
R18V652955,Easycillin,Antipyretic,12,50
V82W668860,Discussionol,Anticoagulant,12,105
F12Q523699,Bluexone,MuscleRelaxant,12,90
E68E797098,Representin,Respiratory,12,600
D12Q934501,Toughcillin,Anticonvulsant,12,200
N25C88953,Whomol,Antibiotic,12,600
O14G248161,Visitcillin,MuscleRelaxant,12,450
A82O913573,Roomstatin,Antihistamine,12,650
X39O563926,Ideain,Anti-inflammatory,12,50
V38O208602,Artiststatin,MuscleRelaxant,12,105
U40B34759,Partnerin,Anticonvulsant,12,85
Z21F903757,Pushstatin,Anticoagulant,12,600
D70I420779,Detailol,Immunosuppressant,12,95
N18Q567242,Howcillin,Anti-inflammatory,12,250
L14N443610,Richzepam,Steroid,12,85
U55B675868,Movevir,Antihistamine,12,150
K12P342389,Partnerin,Immunosuppressant,12,300
D78O770504,Herselfvir,Anticonvulsant,12,500
W91W599409,Stationxone,Antifungal,12,100
J54B376261,Choosevir,Respiratory,12,550
G76Z765729,Shoulderzepam,Cardiovascular,12,300
R45S69597,Perhapscillin,Cardiovascular,12,50
H42U569203,Pickol,Diuretic,12,65
M33F930241,Assumexone,Antidepressant,12,55
O20I294606,Believecillin,Anticonvulsant,12,500
V33R501000,Identifyxone,MuscleRelaxant,12,90
K84P237013,Localvir,Vaccine,12,250
O83Q54896,Racezepam,Antiviral,12,550
V0N856077,Aboutin,Cardiovascular,12,85
Q71J425840,Commonin,Anti-inflammatory,12,550
R27W975508,Costzepam,MuscleRelaxant,12,135
C85K450806,Seriousxone,Antipsychotic,12,120
L56W973840,Resourceol,MuscleRelaxant,12,100
B27M158441,Addcillin,Diuretic,12,550
L47A728968,Meetcillin,Anticonvulsant,12,500
A24M432582,Differentvir,Antiviral,12,600
R98V406475,Marketxone,Antifungal,12,75
Y99E757976,Seasonxone,Steroid,12,350
I38H586656,Everyonezepam,Antipsychotic,12,300
U87C758693,Behaviorin,Respiratory,12,550
V74D576809,Basevir,Anticoagulant,12,100
N59K106305,Centuryin,Antiviral,12,90
V39P908917,Particularlystatin,Steroid,12,350
Q7S251490,Anotherin,Respiratory,12,150
C31Q911568,Summervir,Immunosuppressant,12,80
V62K457312,Producein,Diuretic,12,70
J21H592636,Closein,Vitamin,12,450
T10D833803,Stagestatin,Anti-inflammatory,12,450
J58P698762,Interestin,Antiviral,12,65
T75W605739,Accordingvir,Antibiotic,12,200
I14A578319,Degreecillin,Antipyretic,12,600
B33K146507,Hugexone,Antipsychotic,12,55
T81C922942,Crimecillin,Anti-inflammatory,12,105
Z9V963007,Childstatin,Immunosuppressant,12,115
Z94S127802,Filmstatin,Vaccine,12,115
E42I438896,Meetvir,Vitamin,12,200
K2H401636,Establishol,Anticonvulsant,12,400
K33I501278,Aboutxone,Diuretic,12,100
F17G261486,Latein,Vaccine,12,95
Z4L251913,Badvir,Vaccine,12,95
G63J487981,Servein,Antihistamine,12,500
D18D860252,Agentol,Antiviral,12,600
L45K343580,Expertcillin,Anti-inflammatory,12,90
M88I276434,Mindol,Antiviral,12,120
V55L924221,Tripvir,Analgesic,12,550
W14E588963,Whosevir,Antipyretic,12,70
G79S232311,Itin,Diuretic,12,600
U15K160339,Fromzepam,Antidepressant,12,70
R30Q661098,Ratherxone,Analgesic,12,75
W91P586181,Alwaysin,Immunosuppressant,12,150
P78H978013,Theircillin,Anticonvulsant,12,75
J80X158406,Mrsin,Cardiovascular,12,250
T20O242006,Mindol,Antihistamine,12,70
I3Y511989,Differentin,Antihypertensive,12,105
F68A804659,Imagevir,Antipyretic,12,650
D62U714327,Towardin,Analgesic,12,110
O11Z875462,Reflectvir,Analgesic,12,120
G79F62040,Chanceol,Antibiotic,12,300
G97M35799,Rememberzepam,Antiviral,12,50
Q97B47802,Reachstatin,Antihypertensive,12,75
M56Y935113,Aheadin,Cardiovascular,12,350
U43T680740,Mostol,Anticoagulant,12,115
A78T189174,Informationcillin,Anticonvulsant,12,250
N76G528073,Artiststatin,Antibiotic,12,650
S68F25728,Yourselfol,Immunosuppressant,12,350
Y62G731812,Thoughtstatin,Antibiotic,12,250
V46F610773,Starol,Immunosuppressant,12,500
K5M617873,Addzepam,Cardiovascular,12,450
I85F55420,Youngol,Vaccine,12,110
H82K876139,Growxone,Antihistamine,12,200
X82O832351,Hundredzepam,Antibiotic,12,650
V55Q761323,Hospitalstatin,Steroid,12,200
W59V212041,Stuffxone,Vitamin,12,300
T94T356791,Ourin,Antipyretic,12,650
O83T530831,Becomeol,Antiviral,12,550
R85T296845,Majorityin,MuscleRelaxant,12,200
N4D40734,Farstatin,Analgesic,12,90
A43Q629563,Southernvir,Antibiotic,12,85
H49E565372,Viewcillin,Antibiotic,12,650
T57T607515,Partxone,Antipsychotic,12,250
Q26S569886,Carvir,Steroid,12,100
G9P744255,Girlin,Analgesic,12,500
F53F225468,Revealzepam,MuscleRelaxant,12,100
E5W966908,Spendxone,Antibiotic,12,300
N66X651419,Casecillin,Steroid,12,200
S12E162377,Patternxone,Respiratory,12,450
Z5V761026,Towardzepam,Immunosuppressant,12,95
L22K30108,Wantzepam,Anticonvulsant,12,400
Y76D953976,Okxone,Vaccine,12,50
L9J372176,Patternzepam,Vaccine,12,70
Q31C260580,Dealstatin,Antibiotic,12,65
B20F217597,Seniorcillin,Diuretic,12,550
D6D133906,Frontxone,Vitamin,12,90
N97R460617,Starin,MuscleRelaxant,12,300
J49D597185,Orderin,Antifungal,12,60
V28M633562,Poorstatin,Antibiotic,12,550
R54S73274,Singvir,Anticonvulsant,12,110
L95G766563,Provevir,Antihypertensive,12,105
D90O498388,Maintainin,Respiratory,12,400
G81Y774984,Nearol,Antipyretic,12,100
R93S241364,Preparezepam,Anticonvulsant,12,550
O99F666284,Eitherin,Antiviral,12,70
Y56C506110,Yearstatin,Antifungal,12,110
H77Z176222,Howevervir,Anti-inflammatory,12,90
Q2F446767,Timezepam,Antipyretic,12,500
G74L197891,Speechin,Antifungal,12,85
C52J455135,Presidentzepam,Analgesic,12,300
N66Z260802,Likestatin,Antihistamine,12,250
O9Q74809,Affectstatin,Antihypertensive,12,145
J87W536541,Aheadcillin,Anticoagulant,12,50
O45M917719,Remainstatin,Antiviral,12,400
O33P941081,Greenstatin,Respiratory,12,450
P47Q913077,Occurcillin,Antipyretic,12,110
S42Y562851,Fundstatin,Immunosuppressant,12,650
T14L530069,Fearstatin,Anticonvulsant,12,50
W4G694966,Successfulstatin,Antipyretic,12,400
H10A103720,Oftenstatin,Respiratory,12,600
Z24G38491,Supportin,Antibiotic,12,450
T7K79696,Executiveol,Anti-inflammatory,12,75
Y26O789714,Itsin,Analgesic,12,85
L59B461602,Thesexone,Antipyretic,12,65
D24D764877,Relationshipol,Cardiovascular,12,95
G85Q358994,Writerstatin,Anticoagulant,12,95
Y51R794918,Throughoutxone,Vaccine,12,115
R81Z412098,Perol,Antibiotic,12,75
D90Y471403,Fearvir,Steroid,12,120
W83P750603,Historyol,Cardiovascular,12,450
B43E852630,Listencillin,MuscleRelaxant,12,300
I61Z888487,Footcillin,Antiviral,12,65
I95F690956,Discoverstatin,Steroid,12,75
S67K720154,Whool,MuscleRelaxant,12,95
X98K480283,Seavir,Anti-inflammatory,12,55
B25G353067,Languagexone,Cardiovascular,12,400
S79I845094,Girlxone,Antihypertensive,12,65
V7D963392,Networkxone,Antipsychotic,12,200
L71W942144,Kitchencillin,Diuretic,12,450
P95Y437163,Interestingin,Cardiovascular,12,65
T82U812097,Exactlyxone,Antihistamine,12,55
J62R910745,Pressureol,MuscleRelaxant,12,150
Y7S146421,Goxone,Analgesic,12,650
S67B980704,Purposestatin,Antidepressant,12,250
E76Q486221,Carecillin,Antipsychotic,12,550
T34B946670,Studentcillin,Anticoagulant,12,75
B8H921930,Crimeol,Antipyretic,12,150
J3U819039,Publicol,Antidepressant,12,75
G26A561284,Travelstatin,Anticoagulant,12,450
M76E820629,Kidcillin,Respiratory,12,65
T4P590682,Sellxone,Anticoagulant,12,110
T32W8970,Pointvir,Antipyretic,12,95
C32C860355,Policevir,Immunosuppressant,12,200
M69H340406,Nicexone,Analgesic,12,150
T26L712829,Materialzepam,Diuretic,12,550
R22B246620,Responsein,Respiratory,12,55
A94S457764,Electionxone,Antidepressant,12,650
Z28L639360,Perhapsin,Antidepressant,12,115
K61A230277,Goin,Antipyretic,12,135
O31P841630,Energyxone,Antihypertensive,12,100
N8C428125,Couldvir,Diuretic,12,115
J60F751172,Doctorol,Antihypertensive,12,500
D26U790074,Campaigncillin,Antihypertensive,12,80
X3W97594,Firstin,Antifungal,12,550
C85P344773,Collectionvir,Cardiovascular,12,300
A29E107000,Wifein,Antipyretic,12,200
B97O332313,Knowledgezepam,Immunosuppressant,12,250
I14Z72355,Husbandin,Analgesic,12,300
S9U771598,Presentzepam,Analgesic,12,100
H3Z626165,Offerstatin,Anticonvulsant,12,105
S13B714593,Suffervir,Antipsychotic,12,55
Q73U590042,Muchin,Antipsychotic,12,115
O75U931207,Environmentalol,Cardiovascular,12,105
T30U425385,Directorstatin,Antihypertensive,12,450
B65B284922,Enoughstatin,Immunosuppressant,12,70
R80H485696,Foreignstatin,Analgesic,12,550
G2W872779,Yetxone,Anticonvulsant,12,80
G57K723327,Testol,Antidepressant,12,50
U36Y186720,Skinxone,Antibiotic,12,115
B57A477923,Girlzepam,Antipyretic,12,250
R97O675731,Matterxone,Vitamin,12,85
O3B869528,Listol,Anti-inflammatory,12,115
L75N16251,Northstatin,Antihistamine,12,115
S66N909493,Thoseol,Antihistamine,12,450
Z45P556654,Upin,Vaccine,12,300
Q17L526352,Checkin,Antihypertensive,12,400
A96R468181,Groundxone,Steroid,12,300
U98N341005,Dayin,Anti-inflammatory,12,550
W27R760227,Seestatin,Antiviral,12,200
I61W857738,Containol,Antiviral,12,150
M61P879655,Friendzepam,Antipsychotic,12,55
C85O939172,Gunin,Antidepressant,12,500
K10B567160,Learnol,Anticonvulsant,12,550
X20U312853,Sayvir,Immunosuppressant,12,100
U23N388714,Responsevir,Cardiovascular,12,55
W99W685677,Appearcillin,Antipsychotic,12,85
M73S688556,Publicvir,Immunosuppressant,12,200
Q96U918690,Suddenlystatin,Vaccine,12,150
D22I151531,Lessol,Diuretic,12,60
I61S853147,Wonderstatin,MuscleRelaxant,12,120
N2E692453,Noticecillin,Antihistamine,12,70
Y85I349975,Thinkzepam,Immunosuppressant,12,75
D12R952757,Cityvir,Vitamin,12,600
F88K730918,Typexone,Respiratory,12,110
R67A819584,Theirzepam,Vaccine,12,550
T22Y389487,Abovestatin,Anticonvulsant,12,70
N56B663052,Recognizein,Antipyretic,12,100
X15O812616,Bothvir,Antipyretic,12,90
F29L307269,Halfzepam,Anticoagulant,12,120
Y96W585557,Nonecillin,Antipyretic,12,150
L68M844237,Buildingzepam,Vitamin,12,65
T85B26461,Chairol,Respiratory,12,85
X22Q257117,Monthin,Antiviral,12,50
J7Q887052,Linein,Anticonvulsant,12,500
X5Z869899,Servestatin,Vaccine,12,65
A11X252783,Fatherxone,Vitamin,12,650
V9C81824,Gamestatin,Analgesic,12,115
A28B571343,Figurecillin,Antihistamine,12,60
Q56T945286,Fullol,Immunosuppressant,12,75
G15U482907,Democratol,Vitamin,12,90
P16O59982,Openstatin,Anti-inflammatory,12,115
H20H82543,Highstatin,Steroid,12,65
F42Y572674,Mainzepam,MuscleRelaxant,12,80
Q39X44275,Seemstatin,Analgesic,12,450
V86T183695,Todayzepam,Anticonvulsant,12,350
T97E404981,Travelzepam,MuscleRelaxant,12,650
F94E922782,Springol,Diuretic,12,500
B71I797578,Planstatin,Diuretic,12,50
W45X325967,Quicklyvir,Antifungal,12,75
K38S676802,Callin,Anticonvulsant,12,85
S73B98245,Managementin,Antipsychotic,12,75
J54O983635,Performanceol,Anticoagulant,12,350
A18M694725,Happyvir,Respiratory,12,500
W60I352342,Singleol,Cardiovascular,12,550
I44R740184,Safein,Antipsychotic,12,85
K80Y784578,Formervir,Antihistamine,12,300
Q45J382491,Stayin,Respiratory,12,300
X92M386607,Eightol,Antipsychotic,12,500
G13H31271,Campaignol,Antibiotic,12,300
I4X290125,Leavecillin,Anticoagulant,12,250
K8Y344100,Endxone,MuscleRelaxant,12,100
R52C721120,Deepstatin,Vitamin,12,55
W70B919,Thousandzepam,MuscleRelaxant,12,50
K49Q724326,Babyin,Anti-inflammatory,12,600
X93R691365,Similarxone,Antidepressant,12,650
X98N980185,Workerxone,Anticoagulant,12,120
F53Y423377,Skillstatin,Analgesic,12,110
M76I248334,Followvir,Antihistamine,12,80
N1R656747,Sincezepam,Anticonvulsant,12,55
I56E81046,Explainvir,MuscleRelaxant,12,600
F61V615006,Eatzepam,Antidepressant,12,650
I60D795432,Finallystatin,Cardiovascular,12,500
G50D343025,Flystatin,Vaccine,12,600
G86F426346,Whatin,MuscleRelaxant,12,200
Q78A397376,Secondstatin,Antibiotic,12,95
X93F246994,Decidestatin,Antifungal,12,75
M43O590092,Meetzepam,Vitamin,12,400
A1B650742,Readyin,Diuretic,12,105
I73Y487312,Offerxone,Anticonvulsant,12,400
B42P548060,Optionxone,Antihypertensive,12,350
I6Z365805,Courseol,Anticonvulsant,12,650
A3B838513,Managevir,Anticoagulant,12,60
Z11O266413,Memoryin,MuscleRelaxant,12,65
E45O179055,Budgetzepam,Anticonvulsant,12,600
I68H906687,Instatin,Diuretic,12,125
Q10I943425,Greatvir,Steroid,12,60
D77P471642,Homexone,Diuretic,12,115
H9A560097,Viewxone,Steroid,12,50
Z2Y545721,Questionol,Anticonvulsant,12,115
Z75X702407,Classol,Antipsychotic,12,60
R4E577696,Whostatin,Anti-inflammatory,12,300
F33K757934,Theircillin,Antihistamine,12,150
R10G458539,Blackzepam,Vaccine,12,300
N19C419471,Standardstatin,Antibiotic,12,105
B16Y539102,Whateverin,Antifungal,12,45
E52S87006,Approachstatin,Diuretic,12,250
E69Y176672,Yourcillin,Antipyretic,12,350
U25H122352,Healthol,Anticoagulant,12,550
D8I232176,Foreignxone,Antihypertensive,12,80
H54D352840,Drivezepam,Antipsychotic,12,105
D8C811072,Wantcillin,Cardiovascular,12,300
M91U675709,Quicklystatin,Antihistamine,12,600
M45K959664,Worldin,Respiratory,12,250
W79T422805,Darkstatin,Cardiovascular,12,120
N62Y349598,Sortzepam,MuscleRelaxant,12,150
P62K67740,Intereststatin,Vitamin,12,55
D49A575484,Millioncillin,MuscleRelaxant,12,70
J26K293074,Thankcillin,Antidepressant,12,650
H95N551647,Meetzepam,Anti-inflammatory,12,110
T93U29920,Lifecillin,Analgesic,12,95
D64N902212,Againstxone,Respiratory,12,70
K32X43539,Treezepam,Analgesic,12,105
R18N674138,Economystatin,Vitamin,12,400
M48W75726,Discussin,Vaccine,12,550
B30E167332,Naturalvir,Antiviral,12,145
G95X179343,Startzepam,Vaccine,12,350
D3N30104,Propertyxone,Diuretic,12,650
N39B914351,Prettyol,Antihistamine,12,650
B88F200474,Interviewstatin,Immunosuppressant,12,65
K25K470137,Partnerin,Antipsychotic,12,200
Z55R651779,Cutin,Antipsychotic,12,550
N78K791534,Establishstatin,Antihypertensive,12,500
Y65X217882,Husbandzepam,MuscleRelaxant,12,300
Q28V242460,Middlestatin,Anticonvulsant,12,550
E68A135282,Holdcillin,Antidepressant,12,500
P63P494636,Leftcillin,Immunosuppressant,12,350
B29J533931,Momentvir,Analgesic,12,650
H77L671581,Recentlyzepam,Steroid,12,450
F39V731388,Seaxone,Anticonvulsant,12,500
U64D44648,Handol,Vitamin,12,300
C77I84860,Verystatin,Antifungal,12,250
U59S185315,Papercillin,Antifungal,12,400
P16Y173871,Provecillin,Immunosuppressant,12,450
S2L192297,Communityol,Antipsychotic,12,90
J86F71451,Certainlystatin,Immunosuppressant,12,65
Q31L444849,Onein,Antipsychotic,12,150
A53D239298,Involvecillin,Antiviral,12,200
Q52E891027,Publicvir,Antidepressant,12,550
Q69O250085,Icillin,Analgesic,12,120
T0D579190,Raisexone,Diuretic,12,300
U73Y335209,Wonderin,Vitamin,12,135
T56P823713,Areain,Steroid,12,600
B24P347217,Nearvir,Diuretic,12,300
E29J174638,Duringstatin,Antihistamine,12,100
W60B478302,Stillzepam,Anticoagulant,12,75
F73C379346,Defensein,Antihistamine,12,550
L2F633687,Glassxone,Antipsychotic,12,90
O98G432316,Agreein,Antihypertensive,12,95
E32Y596555,Muchcillin,Antihistamine,12,90
T44W919170,Responsecillin,Respiratory,12,120
V80T998708,Involvexone,Antifungal,12,400
O99X683982,Accountzepam,Antipsychotic,12,60
J71C978865,Unitin,Antifungal,12,60
L79V341650,Longzepam,Diuretic,12,450
R14X677373,Reasonzepam,Antibiotic,12,50
X27D802827,Catchin,Antiviral,12,105
H28O56624,Placecillin,Respiratory,12,450
Y1L907907,Sceneol,Anticoagulant,12,110
O87G375475,Gardenxone,Antihypertensive,12,650
W89F109063,Withxone,Anticonvulsant,12,300
J69W930881,Overstatin,Immunosuppressant,12,50
Q55I73114,Marriageol,Antipyretic,12,50
B5Z469074,Forcein,MuscleRelaxant,12,450
V40P897669,Campaignxone,Cardiovascular,12,550
D54G883915,Walkcillin,Steroid,12,200
D4F942400,Againstcillin,Immunosuppressant,12,500
G67O857542,Indeedvir,Anti-inflammatory,12,250
E90L458007,Drivein,Cardiovascular,12,150
T76N620690,Easystatin,Anticonvulsant,12,70
F81O902583,Useol,Antibiotic,12,150
G68T123912,Wouldstatin,Antidepressant,12,200
X34M166254,Greatstatin,Steroid,12,550
K26I280459,Audiencecillin,Antipsychotic,12,200
V89A76511,Sonin,Antidepressant,12,300
X62A4041,Middlein,Anti-inflammatory,12,105
M69D671146,Explainin,Vitamin,12,600
R52F982894,Impactzepam,Vaccine,12,300
L48X64395,Freezepam,Vitamin,12,300
A78S752595,Wouldstatin,Antipsychotic,12,60
M6K544429,Networkstatin,Anticoagulant,12,140
C9K204418,Ratherzepam,Anticonvulsant,12,150
P90I558365,Followxone,Antihistamine,12,250
S65U373071,Suchcillin,Antidepressant,12,650
K64V254219,Needvir,Steroid,12,120
F46A870358,Bothvir,Antibiotic,12,300
B60A118794,Bitcillin,Antidepressant,12,60
F31X54520,Makecillin,Antidepressant,12,250
U35B343575,Statezepam,Antipyretic,12,65
G55H125443,Doctorcillin,Antihypertensive,12,400
N55I600042,Facevir,Cardiovascular,12,70
Z93M315674,Casezepam,Vaccine,12,300
V18T754701,Smilecillin,Vaccine,12,500
E92N833551,Clearlyzepam,Cardiovascular,12,90
L90G742773,Elsevir,MuscleRelaxant,12,110
D0F262072,Campaigncillin,Antiviral,12,550
M64Q296839,Actioncillin,Antibiotic,12,80
B13T455720,Happyzepam,Analgesic,12,60
Q5V888425,Despitexone,Anticoagulant,12,350
F87G408338,Atxone,Antidepressant,12,300
E67N632131,Intool,Immunosuppressant,12,115
Y18H150820,Presidentcillin,Respiratory,12,110
D16D154523,Doorzepam,MuscleRelaxant,12,110
Q1W753912,Significantvir,Respiratory,12,450
H4C196401,Footvir,Anticoagulant,12,650
J70K62736,Brothercillin,Immunosuppressant,12,150
H57J737958,Nationxone,Antidepressant,12,50
K7T705954,Stockin,Vaccine,12,250
Q84M958078,Greencillin,Antibiotic,12,300
W84F375079,Attackstatin,Vitamin,12,150
G50V963586,Carecillin,Antihistamine,12,300
Z48T306181,Culturalzepam,Diuretic,12,125
J73H549318,Executivezepam,Antihistamine,12,400
U12I703543,Professionalcillin,Diuretic,12,110
D8T613191,Untilcillin,MuscleRelaxant,12,120
A2Y452380,Forgetzepam,Antibiotic,12,65
F74P863062,Remainstatin,Cardiovascular,12,250
R26L236150,Tripxone,Diuretic,12,200
O59C90974,Lettervir,Antiviral,12,70
D35N908497,Driveol,Antibiotic,12,300
X46S360949,Remainstatin,Antiviral,12,95
T65M479401,Peacezepam,MuscleRelaxant,12,85
C4V744867,Directioncillin,Vitamin,12,550
I20D528956,Lifevir,Diuretic,12,450
J46F388488,Despitevir,Antihistamine,12,500
Q29C115022,Seaol,Antifungal,12,70
O7I14933,Kidin,Immunosuppressant,12,250
W65T816137,Successfulvir,Steroid,12,75
M45H709702,Fullstatin,Anticonvulsant,12,55
G77Q433091,Manycillin,Antiviral,12,55
R80D503509,Rolestatin,Anticoagulant,12,400
W46M594885,Missstatin,Antihypertensive,12,550
P40V565688,Casexone,Anti-inflammatory,12,650
M87H697316,Movementvir,Vitamin,12,300
A1C529160,Whatxone,Vitamin,12,400
V36Y404478,Lowcillin,Antihypertensive,12,450
S56D242714,Groupxone,Immunosuppressant,12,70
D96T882098,Partzepam,Antipyretic,12,450
M20F494020,Singlezepam,Antihypertensive,12,150
I37W238070,Lawyerin,Anticonvulsant,12,100
N44D431958,Sciencein,Antihistamine,12,70
H39U436402,Largeol,Antipyretic,12,145
D86F973725,Subjectol,Analgesic,12,70
W42R258867,Economicxone,Vaccine,12,250
R14M168893,Casein,Antibiotic,12,110
Q9M420815,Campaignstatin,Analgesic,12,300
U61A880363,Dealxone,Diuretic,12,65
A91N394511,Setin,Anti-inflammatory,12,250
Z35U833145,Gunzepam,Antifungal,12,100
Z91X580156,Individualzepam,Vitamin,12,450
U6R872641,Energyvir,Cardiovascular,12,115
Z95P645875,Bornol,Anticoagulant,12,300
V31Q7953,Othercillin,Antihistamine,12,650
I20Q515480,Articlevir,Antipyretic,12,300
J69I573748,Offerin,Antihypertensive,12,350
N56B702874,Hitol,Antipyretic,12,105
F15Z800323,Bigstatin,Cardiovascular,12,55
D93I852526,Datastatin,Steroid,12,450
I53C655709,Hospitalxone,Antipsychotic,12,85
B41R554112,Responsibilityin,Antibiotic,12,600
E21W401690,Whenol,Cardiovascular,12,85
U11H224258,Doctorstatin,Antiviral,12,300
B91B420784,Recentvir,Antihistamine,12,150
K63R417185,Havein,Antifungal,12,300
F32S598657,Finallyin,Antidepressant,12,200
J64I140136,Finevir,Antipsychotic,12,100
F52S414556,Particularstatin,Antipyretic,12,300
M75V593169,Toozepam,MuscleRelaxant,12,115
Q75Y423435,Listin,Anticonvulsant,12,50
G15X733174,Continuexone,Antiviral,12,150
C53A170829,Ontoin,Immunosuppressant,12,50
L24M585776,Sortol,Antihypertensive,12,95
Z58O813810,Reasonvir,Diuretic,12,115
K29F654246,Starvir,Anti-inflammatory,12,200
S25O482270,Addstatin,Antihypertensive,12,75
M62G480866,Playzepam,Respiratory,12,300
U1P130313,Createin,Anti-inflammatory,12,90
U64X230510,Recognizestatin,Antipsychotic,12,250
M0T945012,Argueol,Antibiotic,12,450
P66R275049,Localol,Anti-inflammatory,12,105
M66E340772,Ratherol,Vaccine,12,115
R18V97011,Benefitol,Antifungal,12,250
T48B874923,Threecillin,Antifungal,12,300
Z41P54634,Keyol,Antipyretic,12,65
J57Q395682,Amountol,Vaccine,12,110
V46Q93173,Assumexone,Anti-inflammatory,12,200
I70K842616,Ideain,Antihypertensive,12,95
B51T609472,Evercillin,Anti-inflammatory,12,300
B39W369912,Especiallystatin,Antipsychotic,12,300
Y12Q938147,Watchvir,Immunosuppressant,12,450
O31E524502,Strategycillin,Respiratory,12,500
R82T360307,Whomin,Antihistamine,12,300
I31E286317,Onvir,Anti-inflammatory,12,105
Z39J51749,Differencezepam,Vaccine,12,600
Z87N908425,Hotelstatin,Antibiotic,12,55
Q59R521919,Wearxone,Diuretic,12,60
Z33G389744,Bodyzepam,Analgesic,12,80
Z59Y984504,Receivein,Diuretic,12,55
U19W817573,Numberxone,Anti-inflammatory,12,50
B78B967452,Firexone,Immunosuppressant,12,550
X44H439637,Peoplevir,Antiviral,12,350
R81E737383,Communitystatin,Antipsychotic,12,100
U40X760726,Acceptcillin,Antihypertensive,12,650
N45B316656,Alonevir,Anticonvulsant,12,650
U71N723711,Designin,Antihistamine,12,550
F77O724430,Yearcillin,Steroid,12,65
G48Q47205,Alwaysin,Antipsychotic,12,120
R84P454826,Certainol,Diuretic,12,500
W21F315204,Centerin,Vaccine,12,85
E63B600549,Payol,Respiratory,12,50
W17Q196715,Requirevir,MuscleRelaxant,12,135
U77Y942623,Simplein,Analgesic,12,650
L40A70764,Thoughcillin,Antifungal,12,50
P81Q501533,Whilexone,Steroid,12,300
Q38U478596,Recognizecillin,Analgesic,12,200
J57D598282,Townol,Anti-inflammatory,12,450
H33Y571484,Passzepam,Anti-inflammatory,12,600
A54V687815,Tenvir,Antiviral,12,300
E74Y805395,Answerin,Diuretic,12,300
F27N900294,Beyondvir,Antipyretic,12,105
M87L774598,Maybezepam,Steroid,12,350
P99C978232,Understandvir,Analgesic,12,500
X40E518553,Tonightin,Antifungal,12,115
V72P137302,Moviecillin,Vitamin,12,105
L92E382939,Characterin,Antihypertensive,12,650
O38U8234,Artistin,Cardiovascular,12,400
Q76Y28275,Considerxone,Steroid,12,75
A56I580853,Howeverin,Antihistamine,12,105
P61D802464,Leadstatin,Analgesic,12,350
C3I513433,Bookzepam,Anticonvulsant,12,95
U26L741208,Goalvir,Respiratory,12,550
C81Y314954,Othersxone,Immunosuppressant,12,300
N46V636813,Discoverin,Vitamin,12,90
S24J621072,Attentionol,Diuretic,12,350
B22X954679,Realizeol,Antipsychotic,12,80
U48U235332,Papercillin,Antipyretic,12,300
J69F144371,Presidentin,Anticoagulant,12,200
N24E762894,Centuryxone,Cardiovascular,12,135
L44C718184,Availablexone,Vaccine,12,600
A72A382528,Particularlyxone,Anticonvulsant,12,70
J11Z900927,Visitzepam,Antipsychotic,12,450
J2E220477,Downin,Antiviral,12,65
X88M604531,Focusvir,Immunosuppressant,12,400
Q50E853960,Rightstatin,Respiratory,12,70
O32X702002,Opportunityvir,Antibiotic,12,100
P60F739994,Debatecillin,Analgesic,12,500
I6H359619,Exampleol,Antipyretic,12,150
N76A380395,Choicexone,Antiviral,12,350
D93X805897,Toozepam,Antibiotic,12,500
T38O360210,Religiousvir,Cardiovascular,12,400
S36L551778,Leavecillin,Anticoagulant,12,150
B31K34384,Processzepam,Antifungal,12,90
I25Y154612,Centralvir,Anticonvulsant,12,400
K94L383998,Thirdxone,Vitamin,12,200
W5E802803,Differentin,Cardiovascular,12,90
B13N466013,Ofol,Antihistamine,12,110
X99Y790489,Severalol,Anticonvulsant,12,400
A69S699670,Wishvir,Antihypertensive,12,50
Y93Z540809,Throughvir,Antihypertensive,12,600
Y10W690690,Everyonestatin,Respiratory,12,450
W73W757792,Personxone,Vitamin,12,250
C37O911041,Growthvir,Antipsychotic,12,70
B37U132194,Againin,Anticoagulant,12,200
E53G817912,Ideaxone,Antiviral,12,105
B9B213779,Enoughcillin,Anti-inflammatory,12,600
K56T951408,Leaveol,Anticonvulsant,12,500
I80P744225,Hitzepam,Anticoagulant,12,65
T86P839463,Acrossxone,Analgesic,12,50
J95O87656,Wayxone,MuscleRelaxant,12,500
I74N711445,Imaginezepam,Anticoagulant,12,400
R56F481024,Raisevir,Antidepressant,12,250
R81H799435,Heavycillin,Respiratory,12,65
H9Z997440,Reallyvir,Anti-inflammatory,12,105
K91H496967,Restzepam,MuscleRelaxant,12,150
F87S433701,Duringin,Antibiotic,12,150
K86X162818,Doctorstatin,Antiviral,12,450
B95R751435,Planvir,MuscleRelaxant,12,55
M22D247353,Structurevir,Antifungal,12,300
X57Z32544,Fivestatin,Antibiotic,12,450
V30T320474,Suchzepam,Anticonvulsant,12,105
J37M69979,Morevir,Vaccine,12,250
G46M753525,Standardcillin,Steroid,12,200
F12U159825,Throughoutstatin,Antipyretic,12,600
K98J949368,Summerol,Vitamin,12,250
W57H622999,Situationcillin,Antibiotic,12,450
V24B351419,Whomzepam,Vitamin,12,500
G59L101580,Tencillin,Vitamin,12,400
L60F678552,Theoryol,Steroid,12,200
J64G750962,Wherexone,Antihistamine,12,650
Q66A415926,Scorestatin,Anticonvulsant,12,350
E40Z674781,Structurestatin,Antidepressant,12,200
S15M927132,Wouldxone,Antihypertensive,12,105
A77Y26532,Computerzepam,Vitamin,12,450
P25M241527,Necessaryol,Respiratory,12,550
Q51N671827,Coachin,Anticonvulsant,12,550
P80L496692,Writerin,Antidepressant,12,300
A90E514071,Sellin,Anticonvulsant,12,150
H3V630051,Couplestatin,Vaccine,12,300
V32M251366,Handvir,Analgesic,12,115
Q10B633248,Newsvir,Immunosuppressant,12,50
C60T558580,Seatzepam,Anti-inflammatory,12,70
K81G161862,Orcillin,Vaccine,12,75
J65Q243686,Continuexone,Antihistamine,12,450
P16L506446,Culturalin,Antihypertensive,12,600
W45W667208,Theystatin,Immunosuppressant,12,55
H67T21323,Projectol,Antiviral,12,650
G24D882761,Eveningin,Cardiovascular,12,400
X82V463749,Appearvir,Antihypertensive,12,100
U69R250629,Blackcillin,Immunosuppressant,12,110
C60W956676,Formxone,Antidepressant,12,70
A25K266269,Enjoyxone,Antihypertensive,12,600
U24M426518,Endxone,Antipsychotic,12,130
Y19V203796,Hisstatin,Antiviral,12,80
Y98J100697,Hospitalxone,Antipsychotic,12,550
Z74P981842,Managervir,Steroid,12,100
S92Q347885,Religiousin,Antidepressant,12,95
I83T492427,Ourol,Immunosuppressant,12,350
X47C209719,Weekzepam,Analgesic,12,300
O83A128035,Yetstatin,Antifungal,12,90
S12K704604,Amountzepam,Antihypertensive,12,500
F20Q265186,Mouthzepam,Antidepressant,12,100
L43E638670,Fightvir,Anti-inflammatory,12,450
G7D105579,Agreestatin,Steroid,12,95
Q52J844919,Peacexone,Steroid,12,150
Z57R944822,Cutcillin,Antidepressant,12,250
I19B104512,Defenseol,Immunosuppressant,12,300
Y9F882128,Chancezepam,Antihistamine,12,95
O36I451054,Operationol,Immunosuppressant,12,75
C30V398516,Thesestatin,Antihypertensive,12,600
U68P650634,Pmol,Antifungal,12,105
S29M114666,Hitxone,Antibiotic,12,60
M39V317673,Towardzepam,Vitamin,12,115
B9V185882,Becausestatin,Vitamin,12,100
N68C258376,Meetingcillin,Anticonvulsant,12,120
D69T983472,Anythingvir,Respiratory,12,115
S57Y659880,Mycillin,Antibiotic,12,250
Z90H920938,Raisestatin,Immunosuppressant,12,350
J84X340693,Existxone,Antifungal,12,90
L28U61733,Discussin,Steroid,12,300
X56A701997,Lawin,Vitamin,12,95
D0R56272,Middleol,Antipsychotic,12,105
Q76E775530,Identifyol,Anticoagulant,12,85
G56S844410,Moneyvir,Respiratory,12,550
T27H840090,Countryin,Cardiovascular,12,90
G21P764708,Companyin,Anticoagulant,12,600
H16L844190,Herselfstatin,Vitamin,12,85
F7U562408,Herzepam,Steroid,12,120
K33E737338,Customercillin,Steroid,12,650
T55Y959855,Threein,Antifungal,12,500
J51M261232,Difficultol,Antidepressant,12,500
P93Z55729,Offercillin,Antiviral,12,450
C44C589766,Campaignol,Anticonvulsant,12,115
Y20A898347,Phonestatin,MuscleRelaxant,12,450
Z69U203826,Footvir,Antipsychotic,12,650
O33K22399,Payol,Antipsychotic,12,500
P28E657442,Songcillin,Vaccine,12,500
F9M667653,Populationol,Anticonvulsant,12,50
G89I993217,Recordxone,Anticoagulant,12,150
R47E272982,Untilstatin,Antifungal,12,115
P22G420992,Roomcillin,Vitamin,12,50
I90S183938,Defensecillin,Anticoagulant,12,50
O78E91325,Lookstatin,Antipsychotic,12,100
T11T503562,Thousandvir,Antibiotic,12,50
U78Q311933,Havestatin,Antipyretic,12,450
P23E611107,Twocillin,Diuretic,12,105
W80F417660,Havecillin,Antibiotic,12,250
O35E862822,Longin,Antipsychotic,12,650
G16O686081,Treatcillin,Antipyretic,12,650
N60F804135,Orderstatin,Analgesic,12,120
O64C920917,Oldvir,Antipsychotic,12,110
N84W204342,Giveol,Anticoagulant,12,300
X33E696431,Memberxone,Diuretic,12,60
G96I778183,Needvir,Antifungal,12,200
A74E819809,Afterol,Antibiotic,12,105
V22P900221,Wonderol,Antihypertensive,12,500
S53A572963,Racexone,Anti-inflammatory,12,400
S81H157542,Richxone,Antiviral,12,300
U90W818833,Thein,Cardiovascular,12,60
O82W336694,Herestatin,Steroid,12,115
V9I344747,Anyonezepam,Antibiotic,12,250
B79V32435,Largecillin,Immunosuppressant,12,115
R23Y733042,Messagevir,Antipyretic,12,90
U50E578776,Fallcillin,Anti-inflammatory,12,400
R98L86622,Considerxone,Antiviral,12,115
D83X835687,Healthin,Antidepressant,12,650
N43X132064,Interestingin,Antidepressant,12,650
A53A208216,Cupxone,Antipsychotic,12,600
W63B522324,Agozepam,Diuretic,12,65
L80Z161443,Impactxone,Immunosuppressant,12,400
V96O150971,Perhapsvir,Cardiovascular,12,300
V3F368634,Artzepam,MuscleRelaxant,12,150
H35O731429,Keycillin,MuscleRelaxant,12,110
F56M588553,Familyol,Antidepressant,12,300
K54Y375348,Putzepam,Antidepressant,12,500
Q8Q503420,Rolestatin,Analgesic,12,350
F42C231987,Worldcillin,Anticonvulsant,12,600
B68G563059,Entirestatin,Anticoagulant,12,400
V63G643341,Boxcillin,Antihistamine,12,150
L6A661364,Winvir,Respiratory,12,600
V14D478752,Particularol,Cardiovascular,12,600
S58A874791,Goalzepam,Anticonvulsant,12,450
Q49H451461,Claimol,Diuretic,12,100
T83W816993,Memoryxone,Anti-inflammatory,12,85
L0V492394,Understandvir,MuscleRelaxant,12,500
M93V168697,Playerstatin,Antipyretic,12,450
C35A172981,Recentlystatin,Anticoagulant,12,550
S85Q382591,Reallyin,Vaccine,12,105
I79I145404,Pushxone,Anti-inflammatory,12,150
G70Q340298,Betterzepam,Anticoagulant,12,105
O59N673208,Theorycillin,Steroid,12,70
C51Y402065,Respondin,Diuretic,12,500
H2F179066,Attorneyvir,Steroid,12,200
B7M68347,Variouszepam,Antidepressant,12,60
Y75Z808791,Morningstatin,Vitamin,12,350
J79Q706932,Politicalin,Antidepressant,12,100
L20C853313,Supportxone,Diuretic,12,115
H61B220996,Riskcillin,Antipyretic,12,300
A93I294284,Doorstatin,Cardiovascular,12,200
I72F454204,Speechin,Analgesic,12,100
D95Y997660,Societycillin,Antipsychotic,12,120
I20E465566,Reportzepam,Respiratory,12,300
F76O641229,Glassxone,Antihistamine,12,250
D58H724998,Mindzepam,Anticoagulant,12,75
S74W519146,Waystatin,Antihistamine,12,550
X76A35006,Thesexone,MuscleRelaxant,12,150
D60X667552,Expectin,Antiviral,12,350
N77I613702,Itszepam,Immunosuppressant,12,550
N79J399300,Openvir,Antihistamine,12,120
P36I300089,Groundstatin,Anticoagulant,12,400
O97T366523,Fallzepam,Vitamin,12,115
K77W797881,Beatin,Respiratory,12,300
Q85Y100087,Joinxone,Analgesic,12,80
S32R201607,Thancillin,Vitamin,12,600
E57T577579,Okin,Vitamin,12,80
E91Y864136,Makezepam,Antipyretic,12,550
V14V42837,Goalol,Antipyretic,12,300
M87R694336,Thenvir,Anti-inflammatory,12,250
T71O560117,Animalzepam,Antidepressant,12,50
A36J470761,Whoin,Antibiotic,12,150
W90P629725,Westernin,Antibiotic,12,80
X56N96089,Taskol,Antihypertensive,12,70
R55W710318,Theorycillin,MuscleRelaxant,12,350
G63M17210,Designvir,Vaccine,12,85
W8Q394941,Alwaysxone,Vitamin,12,150
Q18B28299,Materialxone,Cardiovascular,12,200
X44D938156,Myselfstatin,Antipyretic,12,650
M80F165427,Seekzepam,Antibiotic,12,90
A31X767452,Meetingvir,Analgesic,12,105
U95K402492,Handol,Antibiotic,12,150
V65F223364,Civilxone,Steroid,12,115
A96C984135,Mainzepam,Anticonvulsant,12,50
P19P136767,Handin,Anti-inflammatory,12,55
S43N213619,Countryin,Antihypertensive,12,300
F52E568828,Fewxone,Antipsychotic,12,95
Q87O827502,Servicecillin,Antibiotic,12,50
D58D285277,Preventol,Anticoagulant,12,600
E92E790180,Newspaperol,MuscleRelaxant,12,650
F60H299863,Letstatin,Immunosuppressant,12,250
V79O66137,Makein,Respiratory,12,70
W18F364019,Physicalvir,Cardiovascular,12,115
C88I612995,Mrstatin,Antihistamine,12,650
U74U891943,Eveningcillin,Analgesic,12,400
C38Y889128,Individualcillin,Anti-inflammatory,12,120
Y21L327846,Playervir,Anti-inflammatory,12,250
Y90J362911,Treatol,Cardiovascular,12,450
W13L465503,Uponzepam,Diuretic,12,450
N73K556304,Centercillin,Antihistamine,12,100
P33H118668,Collectionol,Immunosuppressant,12,85
E22G611339,Againzepam,Respiratory,12,300
U91V930488,Suggeststatin,Antibiotic,12,55
M87H362973,Areain,Analgesic,12,500
Q20F387897,Performancevir,Antiviral,12,110
B59W760522,Weol,Antiviral,12,600
J73X623227,Personstatin,Steroid,12,70
E54Z458100,Opportunitycillin,Steroid,12,80
A36G225369,Writezepam,Anti-inflammatory,12,550
Y36N392971,Capitalstatin,Antihypertensive,12,115
K3H612198,Choosezepam,MuscleRelaxant,12,120
K55P788576,Sizevir,Antipyretic,12,70
S93L130440,Everstatin,Antiviral,12,250
Z37T773344,Singin,Cardiovascular,12,450
R8L965226,Seriouscillin,Vitamin,12,650
B24M382773,Handvir,Analgesic,12,450
I84C347919,Ontool,Antihypertensive,12,200
F15L444355,Storycillin,Anticonvulsant,12,65
T30I801756,Everyvir,Steroid,12,400
P72U294473,Daughtercillin,Anti-inflammatory,12,95
A25Z376270,Rememberstatin,Diuretic,12,600
B64U524609,Discoverstatin,Diuretic,12,105
M30M912006,Heavycillin,Antifungal,12,90
F44P992477,Affectin,Antifungal,12,100
T42F616111,Behindcillin,Immunosuppressant,12,100
E37V155711,Ofcillin,Antiviral,12,70
V75F500293,Stuffol,Antihistamine,12,300
A94D493119,Establishin,Anticonvulsant,12,200
F17G838667,Heartcillin,Steroid,12,600
Q47K426354,Attorneyin,Vaccine,12,110
B97U133550,Bigxone,Diuretic,12,85
E30L464185,Ascillin,Cardiovascular,12,450
X48C656864,Feelingol,Anticoagulant,12,650
B42G981653,Carstatin,Steroid,12,200
H45B395484,Campaignvir,Diuretic,12,55
L65M413260,Understandstatin,Diuretic,12,70
O64Q688193,Modernxone,Antifungal,12,400
O47Y528889,Hereol,Vaccine,12,350
B21F274627,Leftzepam,Anticoagulant,12,500
P40J81389,Happyxone,Analgesic,12,120
N1G745620,Eastol,Antipsychotic,12,550
L13M268553,Makeol,Diuretic,12,400
M11T4563,Travelin,Antihistamine,12,250
B47U879555,Keyvir,Analgesic,12,85
D88V818609,Localcillin,Antipsychotic,12,85
V86H473434,Professorol,Respiratory,12,150
L84C964391,Makevir,Vitamin,12,55
R17U77008,Havestatin,Diuretic,12,450
J6F79345,Economicvir,Diuretic,12,75
D82P625539,Wifestatin,Analgesic,12,500
T68C173897,Financialstatin,Analgesic,12,55
P46J727180,Sciencein,Antiviral,12,250
M16U985149,Brotherstatin,Antihistamine,12,600
F98X670683,Mediacillin,Vitamin,12,55
W55P381649,Thexone,Vitamin,12,450
S37T367064,Internationalzepam,Anticonvulsant,12,130
L81T899303,Taxxone,Vaccine,12,100
A62G849714,Gasin,Respiratory,12,400
E52Y572472,Analysisol,Respiratory,12,300
N49Q522914,Dinnerstatin,Anticoagulant,12,150
M93V210796,Throughoutstatin,Antipsychotic,12,150
W61L955837,Intovir,Antihistamine,12,550
Z17K427359,Bankin,Diuretic,12,85
L86X972599,Teachol,Anti-inflammatory,12,300
M76K189189,Maintainvir,Anti-inflammatory,12,65
L27Z621439,Fewvir,Vaccine,12,350
Y43F799534,Piecestatin,Analgesic,12,100
I74M267216,Howevervir,Anticonvulsant,12,300
U11B76616,Mustzepam,MuscleRelaxant,12,200
Q74T699605,Taxstatin,Immunosuppressant,12,125
R89H421875,Singlein,Respiratory,12,300
H34C151743,Sidein,Anticonvulsant,12,105
L83Q365263,Timecillin,MuscleRelaxant,12,250
X11K887888,Everyonevir,Antidepressant,12,350
F44P967729,Lawin,Immunosuppressant,12,50
R88V726600,Animalzepam,Antiviral,12,110
F28Q56167,Oncein,Antihistamine,12,200
M49N125203,Untilin,Vitamin,12,150
V14G577744,Undercillin,Cardiovascular,12,250
E47C889897,Sixin,Antibiotic,12,70
P92E452451,Windowcillin,Respiratory,12,450
P26G503801,Wrongstatin,Antihistamine,12,650
G24I849833,Futurezepam,Respiratory,12,100
C62E196696,Monthxone,Vitamin,12,200
Z21O360244,Bedin,MuscleRelaxant,12,200
Y14Z836750,Morningin,Antifungal,12,550
O16Z700070,Glassol,Anticoagulant,12,75
H37N912828,Improvestatin,Immunosuppressant,12,600
A26S850365,Wishin,Cardiovascular,12,350
Q28L575537,Suddenlyzepam,Anticoagulant,12,200
F67Y15873,Hearzepam,MuscleRelaxant,12,65
O92I721069,Farin,Antibiotic,12,110
B50N601265,Standardvir,Antifungal,12,350
V92B706020,Billionvir,Antihypertensive,12,80
I5H96112,Myol,Antibiotic,12,300
A78B569745,Effectzepam,Steroid,12,80
G43V102753,Occurcillin,Anticonvulsant,12,650
I97A780312,Bedxone,Antibiotic,12,90
J26R745138,Sortcillin,Antipyretic,12,120
N88M360827,Norcillin,Vitamin,12,135
W16I29883,Pushvir,Antipyretic,12,500
Z35O150398,Provevir,Antiviral,12,300
V21F799796,Paperol,Diuretic,12,130
W29O539840,Elsein,Antipsychotic,12,90
A4F432450,Authorityzepam,Cardiovascular,12,500
S87V289231,Areaol,Analgesic,12,115
B45V945841,Keyol,Immunosuppressant,12,500
P19Z623246,Everyonexone,Antipyretic,12,250
E98J549600,Defensevir,Vitamin,12,550
Z50A827017,Kindvir,Diuretic,12,350
R20M373691,Notzepam,Antihypertensive,12,300
L50Q674685,Marketol,Respiratory,12,550
S52F481005,Stopstatin,Antihistamine,12,120
V33N559043,Factorstatin,Diuretic,12,250
R69X10155,Kindcillin,Antidepressant,12,400
Y23Q359428,Myselfxone,Diuretic,12,65
E13D773053,Electionzepam,Cardiovascular,12,100
F7Q791991,Speakcillin,Antifungal,12,350
U82E685685,Suchol,Antihistamine,12,150
D87X595931,Causestatin,Antipsychotic,12,650
K7V202408,Significantol,Antipsychotic,12,300
Y16A568752,Yeszepam,Anti-inflammatory,12,70
D83L865681,Givexone,MuscleRelaxant,12,95
S30W591349,Missionzepam,Vaccine,12,70
T81F790707,Strategyxone,Cardiovascular,12,300
Z88Z498502,Airstatin,Respiratory,12,550
K10O625930,Abilitycillin,Analgesic,12,65
E73D756786,Probablystatin,Steroid,12,105
T94R798181,Technologyol,Diuretic,12,75
Z25A188934,Awayvir,Antidepressant,12,250
A45A785662,Enjoyol,Respiratory,12,550
J66H373641,Sufferin,Analgesic,12,150
V5S389000,Yourselfol,Antipsychotic,12,250
S19F975170,Skincillin,Antihistamine,12,500
X91H407782,Seniorxone,Diuretic,12,550
W81W36298,Machinevir,Cardiovascular,12,300
V75Y108574,Worryzepam,Respiratory,12,105
B72V852515,Rathercillin,Antifungal,12,50
Y42X950941,Thousandvir,Antihypertensive,12,100
Y52Z319855,Bitvir,Immunosuppressant,12,95
Y7P384264,Meetingcillin,MuscleRelaxant,12,650
E47F150289,Fourcillin,Antibiotic,12,85
X69B941482,Whatxone,MuscleRelaxant,12,300
P35B575245,Bedin,Antibiotic,12,100
N87C678902,Sharexone,Antifungal,12,500
N15E200965,Shouldxone,Anti-inflammatory,12,50
N59C861233,Footol,Antibiotic,12,450
S25O620092,Playercillin,Anti-inflammatory,12,650
G89O859858,Valuevir,Antipyretic,12,450
O33A562669,Reportcillin,Antibiotic,12,550
U39I236975,Dogvir,Antidepressant,12,115
M70Z871575,Describeol,Anticonvulsant,12,250
L27Z766270,Ordervir,Antifungal,12,150
U86N535994,Messageol,Antihistamine,12,550
B67T222571,Concernin,Anticonvulsant,12,110
D93J22820,Getin,Vitamin,12,65
H45N139291,Courtzepam,Antifungal,12,90
H8F908889,Althoughzepam,Anticonvulsant,12,55
B36T965824,Playerzepam,Antifungal,12,150
P35H845539,Wonderzepam,Antipyretic,12,80
W8U26242,Downin,Cardiovascular,12,135
O17T787791,Anothervir,Antihypertensive,12,75
P41C11307,Orzepam,Vitamin,12,50
Z69V522713,Expectvir,Analgesic,12,550
K21L970348,Seriousstatin,Antipsychotic,12,600
Y47M941253,Almostxone,Anticoagulant,12,50
U38E593465,Considervir,Antidepressant,12,100
O51Q267323,Addresscillin,Antihistamine,12,250
C67V86709,Willol,Vaccine,12,600
I51S86005,Providestatin,MuscleRelaxant,12,600
R4R116415,Windowvir,Vitamin,12,115
L74W700784,Outin,Anticoagulant,12,200
G93K640262,Anyonexone,Antidepressant,12,300
B28M88844,Sportstatin,Antibiotic,12,650
U28V219888,Stationxone,Antibiotic,12,70
B1J241401,Personol,Antipyretic,12,250
Z99H58206,Sonin,Respiratory,12,600
B20Y544946,Yetin,Steroid,12,400
L95F96832,Difficultol,Anticoagulant,12,120
W92I229734,Directionxone,Antiviral,12,65
T50C805311,Easyzepam,Cardiovascular,12,90
E6E852150,Bestzepam,Diuretic,12,200
Z97L599434,Goxone,Anti-inflammatory,12,450
M77I140427,Chancein,Cardiovascular,12,60
X93G768402,Uponvir,Immunosuppressant,12,115
W4D783042,Specificstatin,Antihistamine,12,115
T0P92673,Anythingcillin,Anticoagulant,12,85
B47D183441,Accordingzepam,Antibiotic,12,300
N86W348760,Receivezepam,Steroid,12,105
U71R233609,Forin,Analgesic,12,500
A49Y988292,Taskxone,Anticoagulant,12,300
R32I715879,Realizecillin,Immunosuppressant,12,75
U24P35443,Momentstatin,Antiviral,12,300
Z3F74105,Signzepam,Respiratory,12,300
B63D893364,Everyonevir,Anticoagulant,12,105
L98U423136,Insidein,Antifungal,12,350
Y55I211616,Votecillin,Cardiovascular,12,550
J79J729241,Onlyvir,Diuretic,12,300
O84D711543,Fiveol,Antiviral,12,100
O75L832679,Pmin,Anti-inflammatory,12,115
X13F920188,Ballcillin,Antipyretic,12,400
R86H849609,Talkcillin,Antifungal,12,650
L74O203722,Conferencezepam,Antihypertensive,12,150
H94F670042,Yearxone,Antipsychotic,12,65
F37O586820,Howvir,Antipyretic,12,80
S3X274736,Unitol,Analgesic,12,105
P96M641923,Footol,Anticoagulant,12,500
D49T573555,Centralol,Anti-inflammatory,12,650
X57I12223,Sharestatin,Respiratory,12,105
I55B833934,Imagecillin,Cardiovascular,12,250
D69A612543,Orxone,Steroid,12,70
H48T620447,Townxone,Antipyretic,12,250
J81T503476,Seriesin,Analgesic,12,60
K82C255784,Pagevir,Antihypertensive,12,75
G42L455467,Drawol,Anti-inflammatory,12,120
R15S78192,Improvezepam,Vitamin,12,200
R13R70351,Applyxone,Antihypertensive,12,400
X57U217118,Situationvir,Analgesic,12,70
E81B909318,Whateverzepam,Antifungal,12,85
N31X368468,Beginstatin,Antihypertensive,12,600
G53V705948,Stagein,Anticoagulant,12,600
L31P733592,Insteadstatin,Vaccine,12,400
W48B185126,Presidentxone,Anti-inflammatory,12,60
G64G461051,Friendxone,Antifungal,12,250
E46J546535,Reflectzepam,Immunosuppressant,12,550
N35N272554,Militarystatin,Cardiovascular,12,95
D81J18471,Movementstatin,Antipyretic,12,550
W95M170763,Lossin,Antidepressant,12,85
N37X256449,Managezepam,Respiratory,12,50
T44J317239,Beginxone,Antifungal,12,50
E3U941002,Eyexone,Immunosuppressant,12,80
C51G17069,Onvir,Antihistamine,12,350
F18T957002,Fewstatin,Vaccine,12,450
O38K109939,Addressin,Anticonvulsant,12,105
W85L461836,Beginstatin,Analgesic,12,650
K80M309233,Researchin,Antipsychotic,12,125
R67B700164,Officexone,Vitamin,12,55
N8N572130,Wearcillin,Antihistamine,12,65
W7L299224,Publicvir,Antihypertensive,12,120
M56T512946,Mrsvir,Antihistamine,12,200
B74J473097,Throwin,Antihistamine,12,200
C48V340455,Shouldvir,Antipyretic,12,600
W16G172223,Resultol,Diuretic,12,400
F65R41593,Systemol,Cardiovascular,12,300
U49G538924,Formxone,Antipsychotic,12,110
G88G335200,Newcillin,Antiviral,12,120
S19X771620,Centercillin,Cardiovascular,12,400
E85X159496,Professionalstatin,MuscleRelaxant,12,95
E78K955281,Standcillin,Antidepressant,12,450
Y2I619339,Hairin,Steroid,12,60
Z31V859509,Threatol,Immunosuppressant,12,200
F8S353819,Armcillin,MuscleRelaxant,12,500
K99Q273154,Agencystatin,Respiratory,12,85
J12V76221,Carecillin,Vitamin,12,200
Q91N529039,Handxone,Anti-inflammatory,12,450
P76C993574,Talkxone,Antipyretic,12,50
N43W11546,Finallyvir,Antihistamine,12,45
M60E261321,Youngvir,Antiviral,12,150
X84Z733784,Lawyercillin,Immunosuppressant,12,120
C75V568282,Callvir,Anticoagulant,12,120
D62V78692,Styleol,Antiviral,12,65
C91S374855,Taxxone,Anti-inflammatory,12,300
A47S706194,Barzepam,Antipyretic,12,300
O81J234967,Energyzepam,MuscleRelaxant,12,200
J72E165642,Travelvir,Antihistamine,12,500
I40V655623,Seemcillin,Steroid,12,600
I55G634723,Certainlyin,Steroid,12,400
Z45E850523,Everybodystatin,Antidepressant,12,95
C37D725266,Amountstatin,Antipyretic,12,105
J49I406762,Traditionalzepam,Antibiotic,12,500
X95G751375,Therexone,Antifungal,12,650
M15N361721,Uponstatin,Analgesic,12,300
X65L22590,Herecillin,Anti-inflammatory,12,85
V51X451905,Pickvir,Vitamin,12,350
F15U933556,Couplexone,Cardiovascular,12,200
J25F130039,Hiscillin,Anticoagulant,12,400
S51M793671,Resourcezepam,Antipsychotic,12,90
U88P961119,Stuffcillin,Antipyretic,12,85
X30A187551,Wishcillin,Respiratory,12,250
M67T363162,Executivezepam,Steroid,12,100
U19I399715,Lastzepam,Respiratory,12,115
A29T366865,Languagexone,Immunosuppressant,12,65
E25C47635,Eightcillin,Antidepressant,12,105
T36N36452,Veryol,Anti-inflammatory,12,200
A79T125347,Artistvir,MuscleRelaxant,12,300
J15C22911,Heol,Vaccine,12,400
C88G836621,Holdin,Steroid,12,200
W32L408341,Playerol,Diuretic,12,350
U17M474036,Companyzepam,Anti-inflammatory,12,600
I1L839138,Thanxone,Cardiovascular,12,60
B79N964962,Continuecillin,Analgesic,12,120
J9F908083,Socialcillin,Antipyretic,12,450
Q10K856833,Resourceol,Antipsychotic,12,200
Y60K356260,Longvir,Antiviral,12,300
H1M305275,Layol,Antipyretic,12,75
F73R526566,Groundxone,Diuretic,12,200
O41H100475,Suchcillin,Antihistamine,12,65
B39J238667,Bankol,Steroid,12,125
Z59T801700,Requirexone,Anticoagulant,12,50
F78Z131521,Affectzepam,Anti-inflammatory,12,400
R88O808551,Trainingol,Anticoagulant,12,500
H79H147137,Basevir,Diuretic,12,100
S13Z942825,Cellxone,Anticonvulsant,12,300
C44W135605,Himin,Vaccine,12,100
Y2M224209,Samezepam,Antidepressant,12,450
U36P948445,Improvezepam,Immunosuppressant,12,200
F26S285691,Fillin,Antihistamine,12,500
J92U716777,Votevir,Antifungal,12,250
E66C913195,Preparecillin,Anticonvulsant,12,50
U2J428913,Songcillin,Anti-inflammatory,12,55
N5G355106,Speakin,Vitamin,12,550
H74X943001,Playol,Anti-inflammatory,12,300
T1V76694,Examplestatin,Anticoagulant,12,400
U92N529849,Managervir,Antihypertensive,12,550
D60T602164,Skinvir,Anticonvulsant,12,55
Q49K666333,Powerin,Antidepressant,12,300
O13J227764,Homestatin,Anticonvulsant,12,65
L66I160588,Houseol,Anticonvulsant,12,500
B83J937850,Secondol,Antihypertensive,12,600
V44Z759974,Wordstatin,Antidepressant,12,400
O54D336327,Whyzepam,Antibiotic,12,600
X0R590647,Feelcillin,Antiviral,12,60
S98G794236,Trystatin,Steroid,12,90
P98S801645,Resourcecillin,Antibiotic,12,115
H18I758854,Similarvir,Antifungal,12,550
N82V309849,Childxone,MuscleRelaxant,12,65
X27Q588938,Variousin,Vitamin,12,200
W52E391631,Joinstatin,Anti-inflammatory,12,350
T53P997622,Resourcecillin,Steroid,12,450
M22D609682,Growthcillin,Antidepressant,12,140
H98Q979019,Tvzepam,Antihypertensive,12,550
K96F934374,Lotxone,Antihistamine,12,500
Q73B684190,Directorcillin,Steroid,12,100
F95O883655,Attorneycillin,Cardiovascular,12,85
H10B147729,Televisionvir,Cardiovascular,12,350
G82Y272777,Playstatin,Antipyretic,12,85
M4H35340,Pointol,Antihypertensive,12,90
H47I454463,Peacexone,Steroid,12,550
G43Y165536,Requirezepam,Vitamin,12,600
Y42B238244,Itemstatin,Antifungal,12,650
I26S943445,Listenxone,Respiratory,12,650
Z42B761694,Tryin,Antidepressant,12,500
S25T48472,Overxone,Anticonvulsant,12,400
H63Z701952,Standardvir,Anticoagulant,12,80
K77W942757,Taxol,Anticonvulsant,12,85
W43X124887,Processstatin,Antipsychotic,12,500
Y31T252212,Nicexone,MuscleRelaxant,12,550
S68D140760,Modernvir,Antihistamine,12,500
M56B33984,Naturalol,Antifungal,12,120
F77M938761,Chargestatin,Antipyretic,12,85
W10K344622,Atzepam,Immunosuppressant,12,150
F44B150560,Writerin,Steroid,12,650
F10K716779,Westernxone,Antidepressant,12,300
L89S665753,Pickstatin,Vaccine,12,400
D89C118391,Televisionol,Antihypertensive,12,450
L3F992692,Signin,Antipsychotic,12,95
L6R948079,Scientistin,Anticonvulsant,12,85
M95N645824,Myselfstatin,Cardiovascular,12,300
N74V331934,Whenin,Respiratory,12,65
W33J167114,Singlein,Antihypertensive,12,650
B49P552866,Federalvir,Antihypertensive,12,105
M61F956621,Internationalzepam,Antipsychotic,12,150
Q93Y469030,Theyol,Anti-inflammatory,12,100
L14J596876,Newszepam,Antifungal,12,120
R34L744273,Teachzepam,Immunosuppressant,12,650
E5X281345,Frontol,Anticoagulant,12,90
A18C18393,Authorol,Antiviral,12,105
F31D453955,Troubleol,Analgesic,12,300
M86U111930,Pastin,Antihypertensive,12,80
A89U510208,Untilin,Vaccine,12,60
O57G426077,Decisionin,Antiviral,12,200
W77Z831480,Productionin,Vitamin,12,65
E44Z160178,Designzepam,Diuretic,12,650
P26C989872,Sevenzepam,Antipsychotic,12,150
T23K285888,Runcillin,Anticonvulsant,12,250
T64B283735,Outzepam,Antipyretic,12,650
B68T739113,Agreevir,Anticonvulsant,12,75
K7L546978,Agencystatin,Anti-inflammatory,12,200
P35X918616,Applyol,Antipsychotic,12,100
B93V695844,Usuallyzepam,Respiratory,12,50
Z4F975486,Newspaperin,Vitamin,12,650
G51D362314,Hourzepam,Cardiovascular,12,85
O13R892848,Longcillin,Cardiovascular,12,250
O57Z27046,Historyzepam,Antiviral,12,100
X48O992732,Realityvir,Anti-inflammatory,12,300
J98K527045,Willcillin,Diuretic,12,150
D59F512958,Maycillin,Antibiotic,12,400
T46D974818,Thoseol,Antipsychotic,12,55
R67M549653,Directionxone,Antifungal,12,50
N82S859470,Approachol,Anticoagulant,12,350
M6J873672,Airstatin,Antipsychotic,12,400
W3L887008,Personalin,Antipyretic,12,120
T34Z769551,Recognizestatin,Immunosuppressant,12,600
L14V138784,Decadein,Antihypertensive,12,120
K62A453006,Muchcillin,Diuretic,12,105
V86X465903,Weekin,Antidepressant,12,400
T69C916550,Poorxone,Antibiotic,12,650
I73C522725,Personin,Respiratory,12,105
Y49H6575,Playstatin,Anti-inflammatory,12,150
T83X173063,Leftcillin,Immunosuppressant,12,75
P71N294208,Electioncillin,Anticoagulant,12,65
U99C795073,Truthvir,Antiviral,12,105
X43V524378,Largestatin,Vaccine,12,65
C40X880646,Everstatin,Respiratory,12,450
O1A610072,Practicecillin,MuscleRelaxant,12,110
O9U346649,Factxone,Immunosuppressant,12,105
G62O563718,Alreadyol,Cardiovascular,12,100
B2T771932,Truthvir,Analgesic,12,300
H7L202935,Valuein,Antihistamine,12,100
X12N629942,Memberol,Analgesic,12,95
Q84R734725,Particularlystatin,Anticonvulsant,12,90
L46M750614,Sometimesstatin,Cardiovascular,12,115
V50I675913,Asvir,Diuretic,12,650
I7Q904752,Armvir,Anticoagulant,12,300
V82M492022,Spendxone,Antibiotic,12,85
B48M390836,Middlevir,Anticonvulsant,12,550
V81V860659,Individualcillin,Analgesic,12,350
X73V364203,Millioncillin,Respiratory,12,70
I84S765737,Wouldzepam,Vitamin,12,250
F35L581637,Badol,Antibiotic,12,75
E38O925069,Movementol,Steroid,12,90
O40K309352,Generationxone,Antiviral,12,600
R71P707475,Secondcillin,Antibiotic,12,115
D77W674750,Admitol,Antihypertensive,12,110
V77E217011,Includingol,Cardiovascular,12,65
G34K779071,Degreein,Antipyretic,12,50
Q59B635432,Gamexone,Anti-inflammatory,12,650
Q43C823122,Qualitystatin,Diuretic,12,110
V7X945893,Conditioncillin,Antidepressant,12,450
N55J222632,Purposexone,Antipyretic,12,130
E49K749007,Stayin,Respiratory,12,85
Y68S210951,Fightzepam,Antibiotic,12,250
J86N298473,Democratzepam,Antifungal,12,130
X48N96582,Cellstatin,Analgesic,12,550
X95Q514892,Totalin,Antibiotic,12,75
M12V615090,Tonightol,Antibiotic,12,450
H2L658444,Piecezepam,Antifungal,12,400
C24E519832,Sincecillin,Vitamin,12,650
T84R903192,Lifezepam,Vaccine,12,650
M81X283633,Girlol,MuscleRelaxant,12,100
L76Z749454,Earlyzepam,Antipsychotic,12,150
O1M915293,Meol,MuscleRelaxant,12,400
D23X834025,Momentcillin,Respiratory,12,115
M38M359296,Restvir,Antihistamine,12,200
D75I340727,Finallycillin,Steroid,12,60
X5F105637,Preparestatin,Vitamin,12,85
D63R96090,Capitalvir,Anti-inflammatory,12,65
K67F846401,Nicezepam,Analgesic,12,500
H85B880720,Attackstatin,Antibiotic,12,300
S72C338130,Musiczepam,Antihypertensive,12,150
L65W456033,Wifeol,Antibiotic,12,300
G78A819244,Qualityin,Antipsychotic,12,100
Z83O57131,Cardstatin,Antifungal,12,550
T34U613539,Mystatin,Anticonvulsant,12,150
A76Z276556,Spacevir,MuscleRelaxant,12,120
N84J166591,Preventxone,Antihypertensive,12,250
B15A919297,Ownercillin,Anticoagulant,12,300
V77M275734,Dinnerstatin,Anticonvulsant,12,200
W61J342521,Fireol,Cardiovascular,12,70
E27F868268,Appearcillin,Steroid,12,350
L39Q77378,Membercillin,Antihypertensive,12,85
A38X715198,Responsestatin,Antipsychotic,12,200
Q55Y947773,Eitherzepam,Antifungal,12,250
U16I715213,Indeedin,Vitamin,12,110
Y46T425254,Collegein,Anticoagulant,12,90
E7Z771579,Specificcillin,Diuretic,12,50
E24L331426,Minutezepam,Diuretic,12,50
Q39F549259,Perhapsol,Antifungal,12,400
Y36X710199,Networkvir,MuscleRelaxant,12,115
Q76V221749,Phonecillin,Respiratory,12,600
D52F951423,Personalol,Antipyretic,12,80
D80C357076,Seasoncillin,Diuretic,12,450
B17H22116,Thirdvir,Antiviral,12,120
N15C726998,Redvir,Cardiovascular,12,95
V79P700521,Strategyin,Anticonvulsant,12,650
N31B746944,Namevir,Anticonvulsant,12,350
C53V144073,Willol,Antihypertensive,12,75
Q24O728877,Littlevir,Antipyretic,12,500
F27C291571,Andvir,Antihistamine,12,350
O97P438954,Traditionalstatin,Antipyretic,12,650
B15X906329,Lightol,Cardiovascular,12,300
K63N612809,Sportvir,Steroid,12,500
Q1L881873,Workin,Anticonvulsant,12,550
E29T605833,Insidecillin,Antihistamine,12,250
O61N533902,Groupstatin,Cardiovascular,12,550
V83M819207,Westvir,Antipyretic,12,130
O75L939492,Activityvir,Cardiovascular,12,100
K67P945935,Indeedvir,MuscleRelaxant,12,60
M60U469707,Degreeol,Antihypertensive,12,115
R63Y347684,Coupleol,Antipsychotic,12,55
N0O239689,Typein,Immunosuppressant,12,300
P21V770723,Everyoneol,Respiratory,12,250
I92A731788,Studentvir,Analgesic,12,300
M74A605887,Whyxone,Anticonvulsant,12,70
U78N842667,Dogxone,Anticoagulant,12,115
V38A203251,Securitycillin,Antidepressant,12,105
R60K201169,Lastzepam,Antihypertensive,12,400
Z43Q843505,Peoplevir,MuscleRelaxant,12,300
C65U274244,Fewzepam,Anticonvulsant,12,110
X37D799292,Worryvir,Antibiotic,12,120
W67D697367,Gardenvir,Antibiotic,12,300
A40R14477,Truthxone,Antipyretic,12,250
N71C960729,Insteadstatin,MuscleRelaxant,12,300
S29O446206,Likelyol,Antifungal,12,120
I24D203116,Ourcillin,Anti-inflammatory,12,550
R34V461948,Analysiszepam,Respiratory,12,150
H14I49031,Covercillin,Immunosuppressant,12,110
P67W289480,Keyin,Antipsychotic,12,95
L86M396058,Readyzepam,Immunosuppressant,12,60
T5P635590,Officeol,MuscleRelaxant,12,150
M98G567488,Livestatin,Antipsychotic,12,150
A42P25027,Imaginecillin,Antiviral,12,50
C79E105571,Issueol,Antipyretic,12,650
Q40K594665,Seriouscillin,Cardiovascular,12,150
H3C766571,Willcillin,Antidepressant,12,60
W48V96071,Bestol,Cardiovascular,12,60
S97C851940,Futurein,Steroid,12,350
I13U741506,Aboutzepam,Vaccine,12,115
O68V81472,Economyzepam,Antihistamine,12,60
M18M795323,Todayin,Anticoagulant,12,70
H38F547723,Tellin,Anticoagulant,12,450
H26Z532810,Statementol,Antihypertensive,12,120
P63Q609688,Smallxone,Antipyretic,12,85
Y91H402836,Mezepam,MuscleRelaxant,12,140
O22C223896,Shestatin,Cardiovascular,12,70
O41A214598,Himselfxone,Antibiotic,12,350
B54R262508,Lowstatin,Anticonvulsant,12,350
H37K365906,Myselfxone,Antidepressant,12,550
T52M637593,Situationin,Antihistamine,12,200
E50V588384,Organizationcillin,Antifungal,12,200
M76I650173,Runvir,Immunosuppressant,12,150
D87X921938,Beautifulcillin,Anti-inflammatory,12,250
P63C194672,Everol,Antihypertensive,12,150
V41V169879,Firein,Antibiotic,12,250
Y95X223936,Partnerxone,Cardiovascular,12,500
N46Q196461,Democratvir,Antipsychotic,12,600
N21N120761,Ideaol,Diuretic,12,80
L57A990052,Describecillin,Respiratory,12,50
P39S121360,Controlvir,MuscleRelaxant,12,115
P65W936214,Hourcillin,Antipsychotic,12,65
L96U527419,Subjectstatin,Respiratory,12,500
B19A29824,Shouldstatin,Anti-inflammatory,12,70
X29Z603428,Arguevir,Respiratory,12,105
F79L652214,Tripstatin,Antihypertensive,12,350
X49P88494,Testol,Analgesic,12,90
K56U101599,Untilol,Vaccine,12,400
C18Y805613,Orvir,Vaccine,12,90
J33C685931,Couldstatin,Antiviral,12,250
C53D346491,Whereol,Anticoagulant,12,650
E20N724480,Evenvir,Respiratory,12,300
I42W172649,Representzepam,Vitamin,12,550
W7S998154,Withinxone,Antiviral,12,50
C39V560207,Couplein,Anticoagulant,12,85
Z29X396112,Listvir,Antibiotic,12,105
J74X313770,Openin,MuscleRelaxant,12,400
Z76R359720,Ifstatin,Diuretic,12,150
W54R359391,Mostvir,MuscleRelaxant,12,200
Q56F246628,Goalxone,Anti-inflammatory,12,120
C91D920686,Practicevir,Immunosuppressant,12,100
U12W296721,Protectin,Antifungal,12,65
E0I602504,Statestatin,Diuretic,12,650
E89P238174,Humanstatin,Antibiotic,12,300
H47W331490,Behindcillin,Antihistamine,12,400
A99J87661,Simplyin,Antiviral,12,65
J44Y531254,Mediazepam,Antidepressant,12,80
S95K216848,Pickol,Respiratory,12,450
U93I676910,Womanxone,Vaccine,12,70
O4Q45887,Nextxone,Analgesic,12,60
N45M58916,Reasonstatin,Anti-inflammatory,12,200
R72J807303,Southin,Antihistamine,12,95
C21M456100,Reduceol,Diuretic,12,120
Q98V955018,Sourcezepam,Steroid,12,550
Y94K531213,Offerxone,Antifungal,12,150
Q19W514601,Dreamstatin,Steroid,12,350
E68A66771,Deepxone,Antihistamine,12,250
E74V471237,Crimexone,Antihistamine,12,120
B57N671152,Womanxone,Antidepressant,12,250
E27Z462283,Aroundstatin,Steroid,12,300
G41D529315,Yearxone,Vaccine,12,250
Z97I41676,Accordingzepam,Antihistamine,12,500
T22M859835,Towncillin,Steroid,12,650
X78F574517,Playstatin,Anticonvulsant,12,70
F69B991688,Decidevir,Vaccine,12,250
L39Q360306,Millionin,Antihistamine,12,350
F25B262668,Timestatin,Diuretic,12,200
G41I945978,Moneyxone,Antiviral,12,85
J55P306053,Conferencevir,Antibiotic,12,55
M47F116694,Rightin,Antipyretic,12,115
L90R866647,Leadol,Antihistamine,12,250
Q26U498603,Sitestatin,Respiratory,12,60
G31X483684,Raisezepam,Antihypertensive,12,85
Q17N896038,Stagezepam,Respiratory,12,350
V87Y155201,Entirecillin,Antihypertensive,12,150
Y84D304239,Bein,MuscleRelaxant,12,60
I14M303209,Financialvir,Vaccine,12,105
Y0N504607,Mediain,Respiratory,12,200
C74I276830,Letterzepam,Antihistamine,12,125
C44H691685,Ratevir,Antifungal,12,115
B68T117609,Sidecillin,Steroid,12,110
L14G523318,Returnzepam,Antihistamine,12,150
U71M124177,Manyxone,Anticoagulant,12,250
X16Y933958,Tablestatin,Antihypertensive,12,200
E5U237551,Popularstatin,Respiratory,12,450
O91J504973,Culturalstatin,Analgesic,12,100
W14Q109150,Discussvir,Steroid,12,550
V50O135884,Severalol,Antidepressant,12,250
T84F847704,Discussol,Vitamin,12,300
E58T453085,Lotxone,Anticonvulsant,12,600
A30U56501,Weekin,Antibiotic,12,200
W95K951191,Topol,Antidepressant,12,105
P97X21319,Behaviorcillin,Antipyretic,12,150
U9E634836,Richzepam,Antipyretic,12,70
Y47S31411,Environmentalzepam,Steroid,12,600
T51D792588,Kidxone,Anti-inflammatory,12,300
F40T953102,Financialstatin,Cardiovascular,12,300
T90C805722,Providexone,MuscleRelaxant,12,55
N95A887301,Finexone,Antihistamine,12,400
S33Y383100,Pastcillin,Antibiotic,12,650
I50N14019,Challengestatin,MuscleRelaxant,12,200
T91B647212,Myselfxone,Antiviral,12,200
X78A846048,Televisionstatin,Diuretic,12,150
U14H454556,Thoughtstatin,Analgesic,12,550
X23I405776,Futurezepam,Analgesic,12,70
E16P926970,Alreadyvir,Vitamin,12,550
H98N293397,Answervir,Antidepressant,12,100
N6Q633583,Bezepam,Antihistamine,12,50
W54G228495,Ownercillin,Antihypertensive,12,300
S43S994097,Decadecillin,Cardiovascular,12,300
Z5I406147,Existol,Antifungal,12,450
S99B835604,Pointvir,Immunosuppressant,12,450
J22S3306,Roadvir,Analgesic,12,50
X60Y625513,Variousvir,Anticonvulsant,12,250
O26D561208,Economystatin,Diuretic,12,115
W8D414245,Discussol,Vaccine,12,600
A62Y41202,Partstatin,Cardiovascular,12,125
Z71Q375718,Analysisin,Anticoagulant,12,80
I80H500812,Beautifulstatin,Antipsychotic,12,85
I60I396775,Researchzepam,Antihypertensive,12,200
X75P3085,Togetherzepam,Antibiotic,12,60
V48G377844,Boardstatin,Immunosuppressant,12,90
H58M495147,Tenxone,Antihistamine,12,80
V70P34946,Generationvir,Analgesic,12,65
W3V485965,Notol,Antipsychotic,12,450
W32P435318,Farvir,Antibiotic,12,350
M1Q751831,Closestatin,Cardiovascular,12,600
A47J858572,Presidentin,Antiviral,12,500
B99P747467,Evenxone,Vitamin,12,110
M19M442712,Shouldzepam,Vaccine,12,350
F13S896709,Landcillin,Antifungal,12,55
K82G180189,Factol,Antiviral,12,55
X18Y690860,Productol,Respiratory,12,550
D88M110143,Suggestzepam,Antibiotic,12,550
B35A775010,Subjectcillin,Analgesic,12,105
G2N831376,Southernol,Steroid,12,300
H28U688432,Westernvir,Steroid,12,350
P37I591437,Notol,Anticoagulant,12,80
B76N479556,Hospitalin,Anticoagulant,12,110
L5O473804,Agestatin,Antibiotic,12,600
Z58Z114074,Hopestatin,Antipsychotic,12,450
B17D957291,Majorityxone,Antihypertensive,12,350
N27M386117,Computerzepam,Antipsychotic,12,450
P9P846199,Richol,MuscleRelaxant,12,250
V64V258227,Discoverxone,Antihistamine,12,500
K71I391462,Airzepam,Analgesic,12,50
Z94Z302199,Bringzepam,Analgesic,12,100
U33V441485,Providexone,Steroid,12,100
G22F215179,Existcillin,Antihistamine,12,55
G79B577976,Wrongcillin,Antipsychotic,12,550
W52F445542,Followcillin,Anticoagulant,12,500
Y63A958902,Theyzepam,Vitamin,12,550
A83Q582373,Seemzepam,Antihistamine,12,105
Z86K873431,Thecillin,Antiviral,12,100
V45O674917,Matterzepam,Immunosuppressant,12,350
U3I642421,Commercialol,Anticonvulsant,12,450
I89S964129,Sufferol,Vitamin,12,150
X82K510368,Lifevir,Antibiotic,12,550
T41N151332,Ideaol,Antifungal,12,105
P57Z606739,Attackxone,Antipsychotic,12,100
K6G550971,Houseol,Antifungal,12,600
B60C761771,Companycillin,Antiviral,12,300
H4Y84050,Seaxone,Vitamin,12,75
N32J581336,Byxone,Antifungal,12,450
H77X523371,Differencevir,Cardiovascular,12,65
Q58R983919,Hairvir,Vaccine,12,300
Q62Z215690,Ourvir,Anti-inflammatory,12,115
V86C366056,Designol,Antihistamine,12,70
J68Y366620,Particularlycillin,Vaccine,12,110
I13R587130,Choicestatin,Vitamin,12,60
O44F779220,Hardxone,Antiviral,12,80
G93X361487,Internationalol,Antihypertensive,12,110
X97D510884,Collectionvir,Antipsychotic,12,650
B1Y183993,Officialol,Immunosuppressant,12,55
S72M731646,Blackin,Respiratory,12,650
T32W885983,Typezepam,Antidepressant,12,150
X24M946084,Getvir,Antibiotic,12,75
U31D243187,Actionxone,Diuretic,12,250
S56K539045,Justin,Anticonvulsant,12,550
F32H942005,Insidestatin,Immunosuppressant,12,150
N94C769533,Sitecillin,Antipsychotic,12,75
B99X71333,Designin,Analgesic,12,115
E46U909075,Serviceol,Antipsychotic,12,95
Q44D731009,Simplestatin,Vitamin,12,250
F52N409409,Monthvir,Cardiovascular,12,450
S24D997284,Questionstatin,Analgesic,12,200
V64W589922,Secondcillin,Vitamin,12,75
Y86K652446,Lessol,Immunosuppressant,12,55
Y46V631940,Sportol,Anticonvulsant,12,200
V5J482676,Positionxone,Antiviral,12,550
G41U516078,Doctorin,Analgesic,12,115
F57Y325119,Importantcillin,Steroid,12,85
Z34M270208,Leadstatin,Antihypertensive,12,550
L6H454214,Finallyin,Anticoagulant,12,115
K26N608275,Sheol,Anti-inflammatory,12,600
Y64B564228,Majorin,Respiratory,12,110
C14T241782,Wordstatin,Antihistamine,12,650
W64K857063,Benefitxone,Antiviral,12,60
E27N41917,Thesein,Immunosuppressant,12,90
H28E427974,Seekzepam,Antihypertensive,12,550
V81U56852,Increasevir,Antiviral,12,80
W40O260212,Kidin,Antibiotic,12,85
V71H944892,Surezepam,Anticoagulant,12,450
N97O12305,Couplecillin,MuscleRelaxant,12,450
G86C493086,Internationalxone,Cardiovascular,12,60
T15B710919,Stationcillin,Diuretic,12,80
G12E178456,Worldcillin,Immunosuppressant,12,65
U17I136216,Asin,Respiratory,12,95
E69E800303,Towardvir,Analgesic,12,105
Y11J817732,Letin,Diuretic,12,200
T86Q748489,Personalin,Antibiotic,12,100
I86E888679,Forxone,Diuretic,12,500
U53N339777,Conferencestatin,Antipyretic,12,100
I12S381096,Eitherstatin,Cardiovascular,12,85
D51B400241,Abovein,Antihypertensive,12,350
D56J86225,Dinnerol,Antidepressant,12,550
K13J308342,Nearvir,Antihistamine,12,50
E1X831299,Cellvir,Antidepressant,12,85
P2J833245,Naturevir,Antihistamine,12,100
I27V575190,Couldin,Antipyretic,12,550
B96F185716,Dropvir,Diuretic,12,650
L54Q637680,Spendcillin,Immunosuppressant,12,110
B37G695974,Linevir,Analgesic,12,110
F18D157368,Friendstatin,MuscleRelaxant,12,200
R89M775787,Treein,Antidepressant,12,150
B37D426060,Addcillin,MuscleRelaxant,12,100
S19H619920,Phonevir,Anticoagulant,12,85
K10K383994,Teachxone,Vaccine,12,400
H96Y955101,Plancillin,Antipsychotic,12,650
F71Q66939,Partcillin,Antihypertensive,12,55
X59D654652,Asxone,Cardiovascular,12,85
X19K265429,Ownzepam,Analgesic,12,90
T96J245324,Presidentcillin,Cardiovascular,12,150
X71K207171,Churchvir,Antipsychotic,12,350
N30V94657,Notin,Diuretic,12,600
G75X443035,Throughol,Vaccine,12,65
A97J914677,Arrivexone,Anticoagulant,12,110
Y63V614207,Rulevir,Antidepressant,12,95
L34V563139,Peacevir,Steroid,12,115
I58M85958,Thoughcillin,Anticoagulant,12,200
V34E372836,Musicol,Antihistamine,12,80
J59K433168,Exactlystatin,Antibiotic,12,85
Q80S115309,Effortxone,Antifungal,12,300
M83N739658,Articlezepam,Antidepressant,12,120
D95F988436,Involvevir,Antipsychotic,12,600
Z78S872456,Inzepam,Anti-inflammatory,12,60
V42K576450,Greatin,Antidepressant,12,95
C5I263717,Behindin,Antiviral,12,450
Z41A56289,Realizevir,Steroid,12,75
E13L611119,Culturezepam,Antihypertensive,12,550
I45F320074,Describeol,Antibiotic,12,120
B40N332766,Tripin,Respiratory,12,200
D92Y902549,Productionin,Steroid,12,100
H44A328780,Eveningol,Antifungal,12,55
W92T265721,Fewstatin,MuscleRelaxant,12,45
X51S477799,Timexone,Respiratory,12,600
N37O66251,Kitchenxone,Antipsychotic,12,300
Z22K188833,Kidxone,Respiratory,12,105
Z36K164205,Operationvir,Antihypertensive,12,120
V55P465016,Usezepam,MuscleRelaxant,12,300
S27S644204,Civilxone,MuscleRelaxant,12,400
U12S344975,Includingzepam,Antidepressant,12,120
C17C656188,Havexone,Antipsychotic,12,60
E74L280924,Programxone,Antipyretic,12,500
V34C102650,Centercillin,Antidepressant,12,200
M43H36616,Worldxone,Anticonvulsant,12,145
J4I371167,Hospitalin,Antiviral,12,100
V88I160251,Situationol,Immunosuppressant,12,55
Z41K788469,Possibleol,Analgesic,12,200
I32W294327,Availableol,Steroid,12,400
W67S518455,Audiencecillin,Anticoagulant,12,70
E93Z183849,Setcillin,MuscleRelaxant,12,650
Z28H582553,Electionin,Anti-inflammatory,12,75
G95Y776781,Popularstatin,Anti-inflammatory,12,80
T34J735274,Reportol,Antiviral,12,55
S56U18463,Purposexone,Diuretic,12,200
C95W510858,Authorityzepam,Immunosuppressant,12,300
Y96O371946,Bluestatin,Antihistamine,12,110
M66D169188,Offerstatin,Analgesic,12,650
X34N571879,Threatzepam,Vaccine,12,250
Q89L695799,Staffzepam,Immunosuppressant,12,600
K77W122150,Wantxone,Antifungal,12,250
V10T199745,Deepvir,Antibiotic,12,60
B7N351456,Noticeol,Antibiotic,12,110
F41S411458,Forwardxone,Steroid,12,250
Y48N427118,Productcillin,Antipsychotic,12,300
M85B746216,Storeol,Analgesic,12,90
E34T325244,Momentin,Anticoagulant,12,300
C61Q166450,Goalin,MuscleRelaxant,12,120
Y71G658765,Bitin,Respiratory,12,70
Y47M25086,Seekvir,Diuretic,12,145
N95U166019,Simplyin,Immunosuppressant,12,95
J56B170590,Finalin,Immunosuppressant,12,300
I9J365422,Recentin,Antidepressant,12,250
V79D340197,Gamestatin,Vaccine,12,600
E30N340301,Possiblein,Anticonvulsant,12,140
L44W811142,Givecillin,Immunosuppressant,12,350
G13K278333,Topxone,Antipsychotic,12,150
W8I171326,Windowstatin,Steroid,12,450
U18L472578,Jobstatin,Antifungal,12,400
D89F261196,Communityin,Anticonvulsant,12,650
B96J742176,Methodzepam,Cardiovascular,12,95
A97E131417,Roomvir,Antipsychotic,12,250
Y77Q401286,Culturalin,Antiviral,12,400
C22Q685455,Lessvir,Antihistamine,12,150
S99E747493,Differentxone,Respiratory,12,400
L25N505892,Betweenvir,Antipsychotic,12,80
D30A254320,Informationol,Cardiovascular,12,500
R78Z120417,Stopol,Antihypertensive,12,75
A93Q366955,Bothin,Antiviral,12,300
B70Y271189,Majorstatin,Antipsychotic,12,450
S97X553160,Insidevir,Antidepressant,12,55
T91E479719,Summerstatin,Antibiotic,12,50
S38G996234,Learncillin,Antiviral,12,85
W50I315397,Nightvir,Diuretic,12,300
U35X806409,Treatzepam,Steroid,12,90
G5V222546,Enoughin,Steroid,12,60
M48F803214,Workin,Immunosuppressant,12,120
R23R454555,Wearcillin,Respiratory,12,115
A49Q787599,Eventxone,Anticoagulant,12,105
V94C898213,Strongol,Immunosuppressant,12,300
J12H150954,Tendstatin,Antiviral,12,85
Y0W141504,Throwin,Antibiotic,12,450
D97J314432,Chancezepam,MuscleRelaxant,12,95
N70K705845,Hopeol,Vitamin,12,350
C28W393939,Degreein,Anticoagulant,12,300
J32G673700,Lastcillin,Diuretic,12,300
W69G578251,Boxin,Antihistamine,12,400
B34X164364,Windzepam,Antihypertensive,12,70
C16Z35442,Tellxone,Vaccine,12,65
Z29N412276,Ivir,Antidepressant,12,70
A33I899219,Seekol,Immunosuppressant,12,75
H86W303693,Quicklystatin,Antidepressant,12,135
S4E960496,Secondzepam,Anticoagulant,12,60
L39A166498,Partnerin,Respiratory,12,300
P96N338440,Againzepam,Antibiotic,12,650
T74G362864,Singzepam,Antipyretic,12,500
E77N18229,Forwardin,Antidepressant,12,650
N14B865710,Centralin,Anti-inflammatory,12,90
F7K184447,Partol,Steroid,12,100
B87D960699,Servicexone,Anti-inflammatory,12,105
J60Z869063,Languagexone,Cardiovascular,12,300
V42X229229,Visitxone,Antifungal,12,500
F48I680584,Paperxone,Vaccine,12,100
R98P492226,Yourol,Antipyretic,12,600
A1K252467,Keyin,Antihypertensive,12,90
Z69X915836,Linein,Antidepressant,12,115
M94K932430,Flystatin,Vaccine,12,55
Y18Z672601,Lookxone,Antihypertensive,12,600
T29B711632,Northin,Anti-inflammatory,12,110
S56E611149,Mouthvir,Diuretic,12,350
S71K722971,Lowcillin,Diuretic,12,70
G45A575148,Technologystatin,Vitamin,12,300
V60S917481,Warxone,Antibiotic,12,95
J27B906168,Highxone,Vaccine,12,85
A26N563021,Reachvir,Antifungal,12,105
I74O35898,Eatin,Antiviral,12,80
J14J19281,Onvir,Anticonvulsant,12,110
W43F40091,Somebodycillin,Antidepressant,12,450
L99Y291586,Securityin,Diuretic,12,105
E78E763061,Worrycillin,Cardiovascular,12,300
S81S951769,Agencyin,Antipsychotic,12,250
V32Z414117,Dealxone,Anticonvulsant,12,200
A62P150611,Authorityol,Vitamin,12,200
A76B811492,Gascillin,Diuretic,12,250
M54P671223,Backxone,Antibiotic,12,60
C79Z29561,Waitstatin,Respiratory,12,250
N29I763399,Northvir,Anti-inflammatory,12,450
H84Q833380,Riseol,Antiviral,12,350
M51D809044,Getstatin,Analgesic,12,200
L55K976425,Regionzepam,Anticoagulant,12,65
K66A420687,Whycillin,Steroid,12,300
U8K74456,Mestatin,Analgesic,12,200
L55S460009,Themvir,Diuretic,12,150
K21W561513,Timein,Antibiotic,12,70
M85F700624,Knowledgestatin,Cardiovascular,12,110
E35R134134,Tablestatin,Analgesic,12,70
T24J504776,Andcillin,Antihistamine,12,50
Y15E980559,Likein,Vitamin,12,600
R66R716741,Cityxone,Antiviral,12,600
C81K734508,Entirecillin,MuscleRelaxant,12,450
Q29J460796,Subjectin,Analgesic,12,70
A87X368592,Answervir,Antipyretic,12,100
L88H839081,Militaryin,Immunosuppressant,12,55
Q42S741748,Hestatin,Cardiovascular,12,65
B78T601259,Internationalstatin,Antidepressant,12,550
Y7H339281,Traditionalol,Antihypertensive,12,350
H55W892972,Communityol,Analgesic,12,400
W47O940813,Bookin,Antipsychotic,12,500
Q92F262097,Himcillin,Antipsychotic,12,650
T74E241414,Shecillin,Antihistamine,12,150
E71V934841,Directorxone,Antihistamine,12,250
M43Q303923,Officialvir,Vitamin,12,450
W45K812481,Forgetstatin,Antibiotic,12,400
D85U658498,Joinin,Analgesic,12,400
L28J191139,Sonvir,Vitamin,12,95
J26E212061,Actuallyxone,Diuretic,12,115
Y66N557558,Notol,Anti-inflammatory,12,600
L48U165433,Totalin,Analgesic,12,120
P15A821244,Missioncillin,Antifungal,12,50
S67P87384,Almostol,Antihypertensive,12,55
F14K603570,Itemzepam,Antihistamine,12,115
V40L620138,Activityin,Antipyretic,12,60
F24F343027,Leadzepam,Antihypertensive,12,75
C94R114185,Drawvir,Antiviral,12,300
X20F906058,Oldcillin,Analgesic,12,650
B97M536501,Tripin,Vaccine,12,650
N65U69108,Courseol,Steroid,12,300
R90S736478,Businessxone,Antihistamine,12,60
J67U981592,Walkin,Antiviral,12,450
C49W282473,Instatin,Vaccine,12,550
G11U134327,Animalstatin,Cardiovascular,12,50
O81K414741,Helpvir,Anti-inflammatory,12,55
R77Z472099,Recentlycillin,MuscleRelaxant,12,250
M51G160823,Soonzepam,Antipsychotic,12,250
A84D694715,Includezepam,Vitamin,12,120
M68R555298,Financialol,Antiviral,12,600
K60W947726,Pricecillin,Antihypertensive,12,250
F40U993188,Computerxone,Antiviral,12,105
X94H790004,Maybestatin,Anticonvulsant,12,450
A88W783093,Movestatin,Antifungal,12,65
P7Q251,Shakeol,Anticoagulant,12,100
W19X910879,Onzepam,Anti-inflammatory,12,95
L1K798442,Populationstatin,Immunosuppressant,12,300
Q17L214359,Filmol,Analgesic,12,200
U97U670115,Thirdvir,Antihistamine,12,125
F33X924331,Expectzepam,Antidepressant,12,550
X37C983014,Moneyvir,Antiviral,12,85
N69L948885,Importantvir,Antihistamine,12,70
G43C106958,Buildol,Antipyretic,12,600
E19W77389,Cupol,Vitamin,12,80
F49H208539,Familyol,Vitamin,12,250
Y6C516846,Gascillin,Anti-inflammatory,12,150
U54A179632,Bothcillin,Antidepressant,12,600
O4R613051,Findin,Immunosuppressant,12,150
C45O352791,Abovezepam,Antihistamine,12,90
E4V685492,Realol,Respiratory,12,150
D24Q896683,Anythingzepam,Antiviral,12,300
Z57U474552,Playerzepam,Analgesic,12,110
X75W869572,Rockin,Anticoagulant,12,550
J57Y743868,Westernvir,Steroid,12,55
W4Z376420,Roadzepam,Anti-inflammatory,12,90
R75B633651,Scorecillin,Respiratory,12,90
C28A389496,Indeedvir,Vaccine,12,300
G99K855259,Speechstatin,Anti-inflammatory,12,150
W1E681833,Letvir,Analgesic,12,650
E36Q992402,Friendcillin,Analgesic,12,550
J66F790978,Agencyzepam,Antidepressant,12,400
D77K433779,Preparexone,Antidepressant,12,150
N29P827815,Agreeol,Antihypertensive,12,150
X92W161373,Yetin,Analgesic,12,50
I83P734605,Partnercillin,Diuretic,12,150
L41K617110,Familystatin,Antibiotic,12,105
S33R11194,Bagstatin,Antibiotic,12,50
B86C323586,Firexone,Immunosuppressant,12,90
G29L129219,Secondin,Antiviral,12,85
M88K240131,Shoulderin,Vitamin,12,500
X81V953406,Focuszepam,Antihistamine,12,450
B29Y375218,Defensestatin,Antiviral,12,450
V75Z865679,Preparezepam,Anticoagulant,12,80
B72V72607,Tablestatin,Cardiovascular,12,95
E83C9990,Presidentstatin,Anti-inflammatory,12,95
X70G243916,Inzepam,MuscleRelaxant,12,450
N78L160541,Cutvir,Diuretic,12,300
Y45I974945,Includingin,Diuretic,12,120
G33O882277,Educationin,Antihistamine,12,450
Y24H78764,Establishxone,Antiviral,12,90
W49E6696,Parentxone,Antihypertensive,12,110
R50A678805,Truthstatin,Vaccine,12,110
C76L447923,Firstxone,Respiratory,12,450
K83P744687,Upstatin,Antipsychotic,12,150
W43L719210,Requirezepam,Antipyretic,12,550
S22U248449,Culturalzepam,Diuretic,12,300
G17T69954,Stillin,Antidepressant,12,115
P11P941288,Agreementol,Steroid,12,150
U18M287977,Andol,MuscleRelaxant,12,70
T50I327259,Yearxone,Anticonvulsant,12,150
H70C222736,Workcillin,Antihypertensive,12,90
J76U842069,Subjectzepam,Cardiovascular,12,80
T46X183871,Interviewcillin,Antifungal,12,150
Y4W908178,Hotol,Antipyretic,12,65
T16U982711,Springin,Steroid,12,55
M46U160922,Majorin,Antihypertensive,12,300
N33F477109,Hisin,Antifungal,12,450
I0U785960,Generationvir,Anti-inflammatory,12,115
Z92M786735,Reasonin,Diuretic,12,300
Z74R933560,Backvir,Anticonvulsant,12,85
S42D19755,Forstatin,Vaccine,12,110
O0G320088,Interestingvir,Analgesic,12,200
E16Y764795,Someonein,Antihistamine,12,90
P94T231078,Oftenol,Diuretic,12,400
M6H992081,Losein,Anticonvulsant,12,300
Z21C469675,Reportstatin,Antihistamine,12,300
Y3L479943,Safexone,Antidepressant,12,110
O76M928376,Sometimesin,Immunosuppressant,12,120
X79M336381,Thingstatin,Antipsychotic,12,75
J45L508624,Happenstatin,Steroid,12,300
H72X281918,Countryxone,Antihistamine,12,150
S6B441375,Materialol,Anticoagulant,12,200
W53A269324,Successol,Antibiotic,12,90
B62N29543,Financialol,Steroid,12,85
V84J246715,Ownerzepam,Diuretic,12,650
Q1C227600,Buyin,Antifungal,12,50
E0C806931,Shortin,Antipyretic,12,85
Y98N549537,Controlcillin,Diuretic,12,50
N65J234994,Legxone,Antihistamine,12,130
G53A559224,Atvir,Immunosuppressant,12,500
Q31B964815,Redol,Vitamin,12,135
H69Z503270,Attentionstatin,Antibiotic,12,200
E28F24596,Sometimeszepam,Antifungal,12,600
P91R936885,Computerol,Anticoagulant,12,300
M59B485446,Hundredcillin,Analgesic,12,300
U46M212294,Votexone,Cardiovascular,12,65
T19L776159,Hardvir,Immunosuppressant,12,100
U9M760613,Overstatin,Anti-inflammatory,12,120
F68P387065,Purposecillin,Antipyretic,12,650
W57C69860,Communitystatin,Vaccine,12,350
Z63X722485,Visitol,Anticonvulsant,12,600
P29X772082,Onvir,Respiratory,12,500
G88W326403,Authorityxone,Anticonvulsant,12,115
U13G672466,Endin,Diuretic,12,150
V72K885753,Particularlyol,Antihypertensive,12,600
U62C219197,Northxone,Antihistamine,12,75
N60G661117,Dostatin,Antifungal,12,70
S38Y977132,Throwstatin,Antihypertensive,12,70
H76L903170,Methodol,Anti-inflammatory,12,60
G21V198189,Conditionzepam,Antipsychotic,12,120
Z95B168148,Whatevercillin,Antifungal,12,450
S50Y911895,Processzepam,Antidepressant,12,350
F84D34492,Hardzepam,Anticoagulant,12,70
W69R689586,Letterol,Antiviral,12,300
T63G758463,Magazinevir,Antibiotic,12,50
X4I733470,Interestingcillin,Antihistamine,12,95
Q24D946676,Resultvir,Antifungal,12,400
S19T509821,Justvir,Respiratory,12,450
J6E789972,Treeol,Antidepressant,12,150
K38M124562,Himstatin,Vitamin,12,145
P51Z709752,Relationshipol,MuscleRelaxant,12,300
B80Z854440,Considerstatin,Respiratory,12,70
C48S328087,Freeol,Vaccine,12,500
D67L854654,Soldierol,Vitamin,12,450
V59X255453,Designxone,Analgesic,12,300
B96F664091,Leaderzepam,Diuretic,12,105
N47N201476,Somebodycillin,Antidepressant,12,300
J61U646138,Breakol,Antipyretic,12,80
L55K405131,Formervir,Anticoagulant,12,350
T56P3057,Exactlyzepam,Antipyretic,12,450
U28O387350,Seekvir,Vaccine,12,300
W33L657567,Institutionvir,Analgesic,12,75
H75T961194,Understandvir,Antihypertensive,12,650
M23L164521,Leavexone,Antidepressant,12,145
V66V874954,Electionin,Anticoagulant,12,120
R38P351662,Withcillin,Cardiovascular,12,250
L23D164070,Askstatin,Antipsychotic,12,300
L22W803713,Focusvir,Anti-inflammatory,12,350
R13D631976,Keepin,Anticonvulsant,12,350
Y11M760708,Despitecillin,Immunosuppressant,12,650
G25Y673268,Farol,Antihypertensive,12,150
F20J967656,Thanol,Antidepressant,12,500
W2C170048,Centuryxone,Antidepressant,12,500
G77O14998,Projectin,Analgesic,12,85
C19J707101,Representvir,Antifungal,12,350
Z46E946791,Duringstatin,Anti-inflammatory,12,55
R60C229870,Playvir,Vitamin,12,400
A12H971441,Nearstatin,Diuretic,12,200
I16G717623,Teachercillin,Antidepressant,12,95
D92X476030,Southxone,Vitamin,12,130
O81I767841,Agencyvir,Anticonvulsant,12,350
K21T806596,Ownvir,Diuretic,12,300
F3E248600,Laterzepam,MuscleRelaxant,12,650
P92V380298,Attorneyol,Respiratory,12,120
C59O476691,Trialxone,Antifungal,12,500
P3J354136,Notein,Antipsychotic,12,75
B11V97575,Localin,Antidepressant,12,550
S90Y689459,Detailstatin,Antifungal,12,300
R92W996425,Whosein,MuscleRelaxant,12,300
H13K689959,Perstatin,MuscleRelaxant,12,250
H85L285298,Designol,Immunosuppressant,12,250
W45T848278,Executivein,Antiviral,12,650
C51B264008,Millionxone,Antiviral,12,90
X47L973103,Withinxone,Antihistamine,12,80
Y81A932211,Callvir,Antifungal,12,650
Q55E517053,Sincein,Diuretic,12,85
R58Y649897,Walkzepam,Anti-inflammatory,12,600
F78M613159,Tonightstatin,Diuretic,12,500
E11Y3865,Yearol,Antipsychotic,12,200
X70C917866,Nightxone,MuscleRelaxant,12,75
L33S583288,Secondxone,Antifungal,12,600
J55X899820,Tendcillin,Cardiovascular,12,90
D73G123798,Operationzepam,Antipyretic,12,115
J43T358175,Surfaceol,Antipsychotic,12,550
I11M986507,Recentlyxone,Antiviral,12,300
X94F601879,Acrossvir,Antiviral,12,95
N65L139826,Boxxone,Steroid,12,150
J63B840691,Viewstatin,Analgesic,12,50
Q39A917148,Wideol,Anticoagulant,12,300
B6B75465,Ontozepam,Antihypertensive,12,300
R47Y483769,Airvir,Antifungal,12,500
U80R94458,Suchcillin,Antihypertensive,12,300
W65V375869,Carxone,Antifungal,12,300
T21R290667,Studentcillin,Antipsychotic,12,600
F19W357798,Consumerol,Antiviral,12,85
I6Q254525,Mainvir,Cardiovascular,12,300
U29C255291,Feelingcillin,Cardiovascular,12,200
Y35L739622,Casestatin,Anti-inflammatory,12,450
A98M800879,Imagein,MuscleRelaxant,12,550
P33P154857,Generationin,Antiviral,12,85
R58K309999,Insteadzepam,Steroid,12,90
K59V384057,Therecillin,Anti-inflammatory,12,65
N59L739379,Thiscillin,Antidepressant,12,200
H61P197935,Newspaperzepam,Diuretic,12,50
B97G606415,Havevir,Anti-inflammatory,12,400
X24A890829,Allowzepam,Antipsychotic,12,600
M7C993866,Teachin,Anti-inflammatory,12,650
T4U800902,Pickol,MuscleRelaxant,12,400
F98W543451,Thesevir,Analgesic,12,50
H55S455779,Nationalzepam,Antihistamine,12,140
E32T931013,Presentxone,Cardiovascular,12,120
L14Z957876,Reallyxone,Anti-inflammatory,12,300
B63F620840,Futurein,Antihistamine,12,120
P35G15489,Membercillin,Antipsychotic,12,500
X68F500527,Clearol,Antipsychotic,12,115
B84M278791,Managezepam,Antihypertensive,12,300
I99L839536,Finishstatin,Antibiotic,12,650
V11H620346,Supportin,Cardiovascular,12,350
Z28M354962,Bothxone,Antifungal,12,90
M90Q941011,Investmentxone,Antipsychotic,12,500
J69V324236,Abovezepam,Antihistamine,12,55
W5M134110,Discussionstatin,Vitamin,12,250
Z99Z443149,Suchzepam,Anticoagulant,12,150
Z95A763578,Courtzepam,MuscleRelaxant,12,120
O49J46026,Elsein,Antipsychotic,12,650
H23N941600,Experiencezepam,Anticoagulant,12,95
W80P638612,Defensexone,Anticoagulant,12,650
M11A311827,Babyxone,Steroid,12,70
M8H846255,Necessaryzepam,Respiratory,12,300
Q57P593204,Generalstatin,Antipsychotic,12,200
N26A953830,Artzepam,Steroid,12,350
J21G586023,Wearzepam,Anti-inflammatory,12,250
P57Y122204,Explainxone,Vaccine,12,450
H90M231565,Airzepam,Vaccine,12,400
B95G407970,Generalin,Immunosuppressant,12,450
K38B682292,Naturevir,Antiviral,12,500
K80Y411311,Moderncillin,Respiratory,12,400
I31E33106,Successol,Antipsychotic,12,650
M15P825949,Pastzepam,Diuretic,12,125
L21Y975447,Whenzepam,Antipyretic,12,250
Y13V917504,Sharevir,MuscleRelaxant,12,75
A3K404081,Setstatin,Diuretic,12,80
I19J464647,Discussionol,Analgesic,12,55
Z8C807658,Politicscillin,Antifungal,12,550
H91P92184,Seemstatin,MuscleRelaxant,12,300
J62P923080,Catchcillin,Antifungal,12,55
C92S813080,Withol,Anti-inflammatory,12,110
K49A965369,Buyvir,Diuretic,12,100
X33H687234,Whetherxone,Antidepressant,12,400
B28K530077,Whoxone,Cardiovascular,12,150
B64T768549,Standardstatin,Immunosuppressant,12,650
U37C718251,Minuteol,Anticonvulsant,12,115
A81C613392,Southol,Respiratory,12,75
A90X507229,Scienceol,Anti-inflammatory,12,85
E63H748432,Howevervir,MuscleRelaxant,12,110
X57Z989674,Uponstatin,Antifungal,12,250
X56W78977,Subjectol,Antihypertensive,12,300
Q26T799981,Imagexone,Antihistamine,12,350
O53X509630,Tonightvir,Diuretic,12,70
R3W554482,Thoughstatin,Antipyretic,12,500
Z35W76207,Hitxone,Anticoagulant,12,600
N48R941842,Naturalzepam,Antidepressant,12,75
B6D241488,Kidcillin,Antibiotic,12,65
J62V4771,Pricecillin,Antihypertensive,12,90
A24M887483,Voteol,Steroid,12,450
R14Q884711,Hisol,MuscleRelaxant,12,80
W83T742581,Somethingzepam,Antipsychotic,12,250
L66H980418,Windowzepam,Immunosuppressant,12,100
B74F864010,Simplein,Antipsychotic,12,500
A7M23880,Themxone,Analgesic,12,55
M86P808388,Eachcillin,Anti-inflammatory,12,500
E4L93734,Dealcillin,Antifungal,12,100
F78E872066,Billionxone,Respiratory,12,60
Y34F936834,Degreexone,Diuretic,12,65
E49A179321,Stylecillin,Cardiovascular,12,450
Y48M615982,Scientistxone,Analgesic,12,70
U75L445093,Votexone,Anticoagulant,12,650
E90R951944,Gamexone,Anti-inflammatory,12,550
J86I657065,Successfulin,Cardiovascular,12,200
T86V186437,Citizenzepam,Respiratory,12,125
B48Z387272,Officialvir,Anticonvulsant,12,600
D84K689587,Everythingcillin,Anti-inflammatory,12,400
H55Q116941,Effortvir,Cardiovascular,12,250
L69P828341,Uponzepam,Anticoagulant,12,200
V77W847129,Centuryxone,Immunosuppressant,12,60
T15Y780028,Yeahol,Anticoagulant,12,300
D90E985255,Everyonezepam,Cardiovascular,12,300
I78P254150,Centerxone,MuscleRelaxant,12,75
G10E692182,Anothercillin,Diuretic,12,550
D24G404945,Consumervir,Immunosuppressant,12,150
H3B770180,Educationin,Antibiotic,12,450
J59K231915,Sidestatin,Antihistamine,12,80
Q20C856362,Girlxone,Steroid,12,110
Q6F647127,Therestatin,Immunosuppressant,12,115
P28I428139,Servexone,Anti-inflammatory,12,60
P55N339873,Legzepam,MuscleRelaxant,12,500
I86H148631,Consumerstatin,Cardiovascular,12,85
S59Z478936,Servexone,Antiviral,12,550
O47X612572,Runin,Antipyretic,12,75
Y38C12112,Playervir,Antibiotic,12,550
O38S237859,Medicalzepam,Antipyretic,12,90
Z52U460638,Resourcein,Diuretic,12,100
F40V134293,Populationin,Antidepressant,12,500
G22P877965,Drugin,Anticoagulant,12,300
U23U755363,Raceol,Immunosuppressant,12,75
C29N143508,Challengecillin,Antihistamine,12,150
G46W266146,Everybodystatin,MuscleRelaxant,12,95
W63B875701,Farol,Steroid,12,75
V11B285921,Systemxone,Antifungal,12,200
Z71U927376,Youngin,Cardiovascular,12,120
D27C371344,Employeezepam,Anticonvulsant,12,400
Z6Y435205,Sonstatin,MuscleRelaxant,12,300
M24J399082,Soin,Antipyretic,12,105
X91Q538576,Recognizecillin,Respiratory,12,200
G21J184911,Tablezepam,Anti-inflammatory,12,200
B83F173497,Membervir,Steroid,12,450
W65I428820,Behindxone,Anti-inflammatory,12,400
F18G193046,Onlyol,MuscleRelaxant,12,120
R33J850613,Manystatin,Anticonvulsant,12,90
X28G76644,Familyol,Antiviral,12,65
A2J743027,Servein,Antipyretic,12,300
T27Q664566,Bankol,MuscleRelaxant,12,65
N47X8353,Yesvir,Antiviral,12,650
X15X520826,Environmentvir,MuscleRelaxant,12,85
Q7X786632,Layin,Respiratory,12,150
X27K653766,Describecillin,Antipsychotic,12,450
E17M686740,Canstatin,Vaccine,12,250
D43E789754,Farol,Antihistamine,12,200
I1L900418,Relatestatin,Anticoagulant,12,145
S71A969762,Speakcillin,Antibiotic,12,95
G28K561388,Treezepam,Antidepressant,12,550
Y24C850174,Whateverin,Antidepressant,12,120
C40C584240,Cellcillin,Steroid,12,70
S35L508006,Becausecillin,MuscleRelaxant,12,80
C86D366836,Datazepam,Cardiovascular,12,85
O9R728195,Detailstatin,Immunosuppressant,12,300
E14E131011,Officerxone,Steroid,12,90
W98A966918,Suchzepam,Anticonvulsant,12,65
V71W505115,Wantol,MuscleRelaxant,12,400
V73I399808,Yardol,Anticonvulsant,12,90
L38N370603,Summerxone,Cardiovascular,12,650
B18Y876656,Taxxone,Antiviral,12,70
I74A977792,Projectin,Anticoagulant,12,85
E96D223806,Sincevir,Cardiovascular,12,250
S59R844356,Westerncillin,Anti-inflammatory,12,200
Y29F193726,Himin,Vaccine,12,70
S83S859815,Similarvir,Immunosuppressant,12,90
E22Q787516,Partol,Immunosuppressant,12,120
V74Y987986,Evidencexone,Antipsychotic,12,250
Q84O164984,Eyestatin,Antiviral,12,90
K52W626201,Cupzepam,Anticonvulsant,12,200
D45T196450,Qualitystatin,Antihistamine,12,95
X19Y318616,Includingcillin,Antidepressant,12,125
U93O119293,Happenzepam,Analgesic,12,55
H47N131282,Eightol,Antipsychotic,12,550
P87K228795,Examplexone,Immunosuppressant,12,120
T26H54187,Racezepam,Antibiotic,12,450
F9K642131,Buyxone,Cardiovascular,12,350
K59P577857,Lookol,Diuretic,12,350
E59A647829,Almostin,Vitamin,12,55
J22J32931,Collegezepam,Anti-inflammatory,12,600
O73Q374411,Roomstatin,Analgesic,12,150
D46O98541,Administrationvir,Antiviral,12,60
I89Q321027,Treein,Antidepressant,12,60
B78D241591,Girlin,Antifungal,12,450
Q68G554946,Societyxone,Steroid,12,250
L19W182982,Cutxone,Cardiovascular,12,90
I62V403173,Northcillin,Antihypertensive,12,450
R17C575337,Freeol,Anticoagulant,12,550
L40B569748,Eastcillin,Antipsychotic,12,90
N26A155391,Handin,Anticoagulant,12,400
L94C51219,Expertvir,Anti-inflammatory,12,145
A75N427686,Cardcillin,Anticoagulant,12,350
F54V543484,Callxone,MuscleRelaxant,12,350
L17Q199621,Sidexone,Antipsychotic,12,650
H87E924630,Difficultzepam,Vaccine,12,75
C71H164467,Appearzepam,MuscleRelaxant,12,650
N11Z1570,Beginin,Anticoagulant,12,600
X31S684869,Maybezepam,Antipsychotic,12,450
Z92B609110,Serveol,Antipsychotic,12,90
Q97R681960,Duringxone,Antibiotic,12,600
J76L814390,Forstatin,Antifungal,12,550
L29E870569,Secondstatin,Anticoagulant,12,200
X89Q817077,Pervir,Anticoagulant,12,250
C67N218712,Developmentxone,Respiratory,12,55
H15J370142,Yourselfxone,Antipsychotic,12,60
B72O128518,Boardxone,Immunosuppressant,12,550
F25T525230,Plantin,Vitamin,12,100
M73L486800,Structurecillin,MuscleRelaxant,12,60
J32R573642,Importantzepam,Antipyretic,12,85
G51R659069,Finalzepam,Antifungal,12,75
Q80I308176,Mestatin,Anticoagulant,12,650
L87V234526,Darkin,Immunosuppressant,12,600
E8W772058,Strongin,Antiviral,12,105
G41I553295,Havevir,Steroid,12,350
D45L265708,Receivezepam,Antipsychotic,12,300
E1V965929,Scenecillin,Antipsychotic,12,200
T25V943340,Productstatin,Antiviral,12,100
I34P104992,Somecillin,Cardiovascular,12,140
X76V550690,Ballcillin,Steroid,12,100
Y86O454377,Althoughol,Anticoagulant,12,550
F62G150536,Todaystatin,MuscleRelaxant,12,350
C26A329263,Awayvir,MuscleRelaxant,12,70
L1G580120,Seekzepam,Anticonvulsant,12,600
V78N46818,Layvir,Antihypertensive,12,250
Q84F87952,Listzepam,Antiviral,12,60
L34F137627,Theoryvir,Antiviral,12,200
X91M640854,Freezepam,Vaccine,12,450
H90S391547,Realizezepam,Vitamin,12,45
Z69K74000,Securityol,MuscleRelaxant,12,250
K15Y104056,Comparein,Anticoagulant,12,70
Q7Q693688,Thankol,Vaccine,12,150
D75N904193,Trycillin,Anticoagulant,12,110
Z14A970485,Beforezepam,MuscleRelaxant,12,110
M49L625004,Treecillin,Antifungal,12,125
Y33U871440,Girlin,Diuretic,12,85
N86N698020,Classol,Antihypertensive,12,300
P0V124304,Planol,Antihistamine,12,55
R56K357271,Seemzepam,Antifungal,12,110
U6T218665,Agoin,Antihypertensive,12,100
F97W266008,Expectvir,Diuretic,12,85
J7A400181,Evencillin,Vaccine,12,500
B67T364788,Nationalstatin,Anticonvulsant,12,115
E18P594536,Communityol,Diuretic,12,250
U99S95785,Effortstatin,Immunosuppressant,12,600
W46W649284,Modelin,Analgesic,12,95
W2C804643,Tenol,Analgesic,12,90
K65Y178346,Begincillin,Antipyretic,12,95
T89O564125,Wondercillin,Antipyretic,12,75
Y31P613509,Moviestatin,Anticonvulsant,12,120
R77J368078,Avoidcillin,Vaccine,12,120
I56V863471,Lastxone,Antidepressant,12,80
I76S340906,Citizenzepam,Immunosuppressant,12,110
Q15O977473,Mrzepam,Respiratory,12,100
P4Y272849,Headzepam,Steroid,12,80
B97J630849,Handin,Cardiovascular,12,90
L71J392702,Bothzepam,Antipyretic,12,100
A99T691018,Preventin,Respiratory,12,105
M75M488025,Productzepam,Diuretic,12,60
S64T400500,Alonein,Anticoagulant,12,65
M22V824497,Policyvir,Anticoagulant,12,65
X7K105901,Firmxone,MuscleRelaxant,12,500
B88B947145,Recentlyol,Respiratory,12,115
K95V875805,Networkin,Antipyretic,12,120
Z59A610781,Productstatin,Antifungal,12,400
L30Z76243,Bagol,Immunosuppressant,12,450
Y16D319072,Leavein,Diuretic,12,95
E91O366621,Mightin,Antipsychotic,12,145
L84N42613,Computerxone,Antipsychotic,12,50
Z36Q165668,Detailol,Antihypertensive,12,70
X2L654232,Goxone,Cardiovascular,12,80
Q29J372864,Hairstatin,Vitamin,12,250
Q6F611235,Bookstatin,Antibiotic,12,600
S22P517051,Focusxone,Antipsychotic,12,150
U29F699476,Perhapsol,Anticoagulant,12,90
K84U741477,Significantstatin,Immunosuppressant,12,50
S61S716108,Speakzepam,Analgesic,12,145
W30O340948,Amongcillin,Antihypertensive,12,450
I45U317687,Redvir,Anticonvulsant,12,500
N38Q643280,Educationcillin,Anticonvulsant,12,120
X38L607607,Responsevir,Analgesic,12,650
Y94J93976,Throughoutvir,Respiratory,12,150
K23P971237,Understandin,Anticonvulsant,12,150
Z94P238236,Footcillin,Anti-inflammatory,12,110
V37K856750,Songin,Respiratory,12,300
U61X139379,Hourcillin,Antiviral,12,80
H40V528165,Benefitstatin,Antipyretic,12,400
F92V339258,Piecevir,Analgesic,12,80
A63T157886,Computerzepam,Antipyretic,12,75
P32N909365,Mothercillin,Antidepressant,12,600
D17Z344300,Payxone,Antipyretic,12,450
Z88B41537,Sensecillin,Antipsychotic,12,105
Y81G890652,Termcillin,Antihistamine,12,60
X68Z375631,Arrivezepam,Steroid,12,600
A31D615245,Racein,Immunosuppressant,12,95
O57L374861,Likestatin,Antihypertensive,12,75
I60B94691,Losezepam,Immunosuppressant,12,600
V89W721875,Severalol,Antiviral,12,55
R36G598685,Itemvir,MuscleRelaxant,12,80
I78P775616,Strongzepam,Antihistamine,12,500
G86Y850864,Surfacein,Diuretic,12,450
X82C778133,Everyonevir,Antihypertensive,12,400
P2S581639,Becomexone,Antifungal,12,200
A35K865370,Alsostatin,Cardiovascular,12,450
M61O604021,Cupvir,Antiviral,12,105
R48F4479,Gunol,Diuretic,12,300
T43D354383,Enoughstatin,Respiratory,12,500
P3P598339,Paintingxone,Analgesic,12,110
P67X403913,Recordzepam,Vaccine,12,80
U10S655630,Effortstatin,Antihypertensive,12,300
E79R723068,Needvir,Anticonvulsant,12,550
O68E97552,Significantvir,Respiratory,12,90
T64U697331,Safein,Analgesic,12,115
F21P331083,Aboutcillin,Antihistamine,12,450
J51L902395,Westernxone,Respiratory,12,400
E1Y938754,Storevir,Steroid,12,550
V59D200491,Examplecillin,MuscleRelaxant,12,450
V52Q149346,Nightvir,Antibiotic,12,60
U31E881551,Designvir,Antidepressant,12,70
R2J339939,Catchvir,MuscleRelaxant,12,650
L38F94500,Regioncillin,Vaccine,12,100
X90Y895468,Avoidstatin,Vitamin,12,350
O75P157722,Effectstatin,Steroid,12,100
X85Q75362,Norstatin,Antihypertensive,12,80
G4S415191,Oftenstatin,Antipsychotic,12,300
U72Q754879,Valuezepam,Anticoagulant,12,150
Z22A583547,Racezepam,Vaccine,12,95
I52N218909,Institutionvir,Anti-inflammatory,12,115
K0M336563,Officialol,Antifungal,12,70
Q32C248816,Responsibilityxone,Antipyretic,12,650
N36W509094,Landcillin,Antipyretic,12,300
A77Q100224,Sizevir,Antiviral,12,200
Q75U805064,Studentzepam,Anti-inflammatory,12,105
X1H620715,Homezepam,Antipsychotic,12,400
X86F687490,Sometimesol,Analgesic,12,120
F41D28287,Specificvir,Anticoagulant,12,50
C34T618824,Reportvir,Respiratory,12,45
K57M570086,Relateol,Antipyretic,12,55
M11J712274,Rulevir,Antihistamine,12,600
V13N579780,Yourselfcillin,Immunosuppressant,12,50
P38W601702,Mustol,Respiratory,12,200
I2B949825,Processzepam,Analgesic,12,70
N58J88854,Patternin,MuscleRelaxant,12,75
L88B652532,Storestatin,Antiviral,12,300
X45J262007,Topin,Vitamin,12,85
A66S214175,Freevir,Vitamin,12,650
S96P917694,Housevir,Immunosuppressant,12,400
D16O909115,Stuffxone,Diuretic,12,350
H57C420930,Shoulderxone,Anticonvulsant,12,60
Z31Z772856,Formstatin,Antiviral,12,115
K67E878783,Threeol,Antihypertensive,12,300
H33X273009,Congressxone,Anti-inflammatory,12,600
D55W31757,Starvir,Antipsychotic,12,60
A11T206255,Lookcillin,Antifungal,12,145
J87M35970,Longcillin,Antifungal,12,550
B42A980954,Couldstatin,Vitamin,12,400
G95Q430286,Cityin,Antidepressant,12,105
A80O114568,Mediastatin,Analgesic,12,250
T48R657028,Hitzepam,Vitamin,12,450
S84J911501,Partnervir,MuscleRelaxant,12,200
N19O137655,Traditionalvir,Analgesic,12,300
E64U767595,Withoutvir,Vaccine,12,300
T63O664685,Actvir,Antifungal,12,300
E86P898340,Operationvir,Antihistamine,12,105
W69G842881,Outsideol,Antiviral,12,300
P60U473002,Policeol,Cardiovascular,12,600
Q12D66492,Worldzepam,Vitamin,12,75
H42P136569,Simplyzepam,Antihistamine,12,105
I92Y373765,Thanol,Respiratory,12,50
K58Y114168,Wantvir,Antiviral,12,50
F42J640069,Organizationxone,Steroid,12,300
X32A898770,Designin,Diuretic,12,500
W33T161063,Managervir,Antipsychotic,12,135
R86S217342,Losexone,Antipsychotic,12,250
P86O124663,Howevercillin,Antihistamine,12,550
Q31D899813,Quitein,Vitamin,12,110
J34Y26390,Concerncillin,Cardiovascular,12,350
Q73Y125741,Kidstatin,Antidepressant,12,55
G7U502258,Expectxone,Cardiovascular,12,115
V77N346818,Acrossol,Anticonvulsant,12,150
B3D612699,Clearlystatin,Steroid,12,500
P75H641608,Seriousstatin,Anti-inflammatory,12,250
I85C174485,Projectvir,Antipsychotic,12,95
L56W802453,Societycillin,Antidepressant,12,300
E88E102101,Findxone,Diuretic,12,150
L79W23730,Insteadzepam,Antihypertensive,12,95
R9N535254,Answerol,Respiratory,12,600
R11E769975,Hundredin,Antifungal,12,95
X77C356807,Groundvir,Antifungal,12,600
F60N629513,Orderol,Diuretic,12,110
K46J630076,Bankvir,Analgesic,12,50
C98E153965,Recentcillin,Anticonvulsant,12,95
T36R4332,Ablezepam,Antidepressant,12,70
S17O662720,Friendstatin,MuscleRelaxant,12,55
B52A574863,Useol,Antiviral,12,650
P57M479621,Withinin,Cardiovascular,12,100
S87M202958,Firstzepam,Antifungal,12,60
G3K731436,Entervir,Cardiovascular,12,115
K19L709226,Arrivein,Anticoagulant,12,75
O41J201842,Eyevir,Vaccine,12,115
L43O906287,Lessvir,Steroid,12,350
S54F226114,Personxone,Anti-inflammatory,12,300
B5H102376,Herexone,Antihypertensive,12,550
P57K315020,Throughoutin,Diuretic,12,300
H80S553914,Thoughol,Diuretic,12,90
T78U949413,Programcillin,Anticonvulsant,12,300
P72M62842,Farxone,Anti-inflammatory,12,80
M73M797941,Throughxone,MuscleRelaxant,12,250
U73S7354,Stagexone,Vaccine,12,550
D48F934354,Enjoyzepam,Antibiotic,12,300
O97U522438,Airzepam,Cardiovascular,12,90
S21H200461,Warcillin,Antiviral,12,300
L52H630061,Othersvir,Antipsychotic,12,90
Y85K372189,Beginvir,Antidepressant,12,60
H34C825265,Computercillin,Steroid,12,250
A99U709186,Pullcillin,Diuretic,12,100
J38T299109,Writecillin,Vitamin,12,100
W26N568090,Keyzepam,Antiviral,12,150
Z68E696448,Commercialstatin,Antipyretic,12,550
R51P347513,Rockzepam,Antipyretic,12,60
W26G492815,Chanceol,Antibiotic,12,100
T4T839768,Winvir,Steroid,12,600
Y64O529251,Sensein,Anticonvulsant,12,55
B96W634692,Issuexone,Anticonvulsant,12,150
T58S842876,Businessol,Antihistamine,12,95
Y83O695810,Ownol,Anticoagulant,12,550
H34W935145,Languagein,Cardiovascular,12,500
C27Y339834,Widein,Immunosuppressant,12,95
A1P345969,Finallyin,Anticonvulsant,12,150
H16W691087,Fallxone,Vitamin,12,50
P43P302063,Everxone,Antihypertensive,12,500
X36G699572,Courtcillin,Antipyretic,12,95
U83U613417,Imaginein,Antidepressant,12,350
W45M680884,Includevir,Antidepressant,12,300
P27Y588042,Civilzepam,Antifungal,12,450
I10T743810,Drivezepam,MuscleRelaxant,12,600
J30M233012,Decisionstatin,MuscleRelaxant,12,150
F81V577180,Rockzepam,Anticonvulsant,12,150
R72X15847,Wideol,Cardiovascular,12,450
T2J474635,Perhapsxone,Antibiotic,12,350
C24S702261,Heavyvir,Antifungal,12,200
M31G140819,Lightvir,Antihypertensive,12,80
I96O79191,Unitin,Cardiovascular,12,70
W77U460430,Examplevir,Vaccine,12,80
F41Z798944,Eightxone,Diuretic,12,150
I63P17728,Wayin,Cardiovascular,12,450
V0J739563,Stockstatin,Diuretic,12,450
C46N648240,Houseol,Antidepressant,12,500
B53X569858,Rulevir,Cardiovascular,12,200
G68X897679,Roadol,Antibiotic,12,550
J24M65510,Strongol,Antipsychotic,12,300
J56E739536,Pastin,Antihistamine,12,450
W0N64642,Insidestatin,Analgesic,12,650
W96L303337,Humanxone,Steroid,12,300
E19G528187,Followzepam,Antibiotic,12,200
Y17B474454,Forgetxone,Anticonvulsant,12,100
J42H309888,Economyzepam,Antibiotic,12,250
S47U925738,Eventxone,MuscleRelaxant,12,60
I9Z267101,Himzepam,Vaccine,12,60
X11W38597,Andzepam,Vaccine,12,300
L81L26723,Carexone,Antifungal,12,600
V33W825826,Somebodycillin,Respiratory,12,100
Q86I923505,Generationol,Antibiotic,12,350
Z44A717154,Societyvir,Vitamin,12,400
A94L410067,Tenxone,Antipyretic,12,400
P6R403645,Customerzepam,Vaccine,12,600
A70A566837,Uponin,Cardiovascular,12,70
Y81U34408,Taskol,Antipsychotic,12,250
P66I758859,Determinestatin,Immunosuppressant,12,110
R75Q834586,Shortin,Antihistamine,12,95
B41X679109,Healthin,Antifungal,12,65
Z79X484499,Childin,Anti-inflammatory,12,90
M2S150555,Twoin,Antipsychotic,12,450
R6Y497729,Structurevir,Anticonvulsant,12,300
N59M735753,Answercillin,Antifungal,12,500
I40H162452,Typestatin,Steroid,12,600
A5K905544,Fillstatin,Antifungal,12,600
Z89S749701,Wallxone,Immunosuppressant,12,150
H92E406139,Specialxone,Anticonvulsant,12,45
Z78M948421,Suggestol,Anticoagulant,12,140
B64H689207,Musicol,MuscleRelaxant,12,200
T41N740035,Variousin,Antihistamine,12,450
Y6W887583,Storycillin,Vaccine,12,550
L64I10878,Spacestatin,Diuretic,12,105
D51G996437,Technologyzepam,Vaccine,12,110
N62G779512,Performancecillin,Antidepressant,12,600
R20B710393,Otherscillin,Antidepressant,12,115
X78G301596,Factorcillin,Antihistamine,12,250
R32J409690,Insteadzepam,Anticoagulant,12,300
Q12B768430,Canvir,Antipsychotic,12,60
S15Y832333,Agexone,Antifungal,12,300
Z53W527410,Interestingxone,Anti-inflammatory,12,500
A11Q743328,Passvir,Anticonvulsant,12,105
E75H130976,Seriousol,MuscleRelaxant,12,50
C90I773233,Reportcillin,Antiviral,12,550
U11I971706,Maybein,Anticonvulsant,12,550
W71M527065,Mayin,Antifungal,12,120
J70A644607,Centurycillin,Antibiotic,12,105
Z84M847968,Usin,Antihypertensive,12,110
X15U551935,Buildingstatin,Steroid,12,550
Q51L188970,Holdvir,Anti-inflammatory,12,110
C67U268494,Areaol,Respiratory,12,120
I23X760948,Changecillin,Antihypertensive,12,250
I25H470316,Timeol,Anticonvulsant,12,250
O22D956927,Publicxone,Antihistamine,12,450
A13M648350,Despitestatin,Antipsychotic,12,250
J30S739280,Preventxone,Immunosuppressant,12,55
Q63M719743,Everybodystatin,Anticonvulsant,12,200
Z39M104310,Wifexone,Antihistamine,12,600
F15N422368,Coldstatin,Vitamin,12,150
F92O754474,Scienceol,Antihistamine,12,75
A72E611196,Developol,Antipsychotic,12,50
W31O679233,Notstatin,Cardiovascular,12,90
A61K328398,Breakin,Vaccine,12,450
A50R934143,Societystatin,Cardiovascular,12,150
I38N871457,Togetherin,Steroid,12,550
E90X699492,Healthzepam,Antihistamine,12,110
A30V580353,Savein,Antipsychotic,12,115
F14V705692,Reallyvir,Cardiovascular,12,150
D95T687225,Paperzepam,Antiviral,12,300
J90N30985,Mightcillin,Antipyretic,12,60
Q32P197593,Eveningol,Antiviral,12,60
W94J503202,Bagin,Antibiotic,12,650
J26V305920,Courseol,Antibiotic,12,95
A83W562787,Showol,Cardiovascular,12,650
Y24D735149,Changezepam,Immunosuppressant,12,500
K38T203368,Quicklyxone,Anti-inflammatory,12,500
G57D695485,Darkzepam,Anti-inflammatory,12,300
Y29S778193,Howeverin,Antiviral,12,250
E87A992638,Environmentxone,Antihistamine,12,500
V25K341688,Fallxone,Immunosuppressant,12,450
M5H970577,Defenseol,Antipsychotic,12,95
H76K665796,Facecillin,Antipyretic,12,450
Q43O406054,Groupin,Antihypertensive,12,450
I84S683321,Discoverxone,Antipsychotic,12,300
O59H242337,Threezepam,Antihistamine,12,50
X12H95283,Overstatin,Antipsychotic,12,650
R40A537797,Strategyol,Antipsychotic,12,550
V9C636592,Winxone,Vaccine,12,450
F82I192963,Mentionxone,Vaccine,12,70
G58R410132,Eventstatin,Cardiovascular,12,300
T28G86542,Lowzepam,Immunosuppressant,12,110
C93B86130,Leaderin,Anticonvulsant,12,75
H82N675148,Opportunityvir,Vitamin,12,250
J89Z17167,Fatherol,Steroid,12,650
A33I709540,Happyol,Respiratory,12,150
N32U214790,Watchxone,Antibiotic,12,80
M81B963199,Actstatin,Antipyretic,12,300
Y66H617468,Cultureol,Antibiotic,12,300
L25L145913,Naturalcillin,Antipsychotic,12,650
P35E81674,Justvir,Antiviral,12,60
X1S410105,Answerxone,Antihypertensive,12,300
Y65H96043,Hitzepam,Anticoagulant,12,80
D2M9504,Capitalol,MuscleRelaxant,12,650
Q94Q715430,Sameol,Antihypertensive,12,115
V36K444113,Fundin,Anti-inflammatory,12,250
E9P957231,Itsvir,Anticonvulsant,12,95
Z59N925478,Policein,Cardiovascular,12,250
R94B145576,Firexone,Analgesic,12,200
S1M604287,Learnzepam,MuscleRelaxant,12,50
C0H783759,Highcillin,Antidepressant,12,200
E92T882839,Wantzepam,Analgesic,12,400
B44L216289,Offin,Antipsychotic,12,500
M32K364069,Teamcillin,Anticonvulsant,12,50
N5P974688,Tovir,Anti-inflammatory,12,90
B90D188168,Chancecillin,Antifungal,12,400
K27U333850,Bothin,Vitamin,12,150
H83T304428,Itemzepam,Immunosuppressant,12,150
K33Z323483,Sometimesol,Anti-inflammatory,12,55
R11K242216,Issuestatin,Antifungal,12,650
M47M891763,Aroundcillin,Antipyretic,12,300
P60F558529,Courtin,Antihypertensive,12,600
N75F268497,Naturalzepam,Anticonvulsant,12,120
D61H738683,Wherein,Antiviral,12,95
W18C429740,Securityin,Antipyretic,12,250
B34Y51035,Keepvir,Antihypertensive,12,250
V39S835047,Culturalcillin,Antifungal,12,450
W52Q94513,Factorvir,Analgesic,12,450
N87H604998,Assumezepam,Anti-inflammatory,12,650
S81L941379,Aheadol,Anticonvulsant,12,70
V20R693687,Aftervir,Vaccine,12,550
I43D341346,Itselfxone,Antihistamine,12,90
V24Q278460,Citizenstatin,Anticonvulsant,12,600
G92D283282,Currentol,MuscleRelaxant,12,65
G52Q110461,Acrossol,Antibiotic,12,55
P63X260898,Cardin,Immunosuppressant,12,300
G62Y153078,Seeol,Antiviral,12,650
H50N293310,Noxone,Diuretic,12,300
L96A652932,Recordcillin,Vaccine,12,300
J81O124888,Waterol,Cardiovascular,12,80
L56J800751,Avoidzepam,Antiviral,12,400
O90V505172,Clearol,Antiviral,12,120
D25U290849,Leftstatin,Antipsychotic,12,650
E13B77680,Quicklyin,MuscleRelaxant,12,80
A44K879649,Analysiszepam,Antidepressant,12,80
T5C846509,Withoutin,Analgesic,12,300
F16J794935,Sayin,Antihypertensive,12,600
G20A760243,Authorin,Anti-inflammatory,12,350
F27W215100,Duringol,Cardiovascular,12,300
V75G294671,Armstatin,Antibiotic,12,95
D66E545068,Withincillin,MuscleRelaxant,12,120
J52B929,Pmin,Antihistamine,12,500
Y93Y50912,Commonol,Anti-inflammatory,12,70
I62W295321,Houseol,Analgesic,12,100
D18T553298,Pressurecillin,Antibiotic,12,350
O14Y356076,Happycillin,Vaccine,12,85
V30P372529,Analysiscillin,Anticoagulant,12,550
R10Q336800,Usevir,Analgesic,12,95
N27V418681,Differentin,Steroid,12,80
J38M209008,Supportcillin,Anti-inflammatory,12,105
K75D69519,Factorzepam,Anticoagulant,12,300
L80C663223,Realstatin,Vitamin,12,75
C44V468759,Wexone,Immunosuppressant,12,500
T7G757215,Roadstatin,Anti-inflammatory,12,600
F60O130938,Colorol,Analgesic,12,105
Y38R487240,Justcillin,Antibiotic,12,90
M64B24579,Himvir,Steroid,12,80
Y17H938706,Claimcillin,Respiratory,12,85
F26G224858,Bestol,Anti-inflammatory,12,550
N84I133909,Untilol,Antidepressant,12,500
B11L938319,Workstatin,Vaccine,12,450
Z10P768095,Managerstatin,Vitamin,12,450
I43I464283,Thisin,Immunosuppressant,12,200
I91P993989,Catchol,Analgesic,12,550
Y25U566543,Followol,Respiratory,12,75
R91W444595,Friendvir,MuscleRelaxant,12,90
V62X775999,Yeszepam,Antifungal,12,500
E74Y450904,Sciencezepam,Anticoagulant,12,150
I73N806656,Ourcillin,Antihypertensive,12,650
S90F663594,Fewcillin,Diuretic,12,60
T59Q193046,Bothstatin,Antihistamine,12,85
X83A436343,Anyol,Vaccine,12,650
R39B497409,Theorycillin,Antidepressant,12,85
W70G82088,Defensezepam,Antifungal,12,60
G65L27126,Resultstatin,Cardiovascular,12,300
U44A216432,Avoidol,Respiratory,12,150
O72I430118,Laycillin,MuscleRelaxant,12,80
R34D472713,Finallyzepam,Antipsychotic,12,600
G30R41245,Growin,Steroid,12,110
S67H764420,Clearcillin,Respiratory,12,300
J93P59304,Littlevir,Vaccine,12,650
P0F334484,Sooncillin,Antipyretic,12,80
O96S814415,Layvir,Respiratory,12,300
K12Z461941,Veryzepam,Steroid,12,150
S55B394835,Somebodyin,Vaccine,12,150
N7J196990,Statexone,Cardiovascular,12,65
L86M250978,Singleol,Antipsychotic,12,80
M56A211099,Courtstatin,Antihypertensive,12,250
U57L586570,Ableol,Antihypertensive,12,300
G37C914930,Safein,Steroid,12,450
D43O472581,Girlvir,Antipyretic,12,90
H2U952532,Membercillin,Respiratory,12,500
K67X175409,Computerin,Anticoagulant,12,85
A57B848879,Processvir,Antidepressant,12,350
S47E698280,Interestvir,Antifungal,12,500
R88E283836,Laterstatin,MuscleRelaxant,12,300
D85O618901,Greenzepam,Antiviral,12,115
Y37Z608988,Lawyerzepam,Vitamin,12,85
P32M343526,Kindin,MuscleRelaxant,12,200
G10A474830,Reasonzepam,MuscleRelaxant,12,115
U64T960699,Livestatin,Steroid,12,100
F65M580202,Threatin,Respiratory,12,95
J15A384054,Becausexone,Antihistamine,12,75
S16U120422,Sixxone,Steroid,12,70
B82S351222,Westxone,Antifungal,12,300
C8H515796,Myselfstatin,Antiviral,12,650
E32J475063,Callxone,Antipyretic,12,250
G90C564761,Suffervir,Antihistamine,12,50
K97W986465,Notein,Respiratory,12,110
O17B568496,Southzepam,Diuretic,12,450
G43J224,Institutionol,Anticoagulant,12,300
U24A537008,Plantzepam,Steroid,12,75
L14H35855,Standzepam,Anticonvulsant,12,55
J74V705203,Finalin,Steroid,12,600
I35K719195,Causeol,Antidepressant,12,105
U60G235465,Meetingxone,Antipsychotic,12,600
A47D469564,Anotherzepam,Immunosuppressant,12,60
I48G655146,Frontzepam,Antidepressant,12,120
L91T56471,Itsxone,Respiratory,12,55
G46L591401,Militaryol,Anti-inflammatory,12,450
U18V154298,Beforein,Vaccine,12,300
F87Z622122,Bedzepam,Antibiotic,12,150
J73P782900,Officercillin,Vaccine,12,650
U51K579258,Crimeol,Antipsychotic,12,140
J39D980000,Culturalvir,Respiratory,12,450
C61Z506257,Situationcillin,MuscleRelaxant,12,550
S56K214154,Simplycillin,Antiviral,12,250
L39M225671,Roleol,Anti-inflammatory,12,115
A8C491533,Spacezepam,Vitamin,12,200
F80O681540,Couldin,Respiratory,12,450
V52Y324491,Smilecillin,Anti-inflammatory,12,650
T54S963061,Fearvir,Immunosuppressant,12,50
C76H159232,Notin,Diuretic,12,650
V5K957884,Tendvir,Immunosuppressant,12,350
Q6A543359,Fatherxone,Antibiotic,12,120
A47U927042,Sideol,Anti-inflammatory,12,500
M77V393412,Movementol,Anticonvulsant,12,70
N32A972552,Practicexone,Anticoagulant,12,65
I48T632817,Buildzepam,Diuretic,12,350
W88W84426,Earlyzepam,Anticonvulsant,12,75
V22U170966,Catchstatin,Vitamin,12,450
S74E14644,Culturezepam,Antipyretic,12,400
H91T878746,Statecillin,Antibiotic,12,550
U57B359851,Dropvir,Antibiotic,12,550
N97T571804,Factin,Antihistamine,12,120
Q3X94652,Sendzepam,Anti-inflammatory,12,150
Q66N804458,Closexone,Anticoagulant,12,400
F9L912260,Letvir,Antipsychotic,12,300
J1M41439,Sometimesvir,Antifungal,12,600
G25L221503,Healthzepam,Cardiovascular,12,95
E79E954936,Betweenvir,Analgesic,12,400
K54U588048,Wellol,Steroid,12,600
N18M448991,Makeol,Antipyretic,12,110
H80T404955,Relateol,Antidepressant,12,65
K64T74937,Childol,Anticoagulant,12,300
T63S183100,Buildvir,Antidepressant,12,350
A46Y667293,Betterin,Antiviral,12,300
S22L184996,Economyol,MuscleRelaxant,12,105
S72A133267,Startvir,Antihistamine,12,55
V46X705599,Storein,Antiviral,12,115
F95J567152,Aboutol,Anticonvulsant,12,135
H19G602790,Attackvir,Steroid,12,150
A56S887354,Nextzepam,Antiviral,12,150
Y62N710408,Managecillin,Antidepressant,12,110
W78T660932,Votezepam,Antihypertensive,12,60
J27C801179,Raiseol,Cardiovascular,12,95
K22G271320,Twoxone,Anticonvulsant,12,550
L96U416440,Movementin,Antihypertensive,12,650
Q78U769975,Windowxone,Antifungal,12,150
E96W40316,Datastatin,Vitamin,12,110
Q65V254843,Latecillin,Respiratory,12,110
E92T652988,Managevir,Vaccine,12,105
Q96E150489,Presentzepam,Antiviral,12,300
Q70A643708,Yearstatin,Analgesic,12,110
V16G998979,Theyxone,Anticoagulant,12,50
R79M811990,Officestatin,Antihypertensive,12,600
G93C52557,Populationol,Antipyretic,12,65
U45O25509,Votezepam,Cardiovascular,12,450
U23V842643,Becausexone,Vitamin,12,95
P20V259807,Naturalcillin,Antihypertensive,12,400
V72Q969621,Closestatin,Antipyretic,12,650
J44G712643,Thenin,Analgesic,12,90
K14U385996,Concernvir,Respiratory,12,50
V65W107599,Bestcillin,Antiviral,12,550
O85Z146988,Feelingol,Antifungal,12,300
A97J752849,Pagein,Steroid,12,95
L80N445576,Anythingcillin,MuscleRelaxant,12,450
T31Y2951,Takecillin,Antidepressant,12,70
O19W427463,Fromcillin,Respiratory,12,85
Q79D253547,Tendxone,Antibiotic,12,650
C77E367736,Himselfzepam,Analgesic,12,50
E75L994115,Presidentvir,Antifungal,12,75
G54X164610,Nothingin,Antihypertensive,12,350
Y22N42213,Charactercillin,Antiviral,12,350
S64U492480,Sayzepam,Vitamin,12,650
Y24B297915,Fieldvir,Steroid,12,65
I56D193968,Justzepam,Anti-inflammatory,12,450
C40E155832,Membercillin,Anti-inflammatory,12,140
F33U839470,Concernol,MuscleRelaxant,12,650
A82I645032,Whenstatin,Antidepressant,12,600
C64U987470,Somethingxone,MuscleRelaxant,12,50
K32X6703,Longol,Antipyretic,12,90
P38Y806039,Ofvir,MuscleRelaxant,12,550
M6C403958,Modernvir,Diuretic,12,250
A92V531117,Actuallyol,Anticoagulant,12,120
U83V658349,Teachxone,Antihistamine,12,145
A49Y381833,Economiczepam,Antiviral,12,150
Q35B353010,Healthcillin,Vaccine,12,80
D73Y838192,Kindcillin,Cardiovascular,12,250
G37L297929,Optionzepam,Anticoagulant,12,300
L65W392358,Sellstatin,Antipyretic,12,550
K34P686862,Benefitcillin,Antihistamine,12,65
Y7W560348,Herezepam,MuscleRelaxant,12,350
I89F702323,Recordvir,Immunosuppressant,12,65
V98L675620,Homeol,Antihistamine,12,70
K53A196197,Gunvir,Cardiovascular,12,400
B20M504290,Managerzepam,Antibiotic,12,500
C9T488437,Enoughvir,Immunosuppressant,12,250
G42M589594,Teamvir,Antibiotic,12,250
L91L950346,Createol,Vitamin,12,75
Y14F195799,Testol,Respiratory,12,100
H51Z491023,Understandcillin,Analgesic,12,115
O10J860877,Onin,MuscleRelaxant,12,400
X3M977270,Includingvir,Antiviral,12,550
C57O579556,Makexone,Analgesic,12,350
F95W136658,Storyzepam,Anti-inflammatory,12,400
O97B379703,Backol,Antibiotic,12,65
K55Y124343,Twocillin,Respiratory,12,600
P37P964800,Raisezepam,Immunosuppressant,12,300
B67I242458,Ifin,MuscleRelaxant,12,650
W1M428260,Anyin,Immunosuppressant,12,450
X15I317287,Decisionin,Antipsychotic,12,650
C93D34039,Leaderzepam,Cardiovascular,12,150
F0D340519,Evidencestatin,Diuretic,12,400
E61K950531,Nearlyin,Cardiovascular,12,600
Z72Q844668,Daughtervir,Immunosuppressant,12,80
E82U581359,Agentzepam,Antibiotic,12,450
E63Z551566,Watervir,Antidepressant,12,90
T21T913214,Structurein,Analgesic,12,300
U86B417966,Paintingzepam,Anticonvulsant,12,200
E74I658832,Federalcillin,Vitamin,12,500
L74V286676,Carecillin,Anticoagulant,12,300
C46F490888,Hugecillin,Cardiovascular,12,120
Q28I693307,Startvir,Anti-inflammatory,12,85
I88S92164,Guyol,Cardiovascular,12,200
L99I566172,Norzepam,Antiviral,12,80
I61K473874,Forgetol,Analgesic,12,300
S61P47205,Beatxone,Immunosuppressant,12,300
A73S521576,Termstatin,Antihistamine,12,80
F48J640849,Picturecillin,Diuretic,12,85
G14Z600835,Easyin,Antihypertensive,12,115
W20B168720,Ontoxone,Analgesic,12,300
C18J404392,Drivexone,Vitamin,12,70
D24D23078,Countrycillin,Antiviral,12,90
T15D662948,Stagexone,Antihistamine,12,115
I39U537634,Analysiscillin,Antihypertensive,12,450
D78S998466,Effectol,Steroid,12,75
D30U156600,Billcillin,MuscleRelaxant,12,65
Q47G971449,Hospitalstatin,Steroid,12,600
U45P281989,Classol,Vaccine,12,300
J90T287178,Largestatin,Antihypertensive,12,95
M60Y165399,Phoneol,Antidepressant,12,95
X44U182580,Healthol,Antipyretic,12,200
W21Q388560,Systemol,Anti-inflammatory,12,150
E52X363644,Costzepam,Diuretic,12,100
G10Z817846,Bigvir,Anti-inflammatory,12,75
S78P499862,Growvir,Diuretic,12,500
T59X684092,Eatvir,Steroid,12,400
Y89T876697,Includingxone,Analgesic,12,95
D11B111213,Waterxone,Antipsychotic,12,70
Q35O676856,Relationshipstatin,Anticoagulant,12,110
U82L755361,Alwaysxone,Diuretic,12,350
C61O24952,Threein,Antihistamine,12,350
H73W769590,Thosestatin,Antipsychotic,12,200
P75A640753,Activitycillin,Antiviral,12,550
M66F187309,Airxone,Anticonvulsant,12,85
I74N186949,Untilin,Antipsychotic,12,45
R84N202502,Picturexone,Analgesic,12,350
X10D902592,Finalzepam,Vitamin,12,600
O36H149269,Suchol,Vaccine,12,70
S59U589086,Beyondcillin,Antihistamine,12,350
P47L722108,Benefitzepam,Immunosuppressant,12,450
O87Y81078,Tablein,Antipyretic,12,300
R0Q773048,Certainol,Diuretic,12,110
S56K121544,Environmentalcillin,Antihistamine,12,200
K85E754846,Livevir,Cardiovascular,12,300
S19X842347,Necessaryvir,Anticonvulsant,12,150
L94Z704522,Somebodystatin,Antihypertensive,12,600
T10M693132,Authorityvir,MuscleRelaxant,12,300
O30M84625,Republicanol,Antidepressant,12,400
Z46G341631,Windcillin,Analgesic,12,150
S75Z14094,Standardol,Anticonvulsant,12,105
G35L349590,Congressol,Vaccine,12,450
C9L297508,Fatherxone,Anti-inflammatory,12,100
S25G818565,Ifcillin,Cardiovascular,12,60
E29N445831,Claimstatin,MuscleRelaxant,12,130
A6K413500,Fourzepam,Antiviral,12,450
J53Y700081,Historyin,Antipsychotic,12,250
X99J157451,Votexone,Immunosuppressant,12,85
O54G414242,Ontostatin,Anti-inflammatory,12,550
K85O788245,Legxone,Immunosuppressant,12,150
S99E304361,Whatevervir,Diuretic,12,550
M58I696890,Justin,Antifungal,12,550
H51Q522237,Almostcillin,Anticonvulsant,12,450
U11P174193,Styleol,Antihypertensive,12,300
F75T764546,Thingin,Antiviral,12,400
R41P622380,Citizencillin,Cardiovascular,12,65
R64J373111,Pickzepam,Antipsychotic,12,550
Y77A552872,Thirdol,MuscleRelaxant,12,500
K97Q4847,Historyxone,Immunosuppressant,12,300
P27R574944,Articlestatin,Antifungal,12,115
D8P283069,Economicin,Anticonvulsant,12,120
M28L354729,Smallcillin,Antipyretic,12,300
C34K417736,Sovir,Anticoagulant,12,140
M62Z688110,Sendxone,Antipyretic,12,550
G67X155128,Agreementxone,Antipyretic,12,300
J73D497319,Showin,Antipyretic,12,95
S97V662656,Spendin,Antibiotic,12,650
K36E350296,Orderol,Antipyretic,12,200
D76M156608,Frontin,Antidepressant,12,150
U85T150579,Thesevir,Antihistamine,12,50
F55U834858,Sciencecillin,Antihypertensive,12,300
S56R648496,Anyonexone,Antipsychotic,12,145
V78J359107,Everyoneol,Antipyretic,12,70
W30Y517386,Neverzepam,Anti-inflammatory,12,650
M28M674558,Actuallyxone,Anticonvulsant,12,70
A63V185605,Meol,Anti-inflammatory,12,350
Q62J534808,Morestatin,Immunosuppressant,12,100
E28B6059,Seekol,Antibiotic,12,650
S72F568276,Middlezepam,Vitamin,12,150
P85V532567,Drawvir,MuscleRelaxant,12,130
V82T391269,Weightol,Antihypertensive,12,450
K44Y521531,Quicklyin,Vaccine,12,500
K18Q747724,Budgetzepam,Cardiovascular,12,350
B67C540867,Thoughtcillin,Antipyretic,12,300
T28P169378,Memorycillin,MuscleRelaxant,12,55
C98U794015,Difficultin,Immunosuppressant,12,200
R51K1184,Mediavir,Antipsychotic,12,300
D57H202118,Aboutzepam,Cardiovascular,12,300
M54I733173,Coursecillin,Anticonvulsant,12,400
C39J716641,Variousin,Antifungal,12,110
S64Z486317,Voicexone,Anti-inflammatory,12,500
I50I498713,Centuryin,Anti-inflammatory,12,300
S16Q284904,Feelol,Vitamin,12,120
E89A109599,Materialxone,Diuretic,12,500
Q58K552057,Senseol,Diuretic,12,350
D45X442179,Scorestatin,Antipsychotic,12,300
J36N754008,Focusin,Analgesic,12,650
N66D916320,Cardin,Antihistamine,12,400
F77L245023,Beststatin,Anti-inflammatory,12,550
A1E562008,Operationvir,Antidepressant,12,400
B98F962767,Throughoutvir,Antifungal,12,80
C56B181409,Popularol,Antiviral,12,600
R70Q400462,Attorneycillin,Diuretic,12,200
N67L175765,Edgeol,Antibiotic,12,600
Q38V193647,Stylevir,Respiratory,12,500
I42T862483,Leavexone,Anti-inflammatory,12,600
B67O106437,Nonestatin,Vitamin,12,65
C14O15234,Publiczepam,Antipyretic,12,115
Z30S238152,Smallxone,Vaccine,12,450
X78R627669,Adultstatin,Steroid,12,400
K35M886623,Operationin,Antibiotic,12,600
D37N566028,Situationvir,Antihypertensive,12,450
X5U176347,Deepstatin,MuscleRelaxant,12,600
L69N633677,Tripstatin,MuscleRelaxant,12,600
F71Q146891,Gasxone,Anti-inflammatory,12,150
H64E160587,Moviestatin,Anti-inflammatory,12,85
L8Q12439,Magazinezepam,Antiviral,12,200
Q47L118512,Familyxone,Antihistamine,12,70
D39L717372,Determineol,Antipsychotic,12,60
T26H916295,Thinkcillin,Antidepressant,12,350
M3M246030,Executivexone,Anticoagulant,12,350
X77P340487,Bornstatin,Antihypertensive,12,75
Y13V519053,Accountstatin,Antiviral,12,400
C17D265796,Restin,Respiratory,12,600
W33G336979,Readcillin,Antidepressant,12,300
O24R702610,Signcillin,Antipsychotic,12,150
P80L239516,Floorcillin,Immunosuppressant,12,550
V27L2581,Includexone,Diuretic,12,50
H77Y469144,Societycillin,Antihypertensive,12,105
I92O826801,Startstatin,Diuretic,12,500
B18Q97391,Themol,Cardiovascular,12,65
B24T733171,Oilvir,Antihistamine,12,550
G19G978581,Successfulxone,Vaccine,12,350
K55W945328,Findin,Anticoagulant,12,250
F97X854174,Roadstatin,Anticoagulant,12,350
Q34X979633,Bitol,Analgesic,12,450
U47G211724,Interestingxone,Antiviral,12,150
X41L325774,Lawyervir,Cardiovascular,12,350
A47V689901,Servein,Antipyretic,12,85
V10U630391,Tripcillin,Diuretic,12,50
H61J699301,Ideaxone,Antibiotic,12,60
S28M815281,Concernxone,Antidepressant,12,650
E9F14188,Notevir,Antifungal,12,200
K50V53187,Toool,Antifungal,12,105
D63Z12797,Shoulderin,Steroid,12,110
S80O555402,Meetingzepam,Antidepressant,12,300
V80V947561,Religiouscillin,Antibiotic,12,105
T37Q986763,Goodol,Diuretic,12,65
D39Y514355,Clearlystatin,Antipyretic,12,115
K83Z998957,Riskvir,Steroid,12,120
W10B546710,Tvzepam,Anticonvulsant,12,75
J43U320438,Situationstatin,Antifungal,12,250
N57T115420,Becausestatin,Antihypertensive,12,250
L3D469666,Towardxone,Anticoagulant,12,350
Y85N367323,Affectstatin,Antibiotic,12,650
M25R20669,Theorystatin,Diuretic,12,150
R93W148636,Muchin,Antidepressant,12,110
V8A807576,Aheadxone,Cardiovascular,12,450
P95Y739672,Taxxone,MuscleRelaxant,12,400
D27V38754,Topstatin,Vaccine,12,150
S65E941361,Cupzepam,Diuretic,12,250
H96R670648,Tablein,Antihypertensive,12,115
U23P250708,Herselfol,Anticoagulant,12,65
R37H9912,Operationvir,Vaccine,12,400
D68S569566,Opportunityvir,Analgesic,12,50
Q48J490622,Agexone,MuscleRelaxant,12,110
H74T88509,Centurycillin,Antidepressant,12,600
L15J92765,Powercillin,Antiviral,12,80
C86Q51979,Havein,Anti-inflammatory,12,600
K63T730752,Actuallyvir,Antipyretic,12,400
F5V386573,Recordcillin,Antibiotic,12,600
S63W342039,Mrsstatin,Antiviral,12,70
V9B282133,Carryol,Antihistamine,12,200
G85W573010,Openxone,Steroid,12,80
X70Q638625,Adultstatin,Antihypertensive,12,200
J42J149352,Thisvir,Immunosuppressant,12,100
H59F506304,Itemcillin,Anticoagulant,12,350
V53B941683,Choicecillin,Anticonvulsant,12,90
V70E505425,Coverin,Antidepressant,12,350
Q19H635959,Helpzepam,Antibiotic,12,95
R32P358290,Nearlyzepam,Vitamin,12,105
L98L172288,Mrvir,MuscleRelaxant,12,60
U17K66838,Actuallyol,Anti-inflammatory,12,500
Y79D542705,Remainvir,Respiratory,12,400
M75C522025,Barcillin,Antifungal,12,65
J30Z542249,Institutionzepam,Antifungal,12,100
N17H869369,Commercialvir,Anticonvulsant,12,250
N93G280730,Ideain,Antipyretic,12,450
H80N827343,Missionstatin,Analgesic,12,300
M24M6162,Significantxone,Vaccine,12,55
I7H442774,Actuallyzepam,Immunosuppressant,12,350
R6R597625,Eventxone,Antipsychotic,12,300
N13O255948,Whoin,Respiratory,12,300
W63P385147,Womanin,MuscleRelaxant,12,350
A25S835653,Sourcevir,Anti-inflammatory,12,350
S54L935542,Cellstatin,Antiviral,12,80
R41L375813,Heartvir,Antipyretic,12,100
E98O221826,Kidcillin,Steroid,12,450
D31I30381,Thingzepam,Antipyretic,12,150
O58Y398322,Americanxone,Respiratory,12,250
R33N608504,Beginstatin,Diuretic,12,50
O86O403566,Involvein,Diuretic,12,300
L27C772241,Middlestatin,Antibiotic,12,200
I90S242693,Reducestatin,Antiviral,12,55
L33Y35019,Investmentvir,Anticoagulant,12,350
G35O153327,Areavir,Antipsychotic,12,100
L61I108468,Acceptvir,Immunosuppressant,12,400
M96D156485,Debatezepam,Respiratory,12,400
A48G75642,Finishcillin,Anticoagulant,12,600
Y3R944893,Modelvir,Vitamin,12,550
I72M433897,Majorityvir,Steroid,12,150
T43K649970,Housexone,Antipsychotic,12,115
L23H332283,Attackxone,Analgesic,12,250
L97R453299,Attackstatin,Anticonvulsant,12,300
L52L861696,Agool,Anticonvulsant,12,75
V38F277950,Measurein,Diuretic,12,200
I0A844130,Practicein,Anticonvulsant,12,400
P35R906807,Setstatin,Cardiovascular,12,105
Q40S136837,Beatxone,Cardiovascular,12,300
N73F802562,Truthvir,Analgesic,12,300
P43V210977,Federalxone,Steroid,12,80
X39C565593,Truexone,Antihypertensive,12,350
S29L93386,Entirestatin,Steroid,12,400
C95Q31917,Healthvir,Antidepressant,12,200
L10D101212,Quitecillin,Immunosuppressant,12,300
V29V65818,Bycillin,Antipsychotic,12,300
B90F428830,Especiallyvir,Antibiotic,12,600
F94O692918,Bedcillin,Antibiotic,12,600
X10D697658,Jobvir,Vaccine,12,60
V99Y739027,Whomcillin,Antibiotic,12,125
O94V309616,Valueol,Analgesic,12,70
P32M433813,Seasonstatin,Vitamin,12,650
O92D605086,Professorol,Diuretic,12,150
E29T689211,Cutxone,Analgesic,12,300
K14F317761,Heartvir,Immunosuppressant,12,95
D81K102931,Alonexone,Anticoagulant,12,400
N9Q391067,Withcillin,Anti-inflammatory,12,350
G93Y884251,Probablystatin,Anti-inflammatory,12,600
F70U634071,Todayol,Anti-inflammatory,12,300
U77F859410,Earlyol,Respiratory,12,85
F65E637561,Radiocillin,Diuretic,12,145
E50L169410,Indeedol,Diuretic,12,90
L76M719354,Summerxone,Vaccine,12,110
X17M137147,Realizestatin,Cardiovascular,12,110
T82M20418,Azepam,Antiviral,12,65
W92B673058,Callin,Antifungal,12,500
L30W871603,Sourcein,Diuretic,12,450
X66Z290307,Hitzepam,Antidepressant,12,250
M61A315486,Mightstatin,Antidepressant,12,65
F69U324435,Outsidein,Immunosuppressant,12,90
O4X518333,Individualzepam,Diuretic,12,95
S80V25076,Presentvir,Analgesic,12,120
Y8W76434,Standardzepam,Antipsychotic,12,50
G36V574934,Foreignvir,Diuretic,12,85
D63W743286,Realitycillin,Vitamin,12,500
Q23N926089,Daycillin,Antibiotic,12,85
A61I77542,Missioncillin,Antihistamine,12,55
V11Y130550,Losestatin,Respiratory,12,85
T69W751887,Opportunityzepam,Antipsychotic,12,90
J15Z143672,Includingin,Anticonvulsant,12,55
S40T678473,Camerazepam,Antifungal,12,300
U37G5772,Nationalol,Immunosuppressant,12,200
C46Y724071,Includingvir,Analgesic,12,120
D15Y805650,Appearcillin,Steroid,12,55
P36F360464,Bexone,Anticoagulant,12,90
Z21L383390,Drawxone,Antifungal,12,500
P72Q500910,Lightxone,Anticoagulant,12,120
S15J571480,Pieceol,Analgesic,12,600
F39N994223,Waycillin,Diuretic,12,350
A58K548012,Conferencezepam,Analgesic,12,55
J31F132048,Asxone,Immunosuppressant,12,300
V22Y941692,Becauseol,Anticoagulant,12,110
M6R781914,Reasonvir,MuscleRelaxant,12,400
Q61T904567,Physicalol,Steroid,12,70
L58Q87765,Inxone,Antiviral,12,600
S22V998462,Sendol,Steroid,12,55
A42D756896,Defensestatin,Vaccine,12,200
R69G459854,Marketxone,Diuretic,12,110
L58X763316,Thosexone,Cardiovascular,12,150
C37X773109,Northvir,Antipyretic,12,85
V9P276473,Senseol,Anti-inflammatory,12,110
G83I757840,Businessstatin,Antifungal,12,500
C83N34854,Latestatin,Steroid,12,150
C35J399702,Analysisvir,Antifungal,12,110
A30G291409,Thisxone,Analgesic,12,70
X15N600157,Capitalxone,Anticonvulsant,12,550
Z83O688979,Traditionalol,Vaccine,12,80
R62V829520,Feelingzepam,Antihistamine,12,250
N78N814527,Mezepam,Diuretic,12,115
K15P810461,Optioncillin,Steroid,12,550
U0E139324,Toocillin,MuscleRelaxant,12,350
U37M941366,Notein,Immunosuppressant,12,250
O19P45474,Tenvir,Vitamin,12,500
A8F334557,Workerstatin,Antifungal,12,55
J2G979592,Supportcillin,Anticonvulsant,12,350
T39A661937,Againstin,Anticoagulant,12,300
U51X641567,Betweencillin,Immunosuppressant,12,250
L94N57681,Whozepam,Vaccine,12,500
U74Y296021,Paststatin,Anticoagulant,12,90
V7Y887299,Presentin,Antihypertensive,12,650
Z16T762287,Despitestatin,Immunosuppressant,12,110
N68P750276,Outsidecillin,MuscleRelaxant,12,110
P75F266143,Summercillin,Anti-inflammatory,12,450
U42T228272,Dealzepam,Antipyretic,12,145
F24Y182308,Treatmentzepam,Antifungal,12,450
Q96Y215117,Employeexone,Antipsychotic,12,150
I83O712126,Publicin,Anticoagulant,12,85
K97Y131568,Savexone,Cardiovascular,12,45
B63M644291,Certainin,Anticonvulsant,12,105
T12T910074,Clearin,Antidepressant,12,200
X65P844245,Stopxone,Immunosuppressant,12,550
O19U211075,Schoolzepam,Antihistamine,12,65
W99G131305,Considerxone,Diuretic,12,85
D59Z29429,Abovevir,MuscleRelaxant,12,50
J51W701571,Hospitalstatin,Respiratory,12,150
H11R420940,Sensexone,Anticoagulant,12,85
N87L48621,Amountcillin,Immunosuppressant,12,90
L76Q498416,Storyxone,Anticonvulsant,12,400
F85S399247,Knowcillin,Anti-inflammatory,12,85
E32C496848,Culturein,Antihistamine,12,90
R52X399563,Losezepam,Cardiovascular,12,70
I75P556428,Totalstatin,Antipyretic,12,250
E54P830855,Attackvir,Anticoagulant,12,300
I77Q421001,Behaviorvir,Diuretic,12,70
J58G813456,Byol,Vaccine,12,55
S33A13408,Provideol,Anticonvulsant,12,80
E95K649441,Waterin,Analgesic,12,350
S34Q605756,Mustin,Steroid,12,100
N23L672136,Decadeol,Antifungal,12,450
E61R117592,Billionin,Antifungal,12,350
G7B596183,Performancevir,Antihistamine,12,550
P79Q994024,Withoutvir,Antihistamine,12,200
A86U513741,Sensein,Anticonvulsant,12,85
S13H500441,Actol,MuscleRelaxant,12,135
K6U754224,Admitin,Antidepressant,12,115
G25V672930,Societyzepam,Antipyretic,12,350
O75O740636,Agreementin,Antidepressant,12,500
Q29S725391,Suchstatin,Steroid,12,80
W45K43007,Executivexone,Antifungal,12,300
X55O592350,Resultvir,Vitamin,12,400
X78P305380,Savezepam,Antihypertensive,12,55
W92P362107,Bigzepam,Antihypertensive,12,650
E21O857656,Bloodvir,Antibiotic,12,350
Q32S18329,Usezepam,Diuretic,12,120
E14L736799,Itemcillin,Anticoagulant,12,200
J55L419897,Hearxone,Diuretic,12,55
A85R280094,Childstatin,Cardiovascular,12,300
G53W140623,Themselveszepam,MuscleRelaxant,12,400
C32L238909,Paperzepam,Antipsychotic,12,115
H62L393338,Windin,MuscleRelaxant,12,125
H38L384354,Whomzepam,Vaccine,12,120
K70J888488,Createin,Vitamin,12,65
F26F588366,Mediain,Vitamin,12,200
G36H791019,Individualxone,Antifungal,12,350
G12G16042,Legstatin,Vaccine,12,70
F32S8301,Newsin,Steroid,12,500
V41I567506,Raceol,Cardiovascular,12,300
W48F188293,Livexone,Analgesic,12,85
P36R402687,Medicalzepam,Steroid,12,150
Q2N950000,Developmentzepam,Immunosuppressant,12,95
B61F663496,Choosecillin,Antipyretic,12,80
A72Y840058,Undercillin,Vaccine,12,500
N86K644958,Notevir,Vaccine,12,200
A96W970805,Anyonestatin,MuscleRelaxant,12,200
J9R849503,Pullzepam,MuscleRelaxant,12,60
I1P443874,Standstatin,Cardiovascular,12,400
T66V551835,Explainxone,Antipsychotic,12,100
I91E974578,Reducevir,Respiratory,12,150
H44K491743,Networkxone,Diuretic,12,70
M42H225791,Morezepam,Vitamin,12,70
M70N113228,Thesevir,Anti-inflammatory,12,250
Q80F374970,Traditionalin,Antihistamine,12,550
R28V170197,Friendzepam,Immunosuppressant,12,400
V4V769148,Darkxone,Antifungal,12,95
Z64U367627,Hotelol,Anti-inflammatory,12,115
S67Y620846,Orxone,Anticonvulsant,12,90
J93Z840672,Optionxone,Anticonvulsant,12,200
W97R511330,Hotelin,Vitamin,12,300
N82K724875,Wayol,Antibiotic,12,55
I80Z316825,Traditionalstatin,MuscleRelaxant,12,400
K9A26285,Decidecillin,Antihistamine,12,300
A78S844728,Ivir,Vitamin,12,250
D85C654985,Whosexone,Antihistamine,12,90
Q11Q83198,Effectzepam,Anticoagulant,12,60
R1H923218,Environmentin,Steroid,12,60
J28K260006,Congressin,Antifungal,12,135
C18P59071,Aol,Anti-inflammatory,12,350
Z33F548381,Actuallycillin,Antipyretic,12,60
K73U377529,Alwaysol,Antipsychotic,12,60
G1D335669,Collegestatin,Analgesic,12,110
A92J2623,Sayol,Diuretic,12,110
W63X750013,Peacexone,Steroid,12,550
C33A879082,Girlvir,Anti-inflammatory,12,350
G98I890853,Himzepam,Anticoagulant,12,200
D60K197178,Programin,Anticoagulant,12,65
J76R141127,Growthcillin,Anti-inflammatory,12,95
U6O335071,Reasonvir,Steroid,12,50
I77V312261,Valuevir,Steroid,12,150
D10P551405,Fewcillin,Antibiotic,12,105
R0N632990,Worryxone,Cardiovascular,12,350
H12K114621,Assumevir,Antihistamine,12,450
P98N819688,Shouldcillin,Anticonvulsant,12,100
Z7X250975,Todaystatin,Antihistamine,12,55
B36M392577,Weightol,Antifungal,12,650
O26L102590,Yourin,Steroid,12,350
U13B8081,Leastol,Diuretic,12,250
L40I870890,Developmentvir,Anticonvulsant,12,80
W23W709013,Eachstatin,Antipyretic,12,65
O65U27389,Publicol,MuscleRelaxant,12,45
Y55F250873,Fallvir,Cardiovascular,12,350
S51Z649701,Preventvir,MuscleRelaxant,12,550
G30B304866,Buildingcillin,Antibiotic,12,600
P11Y616430,Recordin,Antipyretic,12,110
R31T172569,Servicestatin,Antifungal,12,150
L73R210335,Greatin,Respiratory,12,95
D62Y77932,Eyevir,MuscleRelaxant,12,120
S2P272687,Enoughcillin,Antipsychotic,12,85
C46S166131,Suggeststatin,Antifungal,12,50
I84V337688,Storeol,Antipyretic,12,250
M71C391737,Personstatin,Antiviral,12,55
M57N789029,Improvezepam,Vaccine,12,400
D54Z929465,Treecillin,Steroid,12,115
F11F582362,Beautifulin,Antihypertensive,12,350
T49H204143,Askstatin,Antihistamine,12,400
B79M355255,Chargezepam,Antiviral,12,650
H66L707322,Womanxone,Antihypertensive,12,150
J76T20938,Themselvesxone,Anti-inflammatory,12,300
V5N599065,Officialvir,MuscleRelaxant,12,55
D91H471619,Stuffstatin,MuscleRelaxant,12,115
P27N379808,Sonol,Anticoagulant,12,550
S77D660758,Yetcillin,Antipyretic,12,450
R67O640343,Untilvir,Vaccine,12,115
Z62Z774948,Reachzepam,Antihypertensive,12,65
R57M649856,Bornin,Cardiovascular,12,110
B98I902230,Prettyvir,Cardiovascular,12,65
R16P426693,Costxone,Immunosuppressant,12,300
P33Q636470,Nonexone,Antihypertensive,12,75
U82Q952129,Agreecillin,Antiviral,12,90
I0H369240,Seekzepam,Vaccine,12,300
R65S866348,Showxone,Antifungal,12,135
B24H79467,Preparezepam,Anticonvulsant,12,90
P36Q718552,Containcillin,Cardiovascular,12,300
M22V760015,Overstatin,Vitamin,12,600
N18J373583,Togetherxone,Cardiovascular,12,550
G64S920453,Formol,Antidepressant,12,300
T61D114441,Parentin,Antipsychotic,12,60
L56P904829,Carexone,Analgesic,12,115
N11M566699,Girlzepam,Antipsychotic,12,650
R68B510976,Yourol,Antidepressant,12,115
P87X157498,Programcillin,Antidepressant,12,95
G21Q130597,Filmxone,Antifungal,12,650
U99R150050,Thinkxone,Respiratory,12,300
J12T495447,Westzepam,Antifungal,12,350
Y38Y611297,Goalvir,Antiviral,12,125
M0D15667,Morningzepam,Antipyretic,12,550
Y84M480112,Managein,Cardiovascular,12,90
L95F437850,Agool,Steroid,12,200
G13U692318,Modelvir,Anticoagulant,12,80
J0N889700,Ourzepam,Diuretic,12,95
A41G570825,Lookstatin,Antibiotic,12,250
X42R617791,Southstatin,Antipyretic,12,45
X82P708251,Preventcillin,Respiratory,12,85
Q53A804634,Technologycillin,Analgesic,12,150
C40U862381,Forceol,Antipyretic,12,65
K57Z901847,Changezepam,Anticonvulsant,12,400
X58D43588,Surein,Vaccine,12,105
D86B87515,Difficultvir,Antifungal,12,95
A79U369051,Mrol,Antidepressant,12,70
B30R551055,Stylestatin,Anticoagulant,12,450
N84I909937,Sendol,MuscleRelaxant,12,550
C52L580535,Severalvir,Cardiovascular,12,300
F97K194577,Personcillin,Anti-inflammatory,12,115
W17M837390,Bitcillin,Antihypertensive,12,300
G5V866132,Neverxone,Immunosuppressant,12,85
I2J928279,Positivevir,Antibiotic,12,105
V43D121930,Purposeol,Antipsychotic,12,550
X84R894699,Outsideol,Anti-inflammatory,12,100
B32A13120,Amountvir,Steroid,12,70
F80Q575386,Ideavir,Anti-inflammatory,12,80
G82F683989,Importantcillin,Anticoagulant,12,600
Z52E537270,Tripxone,Antihypertensive,12,75
S13I793287,Significantzepam,Antihistamine,12,550
H17B312206,Growvir,Antihypertensive,12,200
H44N940331,Futurezepam,Respiratory,12,350
P23Q744856,Hisvir,Antibiotic,12,150
I42M224910,Tenzepam,Analgesic,12,60
W31X658680,Eastol,Vaccine,12,500
P17R937440,Stockol,Anticonvulsant,12,65
Z30D499713,Storyvir,Antihistamine,12,300
N54X368048,Agentstatin,Antifungal,12,150
L96E511303,Experienceol,MuscleRelaxant,12,650
B19F824681,Cardcillin,Diuretic,12,600
S29F600979,Timezepam,Vitamin,12,650
I43C486452,Revealstatin,Analgesic,12,120
Z43A981139,Coachol,Vitamin,12,45
O40D694058,Lettercillin,Vaccine,12,300
A4J431749,Fearxone,Anti-inflammatory,12,80
P93V860339,Talkol,Immunosuppressant,12,500
J19C954886,Decisionol,Analgesic,12,80
X10E439672,Casestatin,MuscleRelaxant,12,450
A68F128944,Businessxone,Vaccine,12,300
N28H534504,Challengein,Antiviral,12,200
U36C599441,Icillin,Antidepressant,12,75
J9E150645,Establishstatin,Antiviral,12,600
W80V120651,Putstatin,Antiviral,12,400
C76H637995,Artcillin,Anticoagulant,12,75
J85R62860,Presentin,Diuretic,12,80
R28L862384,Howxone,Antibiotic,12,70
I35W579114,Itol,Anti-inflammatory,12,300
W21G896612,Missol,Antiviral,12,70
P94U751985,Callzepam,Cardiovascular,12,500
Z66Z263155,Songol,Antiviral,12,60
R58S279039,Minutecillin,Antihypertensive,12,600
C71H566054,Paperxone,MuscleRelaxant,12,110
M20L643537,Mrscillin,Antipyretic,12,450
L76U600204,Closeol,Analgesic,12,150
S1R73498,Largein,MuscleRelaxant,12,95
H0V506883,Managerzepam,Immunosuppressant,12,300
O19G634501,Nationvir,MuscleRelaxant,12,300
Z8N328171,Officerzepam,Antidepressant,12,200
B21C565849,Addxone,Antipyretic,12,400
P49C951222,Expertol,Antihypertensive,12,150
D86O439885,Planin,Antihypertensive,12,350
U6R11773,Ratherzepam,Respiratory,12,400
L86A470911,Toughin,MuscleRelaxant,12,200
A40U4370,Quitevir,Antibiotic,12,150
T2T72616,Daystatin,Antihypertensive,12,95
M76V472471,Newspaperxone,Diuretic,12,550
M51X180147,Badxone,Anti-inflammatory,12,75
H20N504462,Acceptcillin,Antifungal,12,70
P16P388331,Experiencestatin,Respiratory,12,85
O5A95647,Quicklystatin,Antibiotic,12,85
E16M994803,Checkvir,Anticoagulant,12,200
D71K608165,Forcecillin,Antipsychotic,12,150
C52S212492,Decisionzepam,Antipsychotic,12,115
P42I384693,Intoin,Antiviral,12,60
S61B675029,Planin,Immunosuppressant,12,550
P72D877805,Bedol,Cardiovascular,12,300
W69H527198,Skillin,Anticoagulant,12,50
G17W752653,Positionol,Steroid,12,50
V62C93966,Itsstatin,Antidepressant,12,550
N25W897741,Questionol,Antiviral,12,200
W66M766091,Itxone,MuscleRelaxant,12,110
C11B235839,Majorvir,Antipyretic,12,140
Z75U377541,Sourcestatin,Antihistamine,12,650
N38G311655,Throwcillin,Respiratory,12,90
N21W279633,Itsin,MuscleRelaxant,12,250
Y72V725268,Outol,Vitamin,12,200
J9D592961,Typein,Antidepressant,12,60
F73P787463,Spendin,Anticoagulant,12,300
K94Y692495,Travelol,Antibiotic,12,400
V63Y485707,Suggeststatin,Antidepressant,12,150
L77B856985,Letterxone,Antibiotic,12,200
H91W383747,Politicalin,Antipsychotic,12,120
N27E938726,Radiovir,Antiviral,12,500
D97G375840,Studystatin,Antifungal,12,300
S99H128194,Politicalol,Immunosuppressant,12,550
V5N967540,Decadestatin,Immunosuppressant,12,105
H84U752542,Windowvir,Antipsychotic,12,85
R85N998168,Getcillin,Immunosuppressant,12,450
U54T961457,Anyonexone,Vitamin,12,200
D92R391231,Camerazepam,Immunosuppressant,12,250
O36E520973,Schoolxone,Vaccine,12,65
S55O76092,Listencillin,Antibiotic,12,300
C87P979321,Suchstatin,Anticonvulsant,12,75
M65U598351,Placezepam,Antiviral,12,350
X53F367543,Losszepam,Respiratory,12,600
E10S443150,Soldiervir,Antihypertensive,12,85
K54C122091,Singlecillin,Steroid,12,500
C37U283352,Housezepam,Immunosuppressant,12,300
P41J60234,Communitystatin,Diuretic,12,115
B31E73011,Groundin,Vitamin,12,350
T61T144575,Placein,Anticoagulant,12,150
M28N738431,Readcillin,Vitamin,12,75
D46S540868,Citizenstatin,Antipyretic,12,75
Z80R243717,Believecillin,Antiviral,12,70
P15U45939,Communityzepam,Anticonvulsant,12,250
R11Q463753,Southernin,Diuretic,12,350
X29X803810,Pastin,Vaccine,12,70
D48O724633,Educationxone,Antipyretic,12,50
G40U707251,Songin,Diuretic,12,70
L96C285017,Seriesvir,Vitamin,12,650
A12U322227,Tonightin,Antibiotic,12,400
T52U643773,Breakin,Antipyretic,12,500
S43K285603,Alwaysin,Antihistamine,12,90
I91U673710,Fundvir,Anti-inflammatory,12,80
I22Z804536,Applystatin,Antibiotic,12,400
B34F29520,Walkin,Anticoagulant,12,600
K42Y12590,Firezepam,Anticoagulant,12,600
I79D14787,Laughstatin,Diuretic,12,300
Z63J226958,Lightin,Analgesic,12,650
E63C255658,Yourselfin,Antipyretic,12,500
B97H534064,Listol,Immunosuppressant,12,400
R64W992662,Reachxone,Antihypertensive,12,120
F49L985762,Recordzepam,Antihypertensive,12,300
Z11M276119,Nool,Analgesic,12,120
A17H902520,Cityol,Respiratory,12,500
W12I912377,Earlyin,Diuretic,12,400
L8W973741,Howstatin,Antihypertensive,12,70
R53H735315,Recentcillin,Analgesic,12,60
J17C508248,Strategyol,Vitamin,12,500
U51L217218,Newstatin,Antifungal,12,350
B18L741811,Abilitystatin,Immunosuppressant,12,400
W55O36475,Hiscillin,Antibiotic,12,200
S59X727640,Againstzepam,Vitamin,12,120
R51N516321,Expertcillin,Antipyretic,12,105
T99O392114,Containol,Immunosuppressant,12,115
S55G420510,Themstatin,Antipyretic,12,350
D79B194009,Nextstatin,Anticoagulant,12,80
V35X487710,Whateverol,Antifungal,12,120
C64M475839,Intereststatin,Antihypertensive,12,400
I0C786727,Administrationin,Antihypertensive,12,300
G63G238918,Practicevir,Antipsychotic,12,120
B25H856954,Aroundvir,MuscleRelaxant,12,250
O39T380085,Nextin,Steroid,12,650
L28B9191,Myselfin,Antiviral,12,300
M16M490663,Matterol,MuscleRelaxant,12,150
S91X588367,Professionalcillin,Antipyretic,12,55
L46Y183953,Truthxone,Vaccine,12,65
N90L432184,Towardcillin,Antidepressant,12,90
Z31U30215,Onestatin,Anti-inflammatory,12,200
N83O908036,Rockstatin,Anti-inflammatory,12,250
T59W981043,Evercillin,Diuretic,12,110
X2B376465,Fivezepam,Antipyretic,12,50
U41Y166064,Seekcillin,Diuretic,12,105
M66E59597,Stuffcillin,Anti-inflammatory,12,100
Z13G333143,Intoin,Diuretic,12,450
Z22I270722,Directioncillin,Anticonvulsant,12,350
W11I610771,Newsvir,Antihypertensive,12,300
N18Y530433,Successfulxone,Antiviral,12,125
Y37C284723,Informationcillin,MuscleRelaxant,12,650
E77M886399,Backxone,Vaccine,12,250
D43U945707,Revealol,Respiratory,12,450
K74E467581,Possiblevir,Anticonvulsant,12,50
C64A975960,Internationalcillin,MuscleRelaxant,12,80
C91I944548,Continuevir,MuscleRelaxant,12,50
Z72O776596,Factorol,Vitamin,12,55
A98Y839879,Northzepam,Antihypertensive,12,500
J74H182736,Shakein,Respiratory,12,250
U21G418529,Letterstatin,Steroid,12,75
M87X941624,Memorystatin,Antipsychotic,12,120
B62W326852,Tonightzepam,Immunosuppressant,12,120
B58D489071,Betweenol,Vitamin,12,50
N89C617603,Similarin,Diuretic,12,115
J85W470657,Runxone,Analgesic,12,550
E88D55392,Billstatin,Respiratory,12,400
X62S967277,Variousol,Anticonvulsant,12,350
S11M880269,Defensestatin,Antidepressant,12,80
S40K816338,Mayxone,MuscleRelaxant,12,110
D69T503997,Patternzepam,Immunosuppressant,12,600
V65L437018,Sitstatin,MuscleRelaxant,12,105
W1A716908,Sincein,Antiviral,12,55
G89U917726,Powerxone,Antihistamine,12,65
Z2U641544,Interviewin,Antiviral,12,400
N3L160134,Thoughtzepam,Vaccine,12,450
H57O652415,Entervir,Vaccine,12,150
H11V7945,Checkvir,Diuretic,12,300
D46W675704,Behaviorin,Antipsychotic,12,500
K68D226961,Naturalzepam,Respiratory,12,150
S19D70000,Spaceol,Antifungal,12,100
T79K961657,Morningvir,MuscleRelaxant,12,150
W40F462171,Qualitystatin,Steroid,12,500
W81U235090,Fullol,Antifungal,12,85
W54A634025,Everybodystatin,Anti-inflammatory,12,200
O42D961723,Feelingcillin,Anti-inflammatory,12,300
L36U547139,Toostatin,Cardiovascular,12,300
Y88J99189,Choosein,Antiviral,12,550
X97A732705,Degreexone,Vaccine,12,300
T22A792306,Buildin,Antifungal,12,140
N32H454502,Hotelol,Antipyretic,12,95
L9Z687354,Holdvir,Respiratory,12,300
C91P491979,Ownerin,Cardiovascular,12,45
I15M176039,Wouldin,Respiratory,12,75
L87Z325624,Collegezepam,Antifungal,12,300
C56H416563,Sharein,Antifungal,12,250
N14E898187,Barvir,Antidepressant,12,300
Z27D705280,Summervir,Anticoagulant,12,250
B30J31657,Productstatin,Antifungal,12,250
S7Y708858,Meetingstatin,Anticonvulsant,12,300
D24Z60776,Termzepam,Antihypertensive,12,80
Q41G120327,Singleol,Antifungal,12,65
M52G257857,Smilezepam,Anticoagulant,12,65
F54P730791,Subjectzepam,Antiviral,12,55
W34X772260,Similarvir,Antifungal,12,70
V33C101438,Standxone,Antipyretic,12,550
A59G451521,Richvir,Antihistamine,12,50
F99R472507,Situationin,Antibiotic,12,90
V28W849949,Drugol,Antiviral,12,500
R27E498186,Newcillin,Cardiovascular,12,650
Y97Q557122,Democraticstatin,Analgesic,12,250
D31G379376,Teamin,Antidepressant,12,70
O27N337510,Imagineol,Vitamin,12,550
V13X970145,Ballstatin,Immunosuppressant,12,90
X16W288606,Buildvir,Steroid,12,600
M40Y862017,Languagexone,Anticonvulsant,12,95
R83E179708,Seatcillin,Diuretic,12,105
V57F352981,Rolevir,Vaccine,12,550
K22Z100223,Agencycillin,Antidepressant,12,100
Y34A145472,Artistin,Anticoagulant,12,300
I23U171113,Teamin,Respiratory,12,50
E82R809003,Remainvir,Antihistamine,12,300
H18G82297,Imagecillin,Vaccine,12,650
U49Y769669,Individualvir,Diuretic,12,50
R89Z660523,Downcillin,Antihypertensive,12,300
H49R112719,Meetingzepam,Immunosuppressant,12,650
H79K558975,Riskcillin,Antifungal,12,55
R54U549807,Minutecillin,Anticonvulsant,12,70
A73E817222,Whomzepam,Antiviral,12,250
J11M487183,Preparezepam,Antihistamine,12,350
W87K682668,Toozepam,Antibiotic,12,115
Z24K744039,Mrsstatin,Analgesic,12,400
I90U862439,Songvir,Antibiotic,12,350
T65R492160,Purposeol,Steroid,12,300
G95V708847,Raiseol,Analgesic,12,550
E19B783708,Sincexone,Steroid,12,100
H49I100195,Leftzepam,Diuretic,12,550
J24K401339,Wifein,Vaccine,12,100
N44X112111,Experiencestatin,Anti-inflammatory,12,55
U64C166718,Actuallycillin,Anti-inflammatory,12,400
S29C9591,Centralcillin,Antibiotic,12,250
P23I597257,Missstatin,Antifungal,12,300
L14O841700,Musicin,Analgesic,12,150
M16T388943,Thoughol,Respiratory,12,400
Q99D908937,Moveol,Vaccine,12,125
P9F979532,Areazepam,Antipsychotic,12,300
R95S812920,Fallzepam,Immunosuppressant,12,550
U38T143383,Ownerin,Antipsychotic,12,80
N23B49526,Authorvir,Antihypertensive,12,250
U10I286940,Marriagecillin,Antipsychotic,12,400
S91L873719,Policyol,Anti-inflammatory,12,400
Z98W82348,Religiouszepam,Antihypertensive,12,500
Z61K142396,Laughol,Vitamin,12,300
R14U662801,Electionvir,Antipyretic,12,500
M59L230960,Almostin,Diuretic,12,500
I31F141273,Authorityxone,Immunosuppressant,12,70
W48D885949,Memorystatin,Antihypertensive,12,600
N4G145470,Topcillin,Antipsychotic,12,65
N31L335135,Fillin,Respiratory,12,135
T43N309659,Themxone,Anticonvulsant,12,250
P27M402720,Breakvir,Antibiotic,12,200
K24Q721120,Audiencevir,Vitamin,12,600
G97K651929,Camerastatin,Anti-inflammatory,12,60
B32F557014,Whomcillin,Immunosuppressant,12,300
B80X26878,Largein,Vaccine,12,400
D17C679219,Facezepam,MuscleRelaxant,12,550
S84L826913,Afterol,Antifungal,12,45
N23F891629,Storycillin,Anticoagulant,12,300
F88L564346,Capitalxone,Antipsychotic,12,95
X47K340145,Orzepam,Anticonvulsant,12,120
A58F353902,Leftin,Antidepressant,12,90
G55T831666,Hugexone,Antibiotic,12,85
S95I175278,Programzepam,Vaccine,12,400
Z12S206574,Developin,Antipyretic,12,650
Z53M594433,Whool,Antipsychotic,12,400
E47T755684,Partzepam,Vaccine,12,450
Y61D562073,Testol,Anti-inflammatory,12,400
E64U798541,Testvir,Diuretic,12,60
D46E970016,Professionalxone,Antiviral,12,60
O43V12493,Sidevir,Anti-inflammatory,12,400
L77G554900,Safecillin,Antifungal,12,105
X53K111470,Authorityvir,Diuretic,12,500
J51Y451695,Increasexone,Antifungal,12,400
O60Z66218,Handstatin,MuscleRelaxant,12,300
T67E654936,Minutecillin,Antihistamine,12,650
R37N584133,Shezepam,Steroid,12,80
W4Z49461,Includecillin,Immunosuppressant,12,350
P49P24165,Positionol,Antipsychotic,12,55
O53E716514,Detailvir,Antihypertensive,12,500
O43M328537,Statementvir,Anti-inflammatory,12,550
E54D52644,Greatxone,Antihypertensive,12,350
S49J316708,Amongcillin,Antifungal,12,120
Q39T977459,Figurestatin,Immunosuppressant,12,300
F26S936793,Thoughtin,Antipsychotic,12,500
V35P546635,Trialxone,Antihistamine,12,85
K80Q261227,Applystatin,Vitamin,12,120
G39X54028,Humancillin,Analgesic,12,90
N46Z965797,Relatecillin,Anticoagulant,12,80
T49P387592,Standardvir,Antiviral,12,400
K10O740361,Professionalin,Analgesic,12,650
E57Y591331,Scenezepam,Respiratory,12,55
S97T90489,Choicevir,Antipsychotic,12,650
C52X996136,Whileol,Antihypertensive,12,350
I77Y454347,Soundzepam,Steroid,12,300
R80L968469,Singol,Vaccine,12,150
X53L763612,Treatmentxone,Anti-inflammatory,12,200
Z66J899440,Officercillin,Antihypertensive,12,115
I68H736433,Researchol,MuscleRelaxant,12,110
Z81A49914,Worrycillin,Cardiovascular,12,80
Y42W867784,Writerin,Antidepressant,12,60
U13Y915775,Youxone,Analgesic,12,400
S0Z733231,Accountstatin,Antihypertensive,12,250
T69T197102,Sometimescillin,MuscleRelaxant,12,50
D50M800600,Finexone,Antifungal,12,350
X97W226410,Lifein,Anticoagulant,12,350
I50C149108,Acceptstatin,Antihistamine,12,250
Z65C759064,Onlyvir,Anticonvulsant,12,500
M77E892013,Conferencein,Antihypertensive,12,65
S96N712759,Quicklyxone,Vaccine,12,100
Z42Y867233,Okcillin,Diuretic,12,105
O49M850085,Withcillin,Antiviral,12,450
K30F401822,Startzepam,MuscleRelaxant,12,200
H68F786258,Springol,Analgesic,12,65
T79C137149,Musicol,Antihypertensive,12,150
C26S233039,Weekstatin,Antidepressant,12,400
L85V425323,Throughoutol,Respiratory,12,60
C18K635908,Bankol,Antifungal,12,550
L71V713690,Finalvir,Antibiotic,12,65
X78L403816,Thesecillin,Cardiovascular,12,115
G48T56559,Administrationvir,Antipyretic,12,70
B76G373846,Notecillin,Antihistamine,12,125
G92P232443,Sizexone,Vaccine,12,600
D34X824135,Armvir,Vaccine,12,550
O91P548671,Lookstatin,Anticonvulsant,12,300
L65A229914,Richin,Respiratory,12,90
I94L940954,Coldvir,Antihistamine,12,500
Q43H864184,Setstatin,Anti-inflammatory,12,350
B26N294173,Movecillin,Antihistamine,12,115
A47D941080,Conditionstatin,Antidepressant,12,65
B60J522065,Modelin,Steroid,12,300
W5J601053,Goalol,Anticonvulsant,12,500
F64R798466,Anythingin,Diuretic,12,110
N24T117394,Personalin,Vaccine,12,550
U44R941251,Impactxone,Analgesic,12,95
Y80B165029,Variouscillin,Anticoagulant,12,110
S49N500173,Marriageol,MuscleRelaxant,12,105
G40I727744,Myol,Antiviral,12,250
S9T282408,Testin,Diuretic,12,75
Y90N421815,Propertyol,Antibiotic,12,60
D24U733995,Managementin,Antihypertensive,12,50
G74X813603,Fightin,Immunosuppressant,12,70
N60G382325,Ablestatin,Antifungal,12,350
P68J293333,Developmentcillin,Diuretic,12,300
Z97D169238,Aboveol,Analgesic,12,450
H72G632232,Containin,Antihypertensive,12,95
B10C63607,Boxol,Anticoagulant,12,150
J94K222332,Pressurestatin,Antipyretic,12,70
B21H235984,Crimezepam,Analgesic,12,85
V64G771567,Experiencestatin,Immunosuppressant,12,100
H91K804907,Possibleol,Antipsychotic,12,100
U49N37954,Dreamzepam,Antihypertensive,12,100
M87B156491,Nothingin,Antidepressant,12,100
X6J648417,Newsol,Antiviral,12,95
E12D6976,Traditionalvir,Vitamin,12,115
V19I301218,Sharecillin,Anticoagulant,12,550
B47U973967,Accountxone,Vitamin,12,95
O8T220868,Signvir,Vaccine,12,85
L9E769364,Businessstatin,Vitamin,12,300
J6A862779,Votevir,Antipyretic,12,650
N1N516576,Turnin,Analgesic,12,450
L24N459662,Sourcecillin,Antipyretic,12,105
X5T656810,Operationin,Steroid,12,85
S28S28851,Militaryin,Cardiovascular,12,400
T8T825215,Largexone,Anti-inflammatory,12,550
T22I371996,Responsexone,Antibiotic,12,400
U98S483471,Establishol,Antifungal,12,95
H87K773586,Teamstatin,Anticonvulsant,12,70
J27X740497,Strongzepam,MuscleRelaxant,12,300
N26I291728,Airin,Analgesic,12,105
O5C163367,Executivestatin,Antipsychotic,12,95
Q82Q25212,Forzepam,MuscleRelaxant,12,80
L54Y856372,Soonxone,Vaccine,12,600
X31L116552,Mrsstatin,Antifungal,12,55
N22H312083,Walkol,Anticoagulant,12,45
M55R66939,Reallycillin,Vitamin,12,115
F79P978106,Risezepam,Diuretic,12,110
A74V260999,Actuallyol,Respiratory,12,250
X35U990297,Sharevir,Antipyretic,12,50
B25C863079,Simplyxone,Steroid,12,300
X16E106764,Topvir,Cardiovascular,12,60
Y86T159413,Analysisol,Anticoagulant,12,45
S32P315733,Interestingcillin,Steroid,12,650
H96B479199,Benefitol,Immunosuppressant,12,450
I35K107366,Whatevervir,Antihypertensive,12,120
V92B131546,Designcillin,Antipyretic,12,150
H23U540640,Ballol,Anticonvulsant,12,650
M16L146249,Stepstatin,MuscleRelaxant,12,65
Z2Q843637,Walkstatin,Immunosuppressant,12,120
P96L103361,Understandstatin,Antiviral,12,50
H53V615031,Quitein,Anticonvulsant,12,400
P17Y152252,Stopin,Antipsychotic,12,300
K19C430003,Arguevir,Antibiotic,12,55
Q48S464978,Womanvir,Cardiovascular,12,600
T73Q13506,Morningstatin,Antidepressant,12,350
W14O388315,Activityzepam,Anticoagulant,12,120
C47S368902,Participantin,Diuretic,12,400
O84M144889,Productionstatin,Antihypertensive,12,550
R77Q992783,Informationcillin,Analgesic,12,250
O94V145309,Weekstatin,Cardiovascular,12,105
D5D460637,Expectol,Vaccine,12,600
O83O482979,Managementzepam,Anti-inflammatory,12,600
V98H550324,Projectzepam,Steroid,12,120
D67W161182,Smileol,Antipyretic,12,550
B20S635277,Couldstatin,Diuretic,12,75
F12M308271,Reducecillin,Anticonvulsant,12,550
N15N487216,Ablezepam,Antifungal,12,650
O62Q91657,Costxone,Analgesic,12,60
J7J704483,Boxzepam,Antihypertensive,12,250
U58E614951,Informationstatin,Antiviral,12,100
Z21Z983925,Knowvir,Anticonvulsant,12,70
H40P582063,Crimezepam,Vitamin,12,75
W64Y830778,Necessaryin,Diuretic,12,650
U20V98047,Homecillin,Anticonvulsant,12,600
O90E114959,Hearol,Vitamin,12,400
I72W652111,Norcillin,Anti-inflammatory,12,70
B87A97038,Oldcillin,Vitamin,12,150
I95J955581,Whilein,Antipsychotic,12,100
J24Q814112,Challengestatin,Antiviral,12,150
A69O710825,Standvir,Vitamin,12,300
E44S166260,Onol,Vaccine,12,450
S48O531615,Lawyervir,Antipsychotic,12,85
C89M882713,Gunstatin,MuscleRelaxant,12,650
F60A121130,Nicein,Antihypertensive,12,75
P53T438394,Norin,MuscleRelaxant,12,70
L56O321020,Evidencein,Antidepressant,12,50
Y81Y512176,Industryin,Vaccine,12,300
U71S43825,Wayzepam,Steroid,12,75
D28A713315,Oldol,Vaccine,12,350
Q68A213485,Simplycillin,Antipyretic,12,85
J40A62785,Supportstatin,Cardiovascular,12,105
M10U891062,Informationstatin,Anticoagulant,12,85
J47E319346,Exactlyxone,Cardiovascular,12,550
G35N449821,Togethervir,Antipyretic,12,115
S79E385315,Suggeststatin,Anti-inflammatory,12,550
Y62A409866,Typestatin,Vitamin,12,250
N97E869500,Factorxone,Antihistamine,12,55
U0H997724,Althoughzepam,MuscleRelaxant,12,550
A74K808846,Lessxone,Antihypertensive,12,125
S52K325165,Qualityol,Analgesic,12,600
A94R723094,Movestatin,Vitamin,12,150
N95Y469972,Experiencecillin,Vitamin,12,550
Y97W742265,Brothercillin,Analgesic,12,400
X3M598538,Throughcillin,Steroid,12,115
P11B724553,Southernol,MuscleRelaxant,12,100
N75W45587,Askxone,Anti-inflammatory,12,650
O46L315849,Historyin,Antiviral,12,600
L20X83847,Respondvir,Diuretic,12,85
J17M351754,Weekzepam,Antidepressant,12,150
E17I100965,Localin,Antifungal,12,75
K63K737755,Holdvir,Diuretic,12,300
O24P129108,Votevir,Antidepressant,12,450
J19K80289,Citizenstatin,Cardiovascular,12,95
F73X58248,Losscillin,Analgesic,12,650
D60T467976,Feelingol,Analgesic,12,90
R73V623457,Stockxone,Anti-inflammatory,12,600
E45F12198,Teachercillin,Steroid,12,400
U51W862146,Catchzepam,Anti-inflammatory,12,500
Q77B106422,Electionzepam,Anti-inflammatory,12,95
G83H664076,Travelvir,Respiratory,12,90
L75X865090,Opportunityvir,Antibiotic,12,85
E55L22832,Seastatin,Cardiovascular,12,550
J4F443006,Ballol,Antihypertensive,12,450
H57K908042,Casecillin,Antihypertensive,12,300
U25V524927,Beatcillin,Antipyretic,12,400
C88M517488,Alongol,Steroid,12,95
Q71U706016,Widecillin,Steroid,12,150
Q15P55366,Educationin,Antihypertensive,12,60
U74J687830,Setin,Antidepressant,12,550
E96R68845,Novir,Analgesic,12,95
E92Q363717,Duringstatin,Anti-inflammatory,12,100
L8K114292,Bestatin,Anti-inflammatory,12,150
Y68A573529,Foreigncillin,Steroid,12,95
F1U222917,Focusxone,Steroid,12,300
E82H32007,Localcillin,Antibiotic,12,300
N82U679018,Groundcillin,Vitamin,12,200
A1C701112,Offervir,MuscleRelaxant,12,450
G38Z967387,Leaststatin,Antidepressant,12,350
Q35Q362136,Agreein,Antihypertensive,12,110
O73O182864,Professorstatin,Antifungal,12,300
S92C950230,Reachzepam,Antipsychotic,12,115
T84T673866,Wearxone,Antihypertensive,12,600
Z17J373550,Studyol,Steroid,12,650
T66O50229,Wishzepam,Anticonvulsant,12,45
U18E392103,Staffzepam,Anticonvulsant,12,550
Q13W590969,Givevir,Antipsychotic,12,100
G65B158869,Rememberol,Vaccine,12,300
J11S961990,Redvir,MuscleRelaxant,12,550
C90V59318,Methodcillin,Diuretic,12,200
Y36N574632,Strategystatin,Analgesic,12,400
S88F610711,Babyvir,Antibiotic,12,50
Z22T410082,Stopzepam,Analgesic,12,400
H18C904273,Insidezepam,Respiratory,12,250
W4A672367,Choosein,Antidepressant,12,125
F77N588262,Truezepam,Vaccine,12,450
C28T419895,Structureol,Anticonvulsant,12,500
M20I461399,Fewcillin,Antihistamine,12,115
W53X314491,Hourxone,Antihistamine,12,550
O62T337546,Increasecillin,Vitamin,12,90
R1O801756,Theirstatin,Antihistamine,12,550
I93E925262,Orderin,Steroid,12,70
C91C99005,Successfulstatin,Analgesic,12,110
J15S655579,Amountcillin,Antiviral,12,55
U42H113110,Affectcillin,Antihistamine,12,50
G37S187848,Doin,Antibiotic,12,500
I15F171760,Kidvir,Antihistamine,12,55
V65W41196,Momentxone,Antibiotic,12,400
L53J493457,Wayvir,MuscleRelaxant,12,650
T61W3467,Movementol,Antipsychotic,12,400
C11H489597,Justxone,Antifungal,12,80
D26B293884,Otherxone,Antibiotic,12,500
K15J451488,Redvir,Steroid,12,500
A58M487387,Listenol,Antiviral,12,350
S87H339297,Keepxone,Anticonvulsant,12,150
R92R757140,Roomol,Vaccine,12,60
E79U507349,Herol,Vitamin,12,300
R72I523593,Dealin,Antifungal,12,80
Y34P350943,Forgetin,MuscleRelaxant,12,70
C18A826094,Industryin,Anticoagulant,12,250
Q13G889353,Soonvir,Anti-inflammatory,12,55
V21U121856,Quitexone,Diuretic,12,450
R48R323767,Memberstatin,Antipyretic,12,600
T37O500510,Arguevir,Analgesic,12,150
T47J501579,Whatin,Diuretic,12,75
B73N434094,Priceol,Steroid,12,85
M86R702583,Familyvir,MuscleRelaxant,12,90
O18L639080,Managestatin,Antifungal,12,130
P62I833417,Fastin,Cardiovascular,12,650
O68Y882995,Tablestatin,Antidepressant,12,150
P44S427787,Networkstatin,Vitamin,12,400
Q5D666625,Historyzepam,Anticoagulant,12,300
X29W656376,Modernvir,Anti-inflammatory,12,400
Q27D558924,Newspaperzepam,Analgesic,12,110
I52X792142,Listenstatin,Antipyretic,12,500
Z28I986537,Writevir,Diuretic,12,300
H6Z617696,Reducezepam,Vaccine,12,200
Q75J533040,Producein,Anticoagulant,12,80
S59A223439,Nicexone,Antibiotic,12,450
X8U563370,Springxone,Vitamin,12,110
F67I489372,Existcillin,Immunosuppressant,12,450
P48X151350,Matterstatin,Antiviral,12,50
E29Q609798,Successfulin,MuscleRelaxant,12,300
O19G212903,Underin,MuscleRelaxant,12,650
Z14N590601,Movementxone,Antibiotic,12,200
R19Y469734,Situationcillin,Antidepressant,12,150
C72G174941,Decadexone,Cardiovascular,12,85
S63J37442,Approachol,Anticonvulsant,12,600
A96G99326,Forwardstatin,Antifungal,12,500
O7E850437,Streetstatin,Anticoagulant,12,85
B84I472682,Maintainvir,MuscleRelaxant,12,500
H22J621401,Freevir,Antipyretic,12,600
B82S567701,Legol,Respiratory,12,110
S73U539351,Fatherzepam,Anticoagulant,12,250
Z68P346915,Democratcillin,Antihypertensive,12,45
K53B855644,Growthxone,Antipyretic,12,85
Z37X126626,Seriesin,Antihistamine,12,450
Z10Y479917,Bettervir,Antipsychotic,12,200
U47A178270,Generalcillin,Immunosuppressant,12,45
T38X393972,Itemzepam,Antihypertensive,12,250
J90R386647,Directorol,Immunosuppressant,12,600
J6P56566,Phonevir,Steroid,12,110
J47I390986,Breakstatin,Antihistamine,12,55
A20D476594,Yourzepam,Antibiotic,12,95
Y35T371028,Businesscillin,Steroid,12,250
W61D591430,Pricecillin,Antifungal,12,500
E56Z59323,Individualvir,Anticonvulsant,12,115
B39X728887,Letterol,Antibiotic,12,350
J98G989833,Serviceol,Vitamin,12,400
Z87V520406,Cityin,Anticoagulant,12,300
A1R599466,Sortin,Antibiotic,12,110
U11T697768,Naturestatin,Antibiotic,12,450
V8S550924,Ordercillin,Anti-inflammatory,12,300
G95H989453,Spendol,Antidepressant,12,150
G31I495966,Strongin,Antihistamine,12,95
G33N920627,Travelzepam,Antipyretic,12,70
P67I504275,Boardin,Diuretic,12,65
M82E78183,Stylein,Anticoagulant,12,300
N77Q535761,Localcillin,Diuretic,12,350
R66N302128,Arrivezepam,Anti-inflammatory,12,600
Z9A473167,Andin,Antihistamine,12,95
K58U550946,Animalstatin,MuscleRelaxant,12,95
X54Q820846,Ageol,Steroid,12,50
V14J242048,Publicvir,Analgesic,12,110
Y87G349139,Planvir,Vaccine,12,80
N97Y872229,Addressxone,Antihypertensive,12,300
J46D798433,Debatezepam,Anticoagulant,12,85
U11J109872,Pastxone,Anticoagulant,12,400
E64S288708,Sayzepam,Steroid,12,70
C91X829806,Presidentcillin,Analgesic,12,600
I19W86997,Healthvir,Analgesic,12,120
B72O238677,Topzepam,Immunosuppressant,12,55
U82R982843,Itscillin,Antiviral,12,65
H41V71481,Currentcillin,Antihistamine,12,120
Y48E895544,Performancevir,Vaccine,12,100
S7I364347,Institutionvir,Respiratory,12,400
Z55W450341,Novir,Respiratory,12,105
U61V967051,Trialcillin,Analgesic,12,65
T41X761897,Alonezepam,Steroid,12,140
J13E176155,Mouthin,Steroid,12,80
L69P950857,Sideol,Anticoagulant,12,65
S26P377745,Twoxone,Anticonvulsant,12,600
D77G419145,Airvir,Antifungal,12,400
M47S25279,Suchcillin,Diuretic,12,350
G88K175336,Boyzepam,Vaccine,12,300
N11O775719,Jobzepam,Respiratory,12,50
M97J905941,Healthstatin,Vitamin,12,90
L75C895212,Wantcillin,Antipyretic,12,85
L26N788957,Willcillin,Antipsychotic,12,300
C44M493839,Aboutin,MuscleRelaxant,12,550
V88T244894,Placein,Anticonvulsant,12,65
C78K694049,Gamein,Vaccine,12,90
N7A539192,Eitherol,Anticonvulsant,12,85
T35G68802,Yourselfol,Anti-inflammatory,12,300
F12T158286,Staffcillin,Anti-inflammatory,12,200
B20X54126,Borncillin,Antipyretic,12,150
S38T996569,Quiteol,Anticonvulsant,12,60
F19N459489,Fivestatin,Antihistamine,12,200
B30I891887,Hearvir,MuscleRelaxant,12,100
G87I598258,Crimevir,Steroid,12,600
F61H939682,Admitol,Vitamin,12,100
A4Y791258,Throughcillin,Antibiotic,12,150
E22F33335,Sellvir,Cardiovascular,12,350
D54N679872,Workstatin,Antiviral,12,600
V22V353002,Addin,Antifungal,12,300
B59I903740,Knowledgecillin,Analgesic,12,50
R55C955302,Feelingvir,Antidepressant,12,400
M26Q650141,Sometimesxone,Analgesic,12,350
O33F673891,Ablein,Immunosuppressant,12,115
M97Y343135,Reachvir,Antidepressant,12,350
W41S527886,Oilvir,Antipyretic,12,120
V71E565650,Costol,Cardiovascular,12,115
D79Y813631,Outsidein,Antihistamine,12,80
O6A527944,Scientiststatin,Anticoagulant,12,140
H62O502991,Developmentol,Antibiotic,12,550
H66D725180,Insteadcillin,Antipsychotic,12,75
X32I103424,Managementol,Respiratory,12,80
F86U404487,Dropcillin,Anticoagulant,12,250
L5J26880,Evidencecillin,Antibiotic,12,300
A20R61093,Agreementol,Antipyretic,12,300
K67L682199,Upvir,Antipyretic,12,400
U4N359156,Thingin,Steroid,12,350
Z18D84861,Computervir,Anticoagulant,12,200
A87Y313055,Controlcillin,MuscleRelaxant,12,600
C8W65823,Firmvir,Analgesic,12,100
Z71N228082,Agentol,Antibiotic,12,200
Y56O982209,Environmentin,Analgesic,12,80
C99V114246,Girlxone,Respiratory,12,350
G36C541040,Valuestatin,Anti-inflammatory,12,300
E95K620978,Sincezepam,Antipyretic,12,400
P28D501630,Skinin,Antibiotic,12,500
D33U698280,Nationxone,Anticonvulsant,12,300
F80B953714,Whitecillin,Anticoagulant,12,300
I87L351508,Offerzepam,Antidepressant,12,650
E91H491323,Passvir,Immunosuppressant,12,150
I51W659827,Mattervir,Vaccine,12,70
K14W873981,Modelol,Antihistamine,12,75
R42M318920,Himselfvir,Antibiotic,12,450
N86N990974,Politicalcillin,Respiratory,12,65
B19B647531,Attackstatin,Antifungal,12,450
M54F620902,Acrossin,Cardiovascular,12,100
I71B572683,Reducevir,Antihypertensive,12,105
K58W878971,Ballstatin,Antipsychotic,12,45
X46L458115,Religiousxone,Antiviral,12,120
Y82S67452,Publicin,Anticoagulant,12,200
J8P122194,Studyin,Immunosuppressant,12,200
P13S342541,Rightzepam,Antipyretic,12,350
P18K574423,Arrivexone,Antihypertensive,12,130
Q68D537908,Dreamcillin,Analgesic,12,80
G80X931839,Dinnerzepam,Antibiotic,12,95
V61Z833705,Strategyol,Vaccine,12,450
W48F477695,Classol,Antipyretic,12,500
O93X204167,Culturalvir,Steroid,12,250
Q84O223182,Taxol,Anti-inflammatory,12,60
G28H23011,Legin,Vaccine,12,125
A26R466091,Greenol,Antipsychotic,12,450
T11S162792,Comparevir,Anticonvulsant,12,105
A83S446478,Governmentvir,Antiviral,12,500
X24F623059,Bedzepam,Immunosuppressant,12,200
O36C428908,Covervir,Steroid,12,120
H92Z523681,Dataxone,Vitamin,12,150
R44U257127,Yesvir,Cardiovascular,12,110
O99V111189,Paintingvir,Antihypertensive,12,500
K91X356525,Oldol,Antipsychotic,12,300
L28U323032,Seatxone,Cardiovascular,12,450
E27E58299,Campaignol,Steroid,12,85
M80M123204,Articlexone,Antiviral,12,200
G44U494888,Stationzepam,Analgesic,12,105
F16X150672,Consumerol,Antiviral,12,400
X20S89945,Seasonxone,Diuretic,12,50
O59Y345177,Commercialzepam,Antipyretic,12,650
B58V762639,Spendin,Antihistamine,12,150
I20I488493,Detailxone,Antibiotic,12,450
H44T974578,Purposestatin,Antibiotic,12,500
O90Q220490,Economyzepam,Antipyretic,12,600
L57Y632042,Linezepam,Anti-inflammatory,12,500
J18S906226,Typeol,Antifungal,12,85
Y54O141815,Goodol,Diuretic,12,95
G93W985206,Recordvir,MuscleRelaxant,12,600
T48Q779532,Husbandxone,Vitamin,12,90
J75G242126,Messagezepam,Analgesic,12,300
I48C173203,Agreementstatin,Steroid,12,500
I38H879400,Songcillin,Anticonvulsant,12,60
A70R579664,Weightol,Cardiovascular,12,65
F43S458064,Magazineol,Respiratory,12,600
I12Z594941,Attackxone,Immunosuppressant,12,85
H96H549574,Companycillin,Cardiovascular,12,650
A1J833100,Raisecillin,Antihypertensive,12,70
F96S891572,Linestatin,Anticoagulant,12,115
N39S74504,Agencystatin,Anti-inflammatory,12,60
T17X252147,Commonzepam,Antifungal,12,100
M31Y441122,Tradein,Vitamin,12,120
G43R812632,Familyol,Antipsychotic,12,300
W95Y56687,Upxone,Diuretic,12,400
H9H740502,Childzepam,Steroid,12,95
U86T122910,Couplezepam,Anti-inflammatory,12,80
I51D398148,Rightzepam,Anti-inflammatory,12,400
E14W522797,Bothin,Vitamin,12,250
T41H89490,Rememberin,Antihistamine,12,650
D72N590988,Withoutcillin,Anticonvulsant,12,70
S35Y839795,Televisionin,Anticoagulant,12,450
I88X282218,Outvir,Vitamin,12,85
T37D148317,Questionin,Anticoagulant,12,105
U88P340449,Executivezepam,Respiratory,12,110
A23B958827,Ablein,Anti-inflammatory,12,90
F4F76983,Headin,Immunosuppressant,12,150
I32Y839458,Ratherin,Antiviral,12,250
V13D519086,Considerstatin,Cardiovascular,12,85
I1C16581,Internationalcillin,Anticoagulant,12,75
Y92H39996,Whitestatin,Antihistamine,12,120
B36G907538,Nonexone,Analgesic,12,80
Z70L793180,Rockxone,Diuretic,12,500
R33P955459,Landcillin,Antifungal,12,250
O73W279393,Specificin,Respiratory,12,650
C18Z249423,Roomzepam,Antipsychotic,12,95
B16X977499,Usuallystatin,Vaccine,12,300
Q13D189177,Figurevir,Anticoagulant,12,75
E70L988120,Citizencillin,Vitamin,12,60
S70I120439,Bluecillin,MuscleRelaxant,12,400
L81P316856,Numberxone,Respiratory,12,120
J45Z965989,Foodin,Antifungal,12,50
W6F864326,Environmentzepam,Anti-inflammatory,12,85
S23E746184,Northin,Antipsychotic,12,70
H45N698406,Hundredxone,Analgesic,12,150
K4I966861,Boardzepam,Antidepressant,12,300
U95O90496,Methodcillin,Immunosuppressant,12,300
R12A263037,Expectzepam,Anticoagulant,12,200
U46F690137,Becillin,Antipsychotic,12,85
W30I458759,Reallyvir,Vitamin,12,450
C80O982931,Questionzepam,Cardiovascular,12,300
B41J413544,Patternzepam,Vaccine,12,350
B36C643316,Wrongcillin,Immunosuppressant,12,300
T37D335937,Datazepam,Antidepressant,12,400
P4I475590,Sciencezepam,Antihypertensive,12,600
Q65D498851,Catchol,Steroid,12,550
B82A250335,Readzepam,Diuretic,12,100
L85V667391,Governmentzepam,MuscleRelaxant,12,90
O85C77546,Throughcillin,MuscleRelaxant,12,115
W24H193134,Basein,Vitamin,12,200
M98S586386,Taskcillin,Vitamin,12,550
Y61G104191,Forcecillin,Antidepressant,12,600
T94S146277,Seezepam,Anticoagulant,12,350
F53B469720,Differencecillin,Antipsychotic,12,120
W22P985947,Hospitalcillin,Antidepressant,12,110
M7A44339,Untilin,Analgesic,12,55
F69V455888,Eyestatin,Diuretic,12,250
H31R922463,Authorvir,Antidepressant,12,650
I0T332798,Happyol,Antifungal,12,105
S14D123932,Breakvir,Cardiovascular,12,300
H3H56084,Electionstatin,Antipsychotic,12,650
G38G959135,Largein,Immunosuppressant,12,650
X65U573077,Ifin,Anticonvulsant,12,450
I47Q43811,Parentxone,Antibiotic,12,400
V58G23260,Everythingcillin,Steroid,12,300
G38E503880,Westatin,Antihypertensive,12,350
A42D943696,Keystatin,Vitamin,12,90
M91Q342188,Modelol,Antihypertensive,12,120
N26I797761,Concernstatin,Antiviral,12,105
X64C187554,Changestatin,Antifungal,12,75
V78D637103,Basecillin,Antihypertensive,12,90
V28C93682,Pmxone,Antipyretic,12,400
P46M592178,Buildingcillin,Analgesic,12,95
C32K498085,Millionol,Anticonvulsant,12,450
G17S544352,Signol,Antiviral,12,500
V7G219771,Carryzepam,Antifungal,12,650
U83R454647,Resultin,Antidepressant,12,120
N25E425403,Naturalzepam,Diuretic,12,350
I68A596996,Voteol,Vitamin,12,650
C92M186653,Performancexone,Anti-inflammatory,12,60
W25I573765,Readyzepam,Antihistamine,12,650
E28E679037,Readin,Vitamin,12,350
V58S318375,Indeedcillin,Vitamin,12,105
H41M391160,Mainin,Anticonvulsant,12,115
K71G342801,Workerol,Immunosuppressant,12,650
T73S74660,Fundvir,Analgesic,12,75
C61Y555100,Mightzepam,Cardiovascular,12,140
X65Z938263,Budgetcillin,Antihistamine,12,90
C40O373753,Unitin,Anticonvulsant,12,80
L46Y409143,Womanstatin,MuscleRelaxant,12,500
R45E876561,Institutionzepam,Diuretic,12,70
M41N846290,Friendzepam,Antihistamine,12,120
W82L695738,Scientistin,Diuretic,12,80
W10N964685,Onstatin,Analgesic,12,250
C75A591429,Perhapscillin,Vitamin,12,300
F7U215961,Usein,Antipyretic,12,105
V52Q936165,Startcillin,Antidepressant,12,95
C56A703086,Withoutxone,Anticonvulsant,12,550
Y68W145891,Leaderzepam,Anti-inflammatory,12,120
H52U758518,Standzepam,Antibiotic,12,300
D29W442670,Improvecillin,Antifungal,12,110
Q0I858861,Beforezepam,Cardiovascular,12,200
I56T449666,Dataol,Immunosuppressant,12,120
W89T296058,Benefitvir,Immunosuppressant,12,115
I32L27711,Storystatin,Anti-inflammatory,12,95
C11T526459,Theorystatin,Vaccine,12,90
Z28I355900,Firstcillin,Anti-inflammatory,12,100
O54O132493,Hotelvir,Analgesic,12,70
W21H609295,Aroundzepam,Antifungal,12,65
T39K526236,Sizevir,Cardiovascular,12,300
G46V284814,Costol,Antifungal,12,70
X80Z334364,Severalstatin,Anti-inflammatory,12,105
F21L593873,Nextin,Antifungal,12,80
C52U407896,Sidestatin,Antiviral,12,650
H59O630094,Runvir,MuscleRelaxant,12,55
W38R803173,Shexone,Anti-inflammatory,12,200
O74Z165957,Possiblevir,Anti-inflammatory,12,70
U49E465771,Purposecillin,Steroid,12,80
Q81M259466,Longol,Antipyretic,12,450
Y79D932874,Namexone,Vitamin,12,300
Q98F533787,Thirdxone,MuscleRelaxant,12,50
R43W103416,Weightol,Antibiotic,12,105
A24G97050,Qualitycillin,Immunosuppressant,12,105
L45P537407,Federalxone,Respiratory,12,55
M51F143134,Benefitcillin,Anticoagulant,12,450
E14J815911,Happyin,Respiratory,12,105
O91M684422,Eightin,Anticonvulsant,12,85
B42W176007,Benefitxone,Antihistamine,12,95
I58B589008,Publiczepam,Anti-inflammatory,12,85
G27N139822,Surexone,Vaccine,12,550
L11H400020,Managerol,Anticoagulant,12,550
Y81X200686,Todayxone,Antibiotic,12,300
P85C487993,Agencyin,MuscleRelaxant,12,250
V27T236753,Knowvir,Antihypertensive,12,600
D76A310235,Certainol,Diuretic,12,80
R35P677027,Nevervir,Cardiovascular,12,105
F54W292624,Workin,Antipsychotic,12,55
T49S376413,Everystatin,Antibiotic,12,550
U75S14622,Alongvir,Vitamin,12,85
Z90R44881,Reasonxone,Vaccine,12,80
X17B987171,Thoughtvir,MuscleRelaxant,12,70
E82B747243,Whenvir,Diuretic,12,600
F46S782535,Mystatin,Antibiotic,12,100
C58W363645,Continuexone,Immunosuppressant,12,115
V10H218270,Involvevir,Cardiovascular,12,90
I28J879094,Housestatin,Immunosuppressant,12,95
N39L384547,Joincillin,Antifungal,12,105
S14W419298,Experiencecillin,Analgesic,12,65
P73W702289,Attackvir,Analgesic,12,65
X83F849630,Purposexone,Cardiovascular,12,80
V18L982670,Carevir,Antihistamine,12,300
E8Q47639,Accountvir,Immunosuppressant,12,650
C49T753645,Bankstatin,Anticonvulsant,12,600
F5T959498,Passxone,Antifungal,12,120
E81K596605,Strongol,Diuretic,12,650
Z53G148738,Fightcillin,Vitamin,12,45
A12O185642,Cameraol,Antifungal,12,105
E40D189481,Budgetol,Antipsychotic,12,60
C42H19535,Preventstatin,Respiratory,12,600
J85H464876,Thisxone,Antidepressant,12,300
R62V384201,Medicalin,Steroid,12,50
Z98S732851,Majorityvir,Antifungal,12,115
H70T971770,Moderncillin,Cardiovascular,12,100
Z18E194079,Becausein,Antipsychotic,12,85
O36C179746,Theoryvir,Anti-inflammatory,12,200
C44U531921,Hardzepam,Antiviral,12,300
S39O4807,Storyol,Antibiotic,12,45
Z25H346216,Realizexone,Anticoagulant,12,65
I61V594485,Companyol,Antifungal,12,450
G75C476025,Yesstatin,Antihistamine,12,350
B68G453238,Simplyvir,Respiratory,12,600
I42J626297,Growthvir,Antiviral,12,85
C39X308497,Ourzepam,Antifungal,12,100
S69S810610,Societycillin,Analgesic,12,80
D70J790589,Understandzepam,Vaccine,12,150
U32K791058,Duringxone,Diuretic,12,95
S74M329816,Stopzepam,Antifungal,12,75
N0T161006,Whateverstatin,Antihistamine,12,80
K25S728722,Stepzepam,Antifungal,12,250
S89J76371,Barin,Vitamin,12,75
A9X587740,Imagexone,Antihistamine,12,300
L19W674113,Bluezepam,Vitamin,12,300
W97O383145,Headvir,Anti-inflammatory,12,550
C41J68961,Perhapscillin,Antipyretic,12,95
B30N117399,Nonein,Antipsychotic,12,300
Z19A695689,Officercillin,Antihypertensive,12,600
H19W311114,Handstatin,Respiratory,12,110
Y47F177503,Outsidein,Anticonvulsant,12,60
I67T759303,Footstatin,Diuretic,12,60
Y65M937798,Wellol,Vaccine,12,90
R56P886365,Shezepam,Vitamin,12,300
A14E455390,Networkvir,Respiratory,12,65
X27G397287,Pastzepam,Antibiotic,12,150
S13R4466,Thoughol,Antibiotic,12,350
F20C690413,Beautifulvir,Anticonvulsant,12,250
U34L172863,Drugstatin,Antipsychotic,12,45
L4F231385,Messagevir,Antidepressant,12,300
M25T392140,Veryzepam,Antipsychotic,12,150
A48S160791,Billcillin,Antiviral,12,300
D16G513079,Hundredxone,Antihistamine,12,65
R6C331575,Whetherin,Antiviral,12,300
C76M335932,Fathervir,Steroid,12,110
Z7K145309,Motherzepam,Antifungal,12,200
P57F321310,Exampleol,Anticoagulant,12,75
G62U336375,Mainvir,Antipyretic,12,600
P52F397879,Darkzepam,MuscleRelaxant,12,90
S85J908762,Homestatin,Vitamin,12,300
F16O274319,Brotherin,Antipyretic,12,120
R38L701086,Writerin,Diuretic,12,400
E53S432220,Feelingxone,Antibiotic,12,150
N80C503017,Decidecillin,Antipyretic,12,150
I46I950961,Respondin,MuscleRelaxant,12,95
Z21K314217,Aheadol,Antipyretic,12,105
N52D994927,Eyezepam,Immunosuppressant,12,550
J54Z41265,Tonightstatin,Diuretic,12,85
T28H431327,Passstatin,Antihistamine,12,500
I71C917002,Animalstatin,Antipyretic,12,100
N21C266756,Issuein,MuscleRelaxant,12,140
I68U467610,Tripstatin,Anticoagulant,12,600
F68R826655,Perxone,Vitamin,12,450
C54S964176,Playstatin,Antihypertensive,12,120
P76C167731,Generationxone,Cardiovascular,12,105
X74P608943,Deepstatin,MuscleRelaxant,12,450
P52V277254,Variousstatin,Antiviral,12,80
L45W876963,Patternol,Anticonvulsant,12,95
K56W383918,Pmstatin,Antiviral,12,95
J8F974961,Papervir,Antihypertensive,12,105
H0L65580,Perin,Antidepressant,12,400
U86E907646,Fewin,MuscleRelaxant,12,90
O11N170204,Styleol,Antifungal,12,130
U67Z492910,Groundin,Anti-inflammatory,12,150
H89M418535,Attorneyol,Anticonvulsant,12,650
M94Y532557,Projectstatin,Cardiovascular,12,50
G68P449774,Stagein,Antiviral,12,500
B55T801941,Ruleol,Vaccine,12,250
T65O813324,Itselfin,Analgesic,12,120
P87X571783,Hitvir,Antipyretic,12,150
L43D697359,Despitexone,Antipyretic,12,75
A8Q135678,Fewin,Vitamin,12,300
P75O977113,Dinnerxone,Anti-inflammatory,12,500
N9K491477,Friendstatin,MuscleRelaxant,12,350
G51L515905,Friendcillin,Antidepressant,12,60
H85E813602,Particularzepam,Anticonvulsant,12,450
Z67V801395,Sportcillin,Anticonvulsant,12,60
N76S514056,Surein,Antidepressant,12,70
M24K266006,Recordcillin,Antidepressant,12,300
D65C642167,Poorstatin,Antihypertensive,12,400
Q22O567033,Rolexone,Antidepressant,12,120
H21H259181,Safezepam,Diuretic,12,250
O21D249593,Awaystatin,Antihypertensive,12,65
F25B993489,Mevir,Anti-inflammatory,12,250
U15B248779,Skinxone,Anti-inflammatory,12,400
U40U519206,Yourselfvir,Antiviral,12,150
Y2X917908,Presidentxone,Analgesic,12,550
B7E417259,Republicanvir,Immunosuppressant,12,250
A15T778302,Guycillin,Cardiovascular,12,200
N95M887764,Askol,Antiviral,12,50
Q15Q41726,Windowol,Antipsychotic,12,200
A75O337527,Meetxone,Antiviral,12,95
S75E154189,Darkol,MuscleRelaxant,12,90
F54H687925,Currentcillin,MuscleRelaxant,12,550
V7H823196,Internationalstatin,Antidepressant,12,500
I85V297803,Fillvir,Antihypertensive,12,500
B11L41647,Nothingvir,Vaccine,12,300
G5V862806,Politicszepam,Anti-inflammatory,12,300
I13Y56441,Firecillin,Antihypertensive,12,70
Q72R450274,Putcillin,Analgesic,12,250
O98M22272,Beatcillin,Immunosuppressant,12,55
A20L33917,Groupxone,Analgesic,12,400
U32B190719,Decisioncillin,Cardiovascular,12,300
H49X798999,Siteol,Vitamin,12,70
X45M688340,Teamzepam,Antifungal,12,145
W22N5976,Timein,Vaccine,12,550
O95G617784,Racexone,Vaccine,12,95
N98N397360,Computercillin,Diuretic,12,350
D60O574667,Longzepam,Antipyretic,12,650
D64Y633495,Indicatein,Steroid,12,250
H16C959816,Landzepam,MuscleRelaxant,12,70
J87W271847,Qualityvir,Cardiovascular,12,110
G76K657670,Themselvesvir,Steroid,12,90
I3Q935798,Dogol,Anticonvulsant,12,400
F69N59847,Couplexone,Anticonvulsant,12,250
Q23L788277,Fatherol,Antidepressant,12,70
W71L894401,Foreignxone,Antidepressant,12,95
I62I212021,Quiteol,Anticoagulant,12,65
G5O647312,Stationvir,Antipyretic,12,60
X10P925642,Sixzepam,Antipyretic,12,70
M72P211104,Baseol,Analgesic,12,550
I87H769417,Bedstatin,Anti-inflammatory,12,115
Y35S459003,Everythingxone,MuscleRelaxant,12,550
S75J239372,Imagexone,Antihypertensive,12,95
I48E151452,Togetherzepam,Cardiovascular,12,80
W91I644044,Focusol,Antifungal,12,300
J60G180207,Impactxone,Antiviral,12,150
A79Y885157,Seatvir,Antipyretic,12,90
V66B176403,Remembervir,Vitamin,12,150
U82I217713,Developmentin,Antipsychotic,12,300
E50C888991,Administrationin,Anticoagulant,12,105
B77S543854,Throughoutxone,MuscleRelaxant,12,70
Q87K891767,Formin,Vitamin,12,75
Z11D622028,Militarycillin,Immunosuppressant,12,50
F26Z168264,Imagevir,Antidepressant,12,130
J65L165528,Breakstatin,Vitamin,12,300
B57I819622,Answercillin,Anticonvulsant,12,300
X85U152020,Questionzepam,Antiviral,12,450
Z66N265503,Sitin,Antidepressant,12,110
E35N204227,Concernol,Anticoagulant,12,600
Y93A249776,Difficultvir,Anti-inflammatory,12,350
Q99P399537,Politicalin,Cardiovascular,12,85
S55Y107804,Meetvir,Antihistamine,12,100
C90O53913,Easyvir,Antibiotic,12,250
D36I99461,Everyoneol,Vaccine,12,650
F80L716365,Colorcillin,Antihypertensive,12,120
H34D583538,Bankvir,Antipyretic,12,105
F65I10688,Sportvir,Anticonvulsant,12,150
U97K267694,Drugvir,Antidepressant,12,95
A72U541563,Playstatin,MuscleRelaxant,12,500
X6G882661,Somebodycillin,Antihistamine,12,650
E5Z724167,Becomestatin,Antipyretic,12,105
F38T36249,Thanvir,Anti-inflammatory,12,60
H76E752612,Recognizexone,Analgesic,12,250
T85S249704,Expertstatin,Anticoagulant,12,110
P36T972035,Optionol,Antiviral,12,550
G22Y157083,Thuscillin,Antipsychotic,12,100
Y17Q240327,Dayol,Antipsychotic,12,105
W66N912446,Strongzepam,Analgesic,12,95
N91W162152,Betweenvir,Antifungal,12,400
T68M548999,Accordingvir,Antipsychotic,12,300
H25X5024,Bagstatin,Anticoagulant,12,650
F88U850320,Suchvir,Respiratory,12,650
A5C487635,Toughxone,Anticoagulant,12,115
Q23Z382791,Maybexone,Vitamin,12,115
T90A27491,Kidvir,Antipsychotic,12,70
L17R691703,Partnervir,Antipyretic,12,500
O36I17818,Colorxone,Antipsychotic,12,80
Y54Q512339,Patternin,Antifungal,12,350
R30M325594,Alwaysol,Antifungal,12,120
N97P287388,Smallol,MuscleRelaxant,12,60
I31U624560,Optionin,MuscleRelaxant,12,150
R59I27651,Songol,Analgesic,12,200
B81U144272,Recentlyol,Antipsychotic,12,150
U73T668086,Brotherxone,Antihistamine,12,95
Z71G646870,Bankxone,Antipsychotic,12,300
B88M56818,Resultxone,Immunosuppressant,12,600
E26I44921,Greatvir,Antifungal,12,300
H74K439240,Fatherxone,Anti-inflammatory,12,115
Y72F511765,Arguecillin,Anti-inflammatory,12,135
I42R369578,Nightstatin,Antiviral,12,80
O62W594037,Littlezepam,Steroid,12,95
T66E244591,Betweenvir,Antihistamine,12,110
F69W582355,Republicanzepam,Antipsychotic,12,55
H68W662087,Surfacexone,Antibiotic,12,600
R90R434460,Strongxone,Respiratory,12,95
W81X191509,Withinin,Anticoagulant,12,350
J10M319134,Opencillin,Cardiovascular,12,105
K45M25585,Weekxone,Anti-inflammatory,12,250
E6Z882919,Handxone,Antipyretic,12,105
N66R988960,Oncillin,Antifungal,12,300
L89P784761,Planin,Anti-inflammatory,12,85
T38S245587,Cityxone,Antidepressant,12,50
T47B271565,Increasestatin,Cardiovascular,12,85
O81C222402,Stillxone,Steroid,12,50
E92N685282,Allowzepam,Antidepressant,12,200
L34S255542,Designcillin,Antihypertensive,12,65
E73V747545,Directorstatin,Anticoagulant,12,600
T11U957600,Relationshipstatin,Antiviral,12,500
Q21X157367,Importantvir,Anticonvulsant,12,300
S62J375284,Officialcillin,Cardiovascular,12,600
V61X524168,Longxone,Analgesic,12,550
T49K167164,Choicein,Cardiovascular,12,250
Z92O338588,Popularol,Vaccine,12,350
L40R183797,Churchol,Antihistamine,12,300
T38Z190565,Wifestatin,Anti-inflammatory,12,130
F17E676142,Treatin,Anti-inflammatory,12,80
A85C128240,Weekol,Analgesic,12,120
M87E284036,Dreamin,Antihistamine,12,115
A43L493026,Eatvir,Anticonvulsant,12,75
B95O383375,Relatein,Vitamin,12,350
A25G607163,Sayvir,Anti-inflammatory,12,300
R64T21323,Radiovir,Anticonvulsant,12,250
K41N106547,Shouldxone,Steroid,12,350
V18M86550,Considervir,Immunosuppressant,12,150
W29V8440,Courtxone,Vaccine,12,50
P60C473670,Closezepam,Antifungal,12,500
N24R972217,Optionzepam,Antifungal,12,600
M0C605216,Datain,Antihistamine,12,65
Q22W946374,Directioncillin,Respiratory,12,120
E46S190368,Againstxone,Vaccine,12,120
P76E523885,Claimol,Respiratory,12,350
M35S82095,Thingxone,Vitamin,12,60
K2S125519,Oilcillin,Antibiotic,12,95
B37I790174,Hugestatin,Antibiotic,12,650
S49E865419,Qualityvir,Vaccine,12,200
H12E557364,Investmentol,Immunosuppressant,12,250
O25H138434,Warin,Antiviral,12,650
N40S665051,Thenin,Antibiotic,12,650
C47G11744,Tenvir,Antihypertensive,12,90
R54P46942,Hospitalvir,Antidepressant,12,350
L58K313900,Gardenzepam,Diuretic,12,60
Z46G961940,Environmentalcillin,Steroid,12,450
G6P247925,Bycillin,MuscleRelaxant,12,75
S71K437047,Televisionstatin,Anticonvulsant,12,400
B88A327397,Realizecillin,MuscleRelaxant,12,300
J23T536566,Wexone,Antipsychotic,12,300
S91K860400,Taxcillin,Cardiovascular,12,150
J51S25255,Sixzepam,Respiratory,12,110
P1Z865568,Minuteol,Steroid,12,85
G25B752263,Theyzepam,Anticoagulant,12,600
D32P406847,Hotelol,Antifungal,12,120
K17B191353,Darkol,Antibiotic,12,250
L23D937810,Drugvir,Antibiotic,12,85
M45W674118,Bothcillin,Immunosuppressant,12,90
T90D663807,Racezepam,Cardiovascular,12,105
O22R66783,Lightin,Antiviral,12,110
V78V615664,Givexone,Antipsychotic,12,500
I27K644674,Maincillin,Antihypertensive,12,60
K46R862125,Yetzepam,Antibiotic,12,95
L38W472781,Mostin,Antihistamine,12,80
O34C364194,Projectin,Immunosuppressant,12,55
I56F622776,Airzepam,Antiviral,12,55
G86Z463899,Roleol,Respiratory,12,300
L51V616621,Bookstatin,Steroid,12,450
X33O487960,Coursevir,Vaccine,12,140
C2H643691,Breakstatin,Vaccine,12,250
Y95V567157,Qualityvir,Respiratory,12,80
K14P913313,Withoutxone,Antipyretic,12,110
I16C107076,Sitxone,Antidepressant,12,150
P71G716515,Classxone,Antihistamine,12,55
S27L201641,Leadzepam,Antipyretic,12,500
M23M488671,Truthol,Immunosuppressant,12,550
X98T525160,Servevir,Antihypertensive,12,200
J53J390179,Providecillin,Anticonvulsant,12,110
Y64D945212,Sixol,Analgesic,12,65
V73M111432,Thoughvir,MuscleRelaxant,12,85
V50O445302,Pointol,Antibiotic,12,450
H6P815546,Productionzepam,Antihypertensive,12,500
Z0M348081,Specialvir,Analgesic,12,60
P27E473710,Argueol,Antidepressant,12,75
Z59N431629,Insidezepam,Anticoagulant,12,550
S31J973092,Degreezepam,Antipsychotic,12,65
N75S127958,Resultstatin,MuscleRelaxant,12,65
R40S187017,Somethingxone,Antidepressant,12,300
D49F344222,Manycillin,Antihypertensive,12,500
D0M846016,Onlyol,Anti-inflammatory,12,200
J66Y42133,Southxone,MuscleRelaxant,12,550
W99H428721,Playerol,Anticoagulant,12,100
C90E953022,Ratecillin,Analgesic,12,600
M21U7153,Livezepam,Respiratory,12,70
T62X645191,Muchcillin,Diuretic,12,150
U46M459253,Schoolstatin,Antiviral,12,150
J34C171619,Glasszepam,Anticonvulsant,12,60
Q67I941578,Majorityzepam,Diuretic,12,60
V12C414703,Faststatin,Antifungal,12,500
K80S334667,Carol,Antihistamine,12,120
N98K819320,Waterxone,Steroid,12,70
U92L492232,Placexone,Antidepressant,12,450
U99V233777,Betweenstatin,Anticoagulant,12,120
S90D627289,Rolecillin,Analgesic,12,60
S86E240488,Nameol,Antipsychotic,12,60
P10M447335,Friendvir,Antidepressant,12,300
F98X30966,Recognizexone,Antihypertensive,12,75
I67H494441,Congressin,Antidepressant,12,200
N1C671292,Voicecillin,Respiratory,12,100
W12F1617,Whetherin,Anticoagulant,12,150
K96J20049,Choosestatin,Antipsychotic,12,85
H52B357721,Authorcillin,Anti-inflammatory,12,250
M48T610040,Weightin,Anti-inflammatory,12,100
Y63O494162,Shortzepam,Steroid,12,105
L32E135102,Fallvir,Immunosuppressant,12,650
K82H421377,Surfacevir,Antihypertensive,12,105
P21U155174,Opportunityin,Anticoagulant,12,100
S75D384118,Havestatin,Steroid,12,400
K39Q904209,Personalzepam,Antibiotic,12,90
I9B488825,Weightxone,Respiratory,12,60
I46I233080,Seein,Respiratory,12,450
Z36H306652,Travelstatin,Respiratory,12,145
K73E389834,Explainzepam,Antiviral,12,650
E28A426066,Choicezepam,Antibiotic,12,500
W8F318483,Yourol,MuscleRelaxant,12,50
I54V749403,Believevir,Diuretic,12,450
K54Z632260,Helpvir,MuscleRelaxant,12,120
X92R517466,Treatmentstatin,Respiratory,12,70
E9V609882,Heartxone,Anticonvulsant,12,600
C32Z280806,Actcillin,Anticonvulsant,12,650
T20R301347,Endstatin,Antibiotic,12,250
Z61F646770,Beatvir,Vitamin,12,50
P77B156818,Fullin,Antidepressant,12,300
F49J44414,Earlyol,Diuretic,12,95
D75G100822,Outin,Analgesic,12,300
O7T404108,Mindcillin,Diuretic,12,110
F31E150008,Heartstatin,Anti-inflammatory,12,600
N36T780384,Arguexone,Vaccine,12,250
G28Z377340,Doorol,Antibiotic,12,110
T40P480540,Forgetstatin,Respiratory,12,300
R87W630035,Culturalzepam,Antipsychotic,12,600
F92I815147,Conditionxone,Respiratory,12,150
A64I116766,Tozepam,Steroid,12,250
X81O668806,Starzepam,Steroid,12,95
I7B9971,Okol,Respiratory,12,350
B73R990391,Teachol,Diuretic,12,55
L37V95169,Hundredin,Antihypertensive,12,250
X96H593025,Createzepam,Immunosuppressant,12,550
L12F797910,Certainlycillin,Cardiovascular,12,250
T7K175034,Organizationxone,Antibiotic,12,140
I70L668729,Currentxone,Antidepressant,12,115
D40C202524,Projectvir,Analgesic,12,500
W18Q118869,Mediaol,Cardiovascular,12,75
W58Z456808,Realxone,Anticonvulsant,12,150
S56E748632,Willstatin,Antibiotic,12,90
M23V158002,Subjectol,Anticonvulsant,12,550
B54B716839,Usezepam,Anti-inflammatory,12,650
Z7D137819,Leastvir,Anticoagulant,12,250
A46C914882,Lotvir,Antipsychotic,12,95
C35I768,Heartzepam,Steroid,12,300
O63W780837,Losszepam,Anticonvulsant,12,300
D73W569601,Chargezepam,Immunosuppressant,12,50
H86H540214,Buildcillin,Vaccine,12,75
Y76I562844,Seemstatin,Antiviral,12,300
K47R474686,Visitxone,Antifungal,12,350
X56J170202,Participantol,Anticonvulsant,12,150
G88Z640007,Radiovir,Antihistamine,12,80
B47J684602,Opportunitycillin,Anticoagulant,12,115
B17Z537786,Safeol,Vitamin,12,60
R72J285875,Gamezepam,Antihistamine,12,300
J70G872160,Speechstatin,Antiviral,12,500
X91Z109593,Nationin,Antifungal,12,600
W77C74273,Havestatin,Antidepressant,12,300
W56J396354,Halfin,Cardiovascular,12,80
S70D149396,Expertstatin,Antifungal,12,450
J1O527575,Partxone,Diuretic,12,650
U90S852817,Careercillin,Antipyretic,12,400
B69X680578,Bornzepam,Antibiotic,12,80
D83B75158,Eveningvir,Anti-inflammatory,12,75
I60M577330,Minutecillin,Cardiovascular,12,300
H46C900440,Stagevir,Antiviral,12,500
I93O426334,Totalstatin,Anticonvulsant,12,110
L18M389081,Eastvir,Antihistamine,12,650
X3L977092,Sportol,Anticonvulsant,12,650
D59T156415,Occurzepam,Anticoagulant,12,85
B94Q935583,Comparestatin,Cardiovascular,12,150
E23E363897,Betterstatin,Antihistamine,12,300
D65M673108,Typecillin,MuscleRelaxant,12,600
G14A840414,Playerzepam,Immunosuppressant,12,95
V24Z136424,Thoughin,Antipsychotic,12,110
S67S87298,Measurestatin,Antidepressant,12,100
E0B951454,Ontovir,Antihypertensive,12,80
L91M470290,Languagevir,Vaccine,12,650
F73W832227,Canvir,Steroid,12,100
D67V974551,Ownercillin,Anti-inflammatory,12,300
M96Y254806,Someonexone,Antidepressant,12,150
K45N218267,Sometimescillin,Vaccine,12,550
D79R856191,Okin,Diuretic,12,350
T18K991010,Personol,Anticoagulant,12,120
J2M441887,Hopestatin,Vaccine,12,350
P54B607332,Handvir,Cardiovascular,12,550
D47V727586,Bookzepam,Antipsychotic,12,600
E24U583215,Likestatin,Respiratory,12,550
Y23I607809,Namestatin,Vitamin,12,300
F83Y986549,Technologycillin,Vitamin,12,105
B32P583433,Fightstatin,Vitamin,12,300
W16T31693,Soldiercillin,Steroid,12,600
L53S796758,Justcillin,Antidepressant,12,300
E92B403944,Opportunityin,Anti-inflammatory,12,450
V63N648699,Identifycillin,Antihistamine,12,500
D32I276785,Pointxone,Immunosuppressant,12,85
W9M424355,Thatzepam,Antihistamine,12,70
H28H294094,Homein,Diuretic,12,650
D37Q802596,Itemstatin,Respiratory,12,60
N43S814890,Middlexone,Antibiotic,12,200
Y87D500845,Thirdvir,Analgesic,12,50
V7L247490,Ifxone,Steroid,12,65
C70D517095,Goalzepam,Immunosuppressant,12,150
P48D127628,Putzepam,Analgesic,12,600
S16W898037,Wholevir,MuscleRelaxant,12,550
U90V197438,Thingol,Antifungal,12,150
X99R415141,Weightol,Cardiovascular,12,550
J89K802484,Typexone,Vaccine,12,115
A22Y688094,Buyxone,Anticonvulsant,12,550
S44B6837,Workerol,Antibiotic,12,50
Q31X64369,Seezepam,Antidepressant,12,350
Y66G362606,Bagol,Antihypertensive,12,200
B71T621260,Clearin,Immunosuppressant,12,60
L2E131992,Controlcillin,Vitamin,12,300
L17K419749,Betweenvir,Antibiotic,12,500
S85K910545,Bedvir,Immunosuppressant,12,55
I98L705619,Theycillin,Vaccine,12,350
E44U859936,Tripzepam,Anticoagulant,12,110
K81I37725,Weekstatin,Antihistamine,12,450
O86N66573,Rangein,Antipyretic,12,85
P10E279057,Weightxone,Vaccine,12,450
B75V248478,Dayvir,Antipsychotic,12,400
I96P517428,Skinin,Immunosuppressant,12,600
H26G459414,Comparecillin,Antifungal,12,600
T71N534729,Kitchenstatin,Vitamin,12,100
L72I174198,Spendvir,Antifungal,12,110
J10M956218,Fromvir,MuscleRelaxant,12,300
H41T403856,Machinevir,Cardiovascular,12,85
J0J219445,Hairvir,Vaccine,12,350
B33D503810,Pictureol,Antiviral,12,200
S88P227038,Everyzepam,Respiratory,12,80
V8K533663,Needin,Antifungal,12,95
R67T559844,Followxone,Anticonvulsant,12,500
S84B464129,Tooin,Diuretic,12,300
H25A10537,Morestatin,Immunosuppressant,12,80
Y13K286546,Patternin,Immunosuppressant,12,50
G31H684062,Boyol,Antibiotic,12,450
Q26A801168,Dropcillin,Antidepressant,12,115
A81H904184,Gunin,MuscleRelaxant,12,450
M40E215530,Eightol,Diuretic,12,500
S93I904535,Alonevir,Antibiotic,12,80
X67Y381707,Doctorvir,Vaccine,12,90
F99J807665,Republicanol,Antibiotic,12,650
W2B545668,Moneystatin,Vaccine,12,95
M60M724019,Kidxone,Vitamin,12,500
B91J925052,Sistercillin,Vaccine,12,600
T35B908736,Thenvir,Antipyretic,12,600
C27M248901,Voicezepam,Anticoagulant,12,500
S15K348252,Hitzepam,Cardiovascular,12,200
P73K798590,Hotxone,Antifungal,12,115
Z63T491523,Realitycillin,Cardiovascular,12,85
V70M981013,Scientistvir,Vaccine,12,550
K16H572915,Hearin,Anticonvulsant,12,125
O31W671636,Howeverstatin,Vaccine,12,450
M59Y729409,Truestatin,Antibiotic,12,120
K12U347359,Bringcillin,Vitamin,12,400
L16I409505,Nowxone,Immunosuppressant,12,500
Z3J662255,Turnin,Antibiotic,12,65
G66G980490,Humancillin,Antidepressant,12,120
O88N724963,Kindol,Antihistamine,12,115
V47C147536,Tripstatin,MuscleRelaxant,12,150
R23V966501,Whatevercillin,MuscleRelaxant,12,60
C28O49178,Leftstatin,Antifungal,12,250
O36D276620,Developmentin,Vaccine,12,85
K31A320478,Cupin,Antihypertensive,12,115
Q62V158483,Productionxone,Antiviral,12,200
G90E685547,Leaderxone,Immunosuppressant,12,100
Q80R714437,Rangevir,Analgesic,12,550
W53D767764,Morexone,Anticoagulant,12,300
R35D298686,Presidentxone,Anti-inflammatory,12,85
F63A450353,Changeol,Anticoagulant,12,550
X63D521575,Eithercillin,Antifungal,12,150
Z67X691861,Lawyervir,Antipsychotic,12,90
M57E275139,Occurxone,Anticoagulant,12,95
K39L946295,Storystatin,Anticoagulant,12,65
S90V137720,Onlyol,Analgesic,12,115
A44S411397,Govir,Antidepressant,12,600
V12L973661,Votezepam,Vaccine,12,150
W90F779346,Doctorvir,Analgesic,12,105
R52S944053,Happyxone,Diuretic,12,55
T64V120779,Sidexone,Steroid,12,55
J43B859678,Machinecillin,Anticonvulsant,12,60
B78S85444,Actuallyvir,Antihypertensive,12,80
C70M891247,Agreein,Respiratory,12,500
L91E687645,Individualstatin,Vitamin,12,50
F25H220817,Buildingvir,Diuretic,12,600
H3D984376,Availablestatin,Antibiotic,12,400
N32M78740,Namezepam,Cardiovascular,12,150
M25Q156894,Eyeol,Vaccine,12,450
X73P467936,Warol,Cardiovascular,12,90
Q95B449422,Reallyzepam,Immunosuppressant,12,150
F21C320150,Regionzepam,Vaccine,12,80
F65L236576,Finallyzepam,Antibiotic,12,350
F11F917993,Juststatin,Antipyretic,12,550
M82A321464,Popularstatin,Anti-inflammatory,12,60
W75B948030,Mentionol,MuscleRelaxant,12,600
G53M597463,Aroundxone,Vaccine,12,350
C71N772192,Nationvir,Antihypertensive,12,650
S75H663629,Latevir,Vaccine,12,400
O67R886765,Keyol,Analgesic,12,500
A51D903915,Animalcillin,Cardiovascular,12,450
J1Z97865,Uponcillin,Immunosuppressant,12,300
U60I584756,Orol,Analgesic,12,500
F72H798259,Wallstatin,Antihistamine,12,85
R49O368393,Wantcillin,Anti-inflammatory,12,300
L95U755315,Citizenstatin,Antifungal,12,115
Q66J289685,Suchcillin,Analgesic,12,300
V76B716645,Finestatin,Anti-inflammatory,12,400
O90B469944,Paintingxone,Immunosuppressant,12,100
Y68I663500,Casexone,Antibiotic,12,500
A95N347010,Approachcillin,Antibiotic,12,200
U34H613390,Trialstatin,Antipyretic,12,500
Z74V137575,Authorityin,Antiviral,12,85
X13P116475,Significantxone,Respiratory,12,550
M47I219709,Bagzepam,Antidepressant,12,55
N12W137834,Majoritycillin,Anticoagulant,12,650
A49W765342,Himzepam,Antifungal,12,300
U84M827640,Individualol,Antifungal,12,90
T45W76535,Offcillin,Antihistamine,12,90
O22H636822,Humanvir,Immunosuppressant,12,450
I86K757195,Meetingvir,Vitamin,12,350
P52K942256,Whoseol,MuscleRelaxant,12,65
D82A748288,Itsin,MuscleRelaxant,12,65
R47W506787,Ratherxone,MuscleRelaxant,12,110
C0Y231375,Barzepam,Immunosuppressant,12,150
E84J794875,Doin,Vaccine,12,150
O8A329601,Poorxone,Antifungal,12,105
Q62S713402,Towncillin,Diuretic,12,115
K72L25461,Partol,Antihistamine,12,450
L39F375245,Electionzepam,Steroid,12,150
K5O219847,Sciencezepam,Cardiovascular,12,550
X79C21573,Effortxone,Anticoagulant,12,110
E38S540089,Doorxone,Respiratory,12,300
C35K241049,Womanstatin,Antidepressant,12,65
M80U929090,Ontostatin,Cardiovascular,12,200
T42N740115,Preparevir,Antipsychotic,12,100
L70X700220,Conditionol,Antihistamine,12,100
I82M914843,Sayol,Vaccine,12,500
S71N213671,Readzepam,Antiviral,12,500
Z97M726602,Humanstatin,Antibiotic,12,50
H2P437411,Suddenlyvir,Anticonvulsant,12,600
E44X15304,Schoolzepam,Antibiotic,12,150
G25B352808,Hopezepam,Antibiotic,12,110
U22N121452,Openxone,Antihypertensive,12,450
V57K593508,Magazinecillin,Antihypertensive,12,65
D90I918143,Whomcillin,Cardiovascular,12,50
G2M240817,Roomzepam,Vitamin,12,60
Z54D243897,Severalin,Antipsychotic,12,550
K35M505054,Lotol,Antiviral,12,400
Q30T434144,Nationalxone,Vaccine,12,95
B4C690848,Majorxone,Antihistamine,12,400
K85N546110,Truthzepam,Respiratory,12,80
L98I733449,Recentstatin,Anticoagulant,12,300
N89J442943,Whosestatin,Antihistamine,12,300
C21S563580,Betweenstatin,Immunosuppressant,12,400
G22W204215,Inin,Anticoagulant,12,85
U20Q360697,Filmvir,Antipyretic,12,55
D16P699518,Industryvir,Antihistamine,12,400
N74K836551,Availablein,Vitamin,12,60
Q76M810421,Wherecillin,Antipsychotic,12,130
T65B462642,Agreementcillin,Cardiovascular,12,250
V63C913833,Lastol,Steroid,12,115
I56S449949,Newol,Anti-inflammatory,12,90
K13G197271,Doctorxone,MuscleRelaxant,12,300
Q63I714015,Buildingin,Vaccine,12,500
T66A434266,Tradein,Antipsychotic,12,150
C61M913915,Doorstatin,Antiviral,12,500
H3E833741,Fieldzepam,Antiviral,12,550
A25K757113,Missionvir,Anti-inflammatory,12,300
J86B14453,Agevir,Antifungal,12,95
K71Y811542,Useol,Anticoagulant,12,400
P96D653259,Travelin,Vitamin,12,115
K42G529989,Nothingxone,Analgesic,12,55
W61Y205156,Orderin,Antibiotic,12,65
C94D810207,Hotelol,Antipyretic,12,600
M32C729261,Activityol,Antifungal,12,550
H13A707690,Neverol,Immunosuppressant,12,75
S34S719264,Clearzepam,Diuretic,12,100
J58A113439,Buildingzepam,Antihypertensive,12,70
T18S732640,Soundcillin,Immunosuppressant,12,60
Q78U18018,Worldin,Anti-inflammatory,12,75
F98O227425,Futurezepam,Antibiotic,12,550
U31O432338,Fearvir,Antipsychotic,12,550
O77Y893128,Taskzepam,Antibiotic,12,90
R44Z472364,Decadeol,Anticonvulsant,12,650
O23S796183,Indeedvir,Anticoagulant,12,250
N4J400679,Ideaol,Steroid,12,75
J12P119963,Buildzepam,Anti-inflammatory,12,115
A56Y328051,Themselvesvir,Antipyretic,12,50
D87K710140,Sisterstatin,MuscleRelaxant,12,500
X59M999838,Attackin,Diuretic,12,450
K18V56811,Scenezepam,Respiratory,12,115
F51Y861177,Popularzepam,MuscleRelaxant,12,600
O12L171913,Lawcillin,Diuretic,12,550
Y63W314877,Aboutcillin,Antihypertensive,12,250
M44L123872,Discussol,Anticoagulant,12,250
G84Y759352,Seasonol,Antihypertensive,12,75
O32G393942,Somethingstatin,Antihistamine,12,250
B70A426808,Howin,Antidepressant,12,650
P99D130301,Lessvir,Immunosuppressant,12,350
Y88K776174,Bothol,Steroid,12,60
R58Z998318,Hotxone,MuscleRelaxant,12,650
P98O827835,Currentstatin,Antihistamine,12,60
P76K477539,Studentzepam,Anticonvulsant,12,50
Z59W58792,Forzepam,Antiviral,12,250
Q66W672645,Returnol,Steroid,12,70
C93Q309203,Yetvir,Vitamin,12,300
I41E156498,Faststatin,Antibiotic,12,500
E75J419709,Herecillin,Antibiotic,12,120
O0C198437,Difficultxone,Antibiotic,12,300
J14C859510,Actstatin,Cardiovascular,12,105
N77F621315,Taxzepam,Immunosuppressant,12,550
A12V198614,Changeol,Analgesic,12,95
B93I662532,Establishin,Immunosuppressant,12,100
Z28G247627,Levelzepam,Anticonvulsant,12,150
K68G964387,Successol,Anti-inflammatory,12,600
E24J741214,Performancexone,Antipsychotic,12,100
W87L259177,Interestin,Antihypertensive,12,150
M57N231301,Teacherstatin,Antihypertensive,12,400
W30B985723,Discusszepam,Immunosuppressant,12,650
M8E108953,Throughol,Antiviral,12,450
N23J627360,Catchin,Respiratory,12,60
E30V64517,Feelxone,Antifungal,12,300
U67T560410,Halfol,Analgesic,12,450
R22E850503,Fallvir,Analgesic,12,120
G63D162069,Answercillin,Antifungal,12,55
Y61Q588287,Halfcillin,Antihistamine,12,300
I82A869806,Enjoystatin,Antiviral,12,300
J12O133173,Evenol,Antihypertensive,12,550
M86H360246,Reduceol,Antipsychotic,12,300
L66B792483,Happyvir,Anticoagulant,12,500
S8L154972,Traditionalcillin,Respiratory,12,60
U83W713060,Turnin,Antipsychotic,12,200
Z32H695864,Officialol,Immunosuppressant,12,115
H64T704257,Acrossol,Diuretic,12,50
Z84L249733,Militaryin,Anticonvulsant,12,350
X62P948193,Drivein,Antihistamine,12,140
P40E427786,Bringcillin,Antihypertensive,12,70
P89J267290,Twoxone,Anticoagulant,12,120
X23A537154,Prettycillin,Vaccine,12,100
F60C820475,Sourcein,Analgesic,12,500
O63R625963,Colorzepam,Diuretic,12,550
S96T656863,Thisin,Immunosuppressant,12,400
Q73G729080,Notecillin,Antipsychotic,12,150
A47A182278,Trystatin,Antihypertensive,12,75
B81C311924,Cardol,Antifungal,12,300
F76E734240,Anythingvir,Vitamin,12,90
O79G763036,Friendzepam,Anti-inflammatory,12,85
M40U228078,Roomstatin,Antipsychotic,12,600
F11N997382,Teamstatin,Cardiovascular,12,105
P8M824240,Sensein,Antihypertensive,12,120
J5I827046,Churchol,Anti-inflammatory,12,200
V71Z994012,Sevenvir,Antipsychotic,12,450
Z4D823729,Receivevir,Steroid,12,150
C24H608790,Effortin,Anticonvulsant,12,70
F24H153927,Carvir,Antipyretic,12,75
X96A337498,Intool,Antipsychotic,12,60
W4N62247,Catchstatin,Antiviral,12,500
L91U628390,Reachzepam,Analgesic,12,75
J65R741753,Investmentstatin,MuscleRelaxant,12,300
E15T636299,Radiostatin,Anticonvulsant,12,90
F32Q776609,Agencyin,Cardiovascular,12,550
F51K16946,Suggestzepam,Antihypertensive,12,80
Q23X481820,Eveningol,Cardiovascular,12,450
O23L869159,Yourselfin,Steroid,12,90
N84P611593,Datain,Diuretic,12,650
D23K167039,Walkin,Respiratory,12,150
M68S988413,Hearzepam,Antipyretic,12,400
C80M796256,Dropzepam,Antihypertensive,12,50
T61I99042,Pictureol,Cardiovascular,12,150
U60G741334,Wrongin,Immunosuppressant,12,105
G49D267587,Somestatin,Antidepressant,12,300
C17F455945,Countrycillin,Steroid,12,450
I4L55046,Leadercillin,Anticoagulant,12,450
U70N331183,Politicscillin,Steroid,12,105
R22V706198,Sharevir,Antipsychotic,12,250
U60Q685559,Produceol,Antihistamine,12,115
D11O132678,Sectionxone,Analgesic,12,350
A63V35962,Enoughcillin,Vitamin,12,550
D25H711856,Watervir,Antidepressant,12,70
O92J710280,Lifeol,Analgesic,12,300
U89U402134,Bestol,Steroid,12,550
I19S777230,Fundstatin,Diuretic,12,650
D41E703868,Lifezepam,Antipsychotic,12,55
P22P890171,Positivein,Anticoagulant,12,600
C72J420017,Familycillin,Antihistamine,12,500
Q28O259954,Someoneol,Antifungal,12,650
A11A863237,Axone,Antihypertensive,12,650
M98Q374667,Artistzepam,Antidepressant,12,400
B91E424295,Coachxone,Cardiovascular,12,500
Z45B626475,Insidezepam,Analgesic,12,110
V25G952863,Agezepam,Antibiotic,12,115
L65N277444,Himol,Antipyretic,12,300
Q67P226047,Thoughtol,Antipyretic,12,80
Q49Z795325,Itsvir,Cardiovascular,12,50
I93A61091,Languageol,Antihistamine,12,450
T76L529230,Lawzepam,Respiratory,12,95
G32C558334,Whateverol,Antibiotic,12,550
B45J35405,Stationxone,Antihypertensive,12,650
L88W511032,Pastin,Antiviral,12,250
O56P887901,Singstatin,Antidepressant,12,550
F74U868237,Pressurestatin,Antifungal,12,300
W74B799923,Sometimesstatin,Antiviral,12,400
X38M24134,Oftenol,Respiratory,12,60
X65J694855,Ideain,Immunosuppressant,12,140
F50D481651,Otherstatin,Antihypertensive,12,85
N83O240395,Beatcillin,Antifungal,12,80
F50B789901,Beatstatin,Analgesic,12,85
M26Z964522,Stateol,Respiratory,12,50
T41D564388,Responsibilitystatin,Cardiovascular,12,450
M58P415196,Machinestatin,Antibiotic,12,85
Z85I587508,Savein,Vaccine,12,500
F18Z350693,Largein,Steroid,12,300
E26N615829,Doorvir,MuscleRelaxant,12,500
S3R589853,Policevir,Immunosuppressant,12,80
X89B365513,Bitol,Vaccine,12,300
Q90A647277,Watchxone,Vaccine,12,200
M83I558208,Usuallystatin,Steroid,12,55
D15K407457,Citystatin,Anti-inflammatory,12,85
V52M652570,Alongol,Vitamin,12,65
K18Y639476,Dayzepam,Analgesic,12,300
W68V416775,Strongzepam,Anticonvulsant,12,75
I82S601655,Televisionvir,MuscleRelaxant,12,350
R89U254564,Naturalin,Diuretic,12,500
Q53P319364,Carryzepam,Antihistamine,12,95
C81P104587,Usuallyvir,Antihypertensive,12,85
Y36L565734,Historystatin,MuscleRelaxant,12,50
S12C869911,Expertvir,Antipyretic,12,50
H4J602798,Rangexone,Antipsychotic,12,400
M29T611465,Eithercillin,Anticoagulant,12,110
Q54Q724758,Answerin,Antipsychotic,12,450
F47W749201,Variouscillin,Vitamin,12,130
H40I420848,Againxone,Antiviral,12,550
O49M683646,Willvir,MuscleRelaxant,12,90
A32R653848,Factcillin,MuscleRelaxant,12,350
M92M477021,Consumerol,Anticonvulsant,12,80
W11Y501621,Stockstatin,Diuretic,12,150
X78J361689,Economicvir,Vitamin,12,110
R5K536066,Fathervir,Antiviral,12,55
Y23J843332,Betweenzepam,Anticoagulant,12,50
B68J502135,Magazinevir,Vaccine,12,95
E2S599065,Missionvir,Vaccine,12,85
C42D53031,Sharevir,Antipsychotic,12,650
Q44U915237,Somethingxone,Diuretic,12,105
N34H237923,Pmcillin,Vaccine,12,75
E13P479774,Offstatin,Vitamin,12,200
P38L995791,Managervir,Antifungal,12,200
D56Y562302,Behaviorstatin,MuscleRelaxant,12,150
W89D116245,Stagezepam,Antihistamine,12,400
O49Z109626,Findcillin,Immunosuppressant,12,400
J5L220762,Applyxone,Anticonvulsant,12,300
X39V797753,Personalol,Respiratory,12,150
H12A463194,Worryol,Antiviral,12,550
Y71F596625,Picturevir,Antifungal,12,85
J52Z302916,Specificvir,Steroid,12,110
Q88Y921046,Choicevir,Steroid,12,450
M66P443586,Underin,Antihistamine,12,300
D72Y756584,Containin,Immunosuppressant,12,60
E94W340253,Standol,Immunosuppressant,12,300
S85G923586,Appearxone,Cardiovascular,12,70
K91H673746,Availablestatin,Antipsychotic,12,400
Z94M193392,Thatin,Immunosuppressant,12,50
X68T778088,Himselfcillin,Antifungal,12,65
J91Z661681,Rolecillin,Antihistamine,12,150
Y45F588964,Numbercillin,Antihypertensive,12,200
P49N265019,Beyondcillin,Antiviral,12,75
J68D349068,Perhapsstatin,Antifungal,12,75
P83L880774,Forin,Anticonvulsant,12,600
Q45G955483,Communityin,Vitamin,12,250
D6V875993,Herselfzepam,Vaccine,12,350
G41P119415,Importantxone,Respiratory,12,400
L74Z680994,Headin,Vaccine,12,300
O69Q273700,Growthxone,Cardiovascular,12,500
U19O884150,Authorityin,Antibiotic,12,110
Y36X707850,Wishxone,Vitamin,12,650
W90Y409256,Pricexone,Antipyretic,12,120
S95F238230,Economicol,Anticoagulant,12,55
V62O119417,Entirecillin,Antiviral,12,300
L68F914800,Tonightvir,Vaccine,12,55
D62P865280,Feelingstatin,Antipyretic,12,500
X0L8795,Floorxone,Antiviral,12,250
P33T390410,Politicsol,Antiviral,12,55
O78Q895020,Financialvir,Steroid,12,250
H71R348795,Dogin,Antihistamine,12,650
X63A566200,Keepxone,Antihistamine,12,75
S29O859314,Himxone,Antibiotic,12,115
O11R387100,Windxone,Immunosuppressant,12,80
K16F289756,Appearol,Anti-inflammatory,12,350
D72E337015,Termzepam,Diuretic,12,550
N54U671828,Whateverstatin,Vitamin,12,650
X3M235039,Linexone,Antiviral,12,300
H84N535073,Oldzepam,Antipsychotic,12,60
I8G726212,Administrationvir,Analgesic,12,150
E36X818512,Voicein,Anticoagulant,12,120
V77I110389,Plantstatin,MuscleRelaxant,12,550
J9I716063,Gardenin,Antiviral,12,55
P19V476180,Yesvir,Antifungal,12,150
W33P136837,Seezepam,Antipyretic,12,650
W50S720103,Admitzepam,Antihypertensive,12,140
W73O438019,Modelzepam,Antifungal,12,400
R81B887173,Anythingin,Respiratory,12,500
A85H275469,Occurin,Immunosuppressant,12,450
X32E934476,Endcillin,Antibiotic,12,550
W12E930181,Happenstatin,Vaccine,12,120
B48P177144,Statexone,Antidepressant,12,350
T64O643474,Losscillin,Antihistamine,12,550
E83S33568,Createol,Antipsychotic,12,95
G63E558108,Trialin,Vitamin,12,100
T4L401255,Minutevir,Antifungal,12,80
I89B662567,Familyvir,Antibiotic,12,105
J98M605121,Addstatin,Respiratory,12,300
X48L520521,Attackol,Antidepressant,12,350
B54R938239,Televisionstatin,Antidepressant,12,70
F83Q523881,Personvir,Antidepressant,12,150
S75Q787546,Longvir,Antipsychotic,12,100
K25A972969,Pagexone,MuscleRelaxant,12,60
L37M549587,Hospitalvir,Antihistamine,12,650
G93E102200,Myin,Antibiotic,12,85
P49K574670,Needxone,Anticonvulsant,12,400
Q70E221551,Termxone,Vitamin,12,55
H43S265621,Policycillin,Antihistamine,12,250
E31D872061,Wouldzepam,Antiviral,12,300
V41I260749,Almostol,Antihypertensive,12,55
A88Q393391,Eastzepam,Vitamin,12,300
C84G783422,Variouscillin,Antipyretic,12,130
I67Z307685,Factorxone,Antihistamine,12,100
K44R457556,Spendol,Respiratory,12,105
W60U115146,Americanstatin,Vaccine,12,55
H77G889062,Situationvir,Anti-inflammatory,12,650
A38R146675,Casein,Anti-inflammatory,12,300
A73T774708,Meancillin,Respiratory,12,250
H66M80951,Withoutstatin,Analgesic,12,140
T32T890988,Quicklycillin,Antipsychotic,12,600
I64T2150,Authorityzepam,Antiviral,12,100
Q19J311159,Performxone,Anti-inflammatory,12,600
T10U321718,Ourin,Vitamin,12,120
H89Z558860,Factstatin,Antifungal,12,115
Z78U14992,Assumexone,MuscleRelaxant,12,550
Z49C16708,Frontol,Anti-inflammatory,12,70
E28L100214,Turnxone,Anticoagulant,12,350
D18R779920,Smallzepam,Antifungal,12,120
T78P250816,Reachcillin,Antipsychotic,12,450
F26F585851,Carin,Anticonvulsant,12,350
F9W361400,Reallyin,Antipsychotic,12,350
W47E864212,Sixol,Antifungal,12,300
T39C461216,Pressurexone,Steroid,12,70
J2Z480086,Considerzepam,Respiratory,12,450
F62B530467,Focusvir,Analgesic,12,85
I72I525806,Interviewol,Antihypertensive,12,95
E77Z21712,Teachvir,Antipsychotic,12,75
W94H453360,Reflectstatin,Diuretic,12,70
Y29R918774,Regionstatin,MuscleRelaxant,12,70
K49W773249,Hardol,Steroid,12,300
N2U735921,Herselfol,Anticonvulsant,12,400
S94X365552,Losezepam,MuscleRelaxant,12,300
L65N49962,Momentxone,MuscleRelaxant,12,650
P31N302658,Acceptxone,Antidepressant,12,500
K87L15259,Factstatin,Antiviral,12,400
Z77J480439,Clearxone,Antihypertensive,12,150
L60G442201,Manin,Vitamin,12,130
Y73B345902,Publicxone,Antipsychotic,12,400
D32F362426,Badzepam,Vaccine,12,50
R43G822318,Fillstatin,Analgesic,12,125
D45N486679,Singlexone,Immunosuppressant,12,80
U22G859571,Agoxone,Anticoagulant,12,85
U21K740676,Powerxone,Anticonvulsant,12,500
S62T839967,Answerstatin,Antifungal,12,650
J55H707505,Orol,Antipsychotic,12,115
Q24W997433,Pointin,Immunosuppressant,12,150
J71P764875,Laststatin,Analgesic,12,300
U48E582134,Feelcillin,Antihypertensive,12,120
W69F739877,Airzepam,Diuretic,12,110
Z54X250286,Linezepam,Antipsychotic,12,95
E78M912552,Servevir,Cardiovascular,12,350
G60Q99606,Revealol,Vitamin,12,550
V0S455285,Lawstatin,Analgesic,12,450
G93P359522,Meetzepam,MuscleRelaxant,12,65
P97U22222,Requirevir,Antifungal,12,450
C57N610277,Piececillin,Antiviral,12,110
W45D193941,Summervir,Vitamin,12,70
L37T312383,Receiveol,Antihypertensive,12,110
V63I869916,Behindzepam,Antifungal,12,95
H67R839342,Bothvir,Antipyretic,12,250
D36R67381,Wishvir,Vaccine,12,450
L71Z43627,Southvir,Immunosuppressant,12,450
O19S2740,Althoughvir,Cardiovascular,12,300
S17X214797,Drawcillin,Respiratory,12,50
N61D542976,Considerzepam,Steroid,12,75
H38H110202,Resourcevir,Antifungal,12,500
Y0Q312111,Thingxone,Anti-inflammatory,12,650
E12W85287,Eightcillin,Immunosuppressant,12,55
K89C682403,Proveol,Antiviral,12,115
B74Z19110,Thingxone,Antihypertensive,12,55
R0U555153,Tellxone,Respiratory,12,70
G31T187701,Professionalvir,Anticonvulsant,12,350
T10X400885,Purposexone,Anti-inflammatory,12,600
Z67Y672941,Holdol,Diuretic,12,60
P61B786361,Layol,Anticonvulsant,12,300
B14W205923,Actuallyvir,Anticoagulant,12,500
H11T139372,Togetherxone,Cardiovascular,12,650
P22K394881,Energystatin,Antibiotic,12,250
F61G771753,Closexone,Antibiotic,12,50
J52R617755,Usestatin,Analgesic,12,90
S14I719754,Checkxone,Antipyretic,12,350
B86R625860,Meanol,Anticonvulsant,12,105
B99C870055,Activitystatin,Antihistamine,12,650
E81J511355,Forxone,Antipyretic,12,150
H83O5109,Tonightxone,Vitamin,12,65
W78I307907,Needcillin,Respiratory,12,200
G75U817853,Boyzepam,MuscleRelaxant,12,450
C57Z233698,Qualitycillin,Antihistamine,12,600
A61A707892,Wideol,Cardiovascular,12,200
H1T283989,Mentionstatin,Analgesic,12,550
I30V684573,Sincestatin,Immunosuppressant,12,100
C10U350558,Firstxone,Anti-inflammatory,12,110
L97V347531,Mancillin,Respiratory,12,150
T70F346581,Wholezepam,Vitamin,12,450
S86V980068,Oilcillin,Antihypertensive,12,75
C38N867891,Structurezepam,Antidepressant,12,250
V55V301488,Beginxone,Antifungal,12,100
M72P174625,Abovein,Anticoagulant,12,90
W82N386098,Researchzepam,Steroid,12,200
J38E901598,Livestatin,MuscleRelaxant,12,500
F82H944493,Sixol,Steroid,12,95
X54Y806556,Anythingol,Cardiovascular,12,70
Y53Q331359,Trainingzepam,Respiratory,12,75
E57D874059,Reachxone,Antihistamine,12,500
J13B51713,Budgetzepam,Cardiovascular,12,70
P82W526751,Mouthin,Antihistamine,12,650
L48V769899,Acrosszepam,Analgesic,12,600
J69X758236,Sevencillin,Antibiotic,12,85
T17A296236,Ideavir,Antidepressant,12,95
M77P408824,Visitin,Respiratory,12,600
T63L559154,Collegezepam,Steroid,12,70
Q16T730430,Becausezepam,Anticonvulsant,12,300
F90U613267,Gostatin,Antihistamine,12,65
R10A316820,Religiouscillin,Antifungal,12,75
Y59L243816,Casexone,Vaccine,12,105
G48I845506,Benefitin,Vitamin,12,600
N88Q633986,Owncillin,Antidepressant,12,110
I91E520342,Babyin,Respiratory,12,450
B11E266041,Candidatecillin,MuscleRelaxant,12,300
U52B707250,Factvir,Diuretic,12,70
D77E288448,Managecillin,Antipyretic,12,110
Y52B801340,Performancezepam,Diuretic,12,450
I89E988763,Headxone,Analgesic,12,140
C30V562626,Bothin,Diuretic,12,150
D41W751908,Wonderol,Respiratory,12,550
A57Z89529,Truthzepam,Vitamin,12,250
I85G246394,Factorol,Anticonvulsant,12,60
V0F207098,Speechvir,Antihistamine,12,550
M32J262941,Surfacezepam,Anticonvulsant,12,95
N75H642056,Smilein,Vaccine,12,75
M73U406069,Bookstatin,Antipyretic,12,600
H41C297480,Friendzepam,Vitamin,12,50
V96S674846,Impactin,Vaccine,12,135
Y44N383563,Itzepam,MuscleRelaxant,12,80
L30O404318,Organizationol,Anticoagulant,12,95
Z48U115490,Addresscillin,Antiviral,12,450
C62C981468,Amountzepam,Antidepressant,12,150
T79S172544,Throwxone,Antihypertensive,12,110
I26M530144,Theoryin,Antihistamine,12,85
N64S13131,Publiczepam,Antipyretic,12,550
Y61U310921,Underol,Antiviral,12,115
T2A345189,Mightol,Anti-inflammatory,12,150
H92M734192,Governmentol,Antipyretic,12,150
R71N321285,Wrongstatin,Steroid,12,60
V76N54388,Freestatin,Vaccine,12,70
X37R422722,Certainin,Antiviral,12,95
H52O151921,Causezepam,Vitamin,12,300
N68X515614,Wouldcillin,Antipyretic,12,60
D53Y862711,Statecillin,Antihypertensive,12,550
G18I971911,Windowcillin,Diuretic,12,115
Q50B754786,Coachvir,Antihistamine,12,105
K89Y933478,Authorityxone,MuscleRelaxant,12,500
R69Q992248,Northol,Antipyretic,12,115
I52T980892,Societyin,Antiviral,12,300
N18I459139,Greenol,Antiviral,12,250
O12U152967,Moveol,MuscleRelaxant,12,350
H20T842555,Benefitxone,Anti-inflammatory,12,60
H40L682022,Establishol,Diuretic,12,450
I47F670292,Feelcillin,Antidepressant,12,100
G25H588393,Keepin,Antifungal,12,95
M43G108240,Placevir,Anti-inflammatory,12,200
Z88W133116,Singstatin,Antifungal,12,500
Y13P82434,Centurystatin,Anticoagulant,12,75
T37A3879,Opportunitycillin,Respiratory,12,300
Z65B422498,Numberstatin,Cardiovascular,12,600
H14M83424,Raisestatin,Anticoagulant,12,450
Y49S491404,Civilol,Vitamin,12,55
D28Q897098,Realitycillin,Respiratory,12,550
D59C34300,Enterstatin,Immunosuppressant,12,110
X86N801594,Familyzepam,Vaccine,12,55
Z2I136624,Becausexone,Antihistamine,12,130
C53J781981,Againstvir,Antidepressant,12,50
Z3I299373,Actioncillin,Anticoagulant,12,70
I94D180389,Housevir,Antihistamine,12,250
R92A968347,Appearin,Respiratory,12,70
C11N228154,Realityxone,Anti-inflammatory,12,65
R84X832875,Faststatin,Steroid,12,550
K70X604102,Goalvir,MuscleRelaxant,12,600
Y74F111276,Endstatin,Analgesic,12,150
X74S541901,Someonecillin,Antifungal,12,600
K48J88831,Haveol,Respiratory,12,600
S21Y821111,Landin,Respiratory,12,300
W51O613440,Singlestatin,Vitamin,12,300
R70Z661868,Difficultzepam,Antipsychotic,12,550
R46N652680,Laterol,Antipsychotic,12,200
X45B752307,Businessin,Antipsychotic,12,65
L0N570027,Maintainin,Antibiotic,12,650
R36C610065,Systemcillin,Diuretic,12,115
R1L71282,Thousandzepam,Cardiovascular,12,55
J30F825131,Hundredstatin,Immunosuppressant,12,300
T79N51845,Nextzepam,MuscleRelaxant,12,450
V50W476688,Createzepam,Anticonvulsant,12,450
D60Q700131,Speechxone,Cardiovascular,12,300
U35U332470,Casezepam,Anticonvulsant,12,95
P91G143468,Yeahvir,Antipyretic,12,400
W55O845182,Rathervir,Cardiovascular,12,110
N42P928729,Authorstatin,Antifungal,12,350
J29D336068,Brotherin,Anticoagulant,12,75
W7A35438,Thosecillin,Antipsychotic,12,85
S11T386161,Laterol,Diuretic,12,350
S79H208652,Civilcillin,Steroid,12,450
J82R879793,Insteadstatin,Immunosuppressant,12,55
C72A572116,Morevir,Antiviral,12,300
C78E203742,Propertyol,Vitamin,12,110
T92D176920,Remainxone,Antipsychotic,12,50
K50G229451,Halfzepam,Respiratory,12,105
X94V120993,Payxone,Steroid,12,90
V96X248215,Chargexone,Anti-inflammatory,12,350
X58U868794,Republicanol,Diuretic,12,500
S38A953155,Controlzepam,Antidepressant,12,85
J17C396547,Realxone,Analgesic,12,650
Q4E638924,Firmcillin,Diuretic,12,550
U48D331499,Fiveol,Antidepressant,12,200
X27U463318,Sectionxone,Cardiovascular,12,300
J92D420974,Goodol,Antihistamine,12,150
D71H577852,Internationalxone,Antidepressant,12,250
G30O54653,Byvir,Respiratory,12,75
F88Q232405,Uponol,Antiviral,12,75
I99L825749,Medicalin,Diuretic,12,120
J50V716966,Successfulin,Analgesic,12,650
V90X868019,Localol,Antibiotic,12,450
X6Z194540,Stagexone,Anti-inflammatory,12,120
I1B74082,Admitstatin,Analgesic,12,450
M24J138386,Byzepam,Analgesic,12,300
D70U549285,Economicin,Antidepressant,12,95
Y47W107205,Couplecillin,MuscleRelaxant,12,200
V36H192438,Churchvir,Antihypertensive,12,450
D78U53095,Ballstatin,Antipsychotic,12,100
S18G881737,Callstatin,Vitamin,12,115
O56H804051,Relationshipstatin,Analgesic,12,110
J75S15916,Actvir,Respiratory,12,200
P83S452772,Positivevir,Anticonvulsant,12,350
T98K966778,Useol,Diuretic,12,600
V73J147842,Employeein,Anticonvulsant,12,95
H54H199864,Maybezepam,Respiratory,12,600
F43Z169177,Recognizevir,Antibiotic,12,60
S74J849996,Candidateol,Respiratory,12,350
B59T780394,Policestatin,Antipsychotic,12,250
I8I318770,Marketin,Anti-inflammatory,12,600
V7I970883,Southin,Anticonvulsant,12,80
L3O427825,Couplexone,Cardiovascular,12,300
A50N3425,Homeol,Vaccine,12,450
S67I559056,Sciencevir,MuscleRelaxant,12,350
O51R291408,Moneyxone,Analgesic,12,110
P96T168478,Methodcillin,Cardiovascular,12,500
P57R884857,Cardzepam,Vaccine,12,150
Q72E272643,Thezepam,Antibiotic,12,400
N16H428129,Joinin,Antipyretic,12,150
G15U397555,Alreadyxone,Anti-inflammatory,12,75
C17Y536874,Improvestatin,Cardiovascular,12,300
I27R638893,Centercillin,Cardiovascular,12,85
Q98D774759,Eithercillin,Anti-inflammatory,12,600
Q35S107355,Perhapscillin,MuscleRelaxant,12,600
P62Z521348,Simplystatin,Anti-inflammatory,12,105
S88F332078,Coststatin,Antihistamine,12,450
O96H192006,Technologyxone,Anticonvulsant,12,65
B16K64042,Listin,Antifungal,12,400
G31O734874,Listenxone,Antihypertensive,12,200
A7X218876,Turnstatin,Vaccine,12,500
F23X937329,Worldzepam,Antiviral,12,500
W67Z181365,Firein,Steroid,12,60
H28X829960,Democraticol,Anti-inflammatory,12,350
Y55U221025,Forwardstatin,Respiratory,12,100
I76P800994,Authoritystatin,Antibiotic,12,600
F66L548147,Sinceol,Antipsychotic,12,200
S83N110506,Termstatin,Anticoagulant,12,350
E14B419504,Airxone,Cardiovascular,12,55
S89R916299,Samevir,Vitamin,12,90
U82P39900,Groundol,Anticoagulant,12,80
M13H533703,Staffxone,Antiviral,12,55
T63E923067,Whenstatin,Steroid,12,500
Q57W41557,Surfacexone,Antiviral,12,400
Y50I63119,Littlein,MuscleRelaxant,12,350
J99T472059,Newzepam,Antihistamine,12,450
E99A455442,Theorycillin,Vitamin,12,105
N51Y384618,Insteadzepam,Anticonvulsant,12,50
Y78N242943,Wonderin,Antibiotic,12,70
Z4G266772,Wrongstatin,Anticonvulsant,12,500
R35X375113,Shortin,Antihypertensive,12,95
N17M55539,Guyxone,Antipyretic,12,150
N38V203620,Awaystatin,Antihistamine,12,90
O49O798225,Choicevir,Vitamin,12,100
R14E154846,Testol,Antidepressant,12,85
Z4Y112021,Therein,Antipyretic,12,50
S39C813719,Claimin,Steroid,12,200
P59W654969,Keepin,Diuretic,12,110
E60K781458,Classstatin,Antibiotic,12,105
Z31D548733,Intereststatin,Antipyretic,12,600
X15H214498,Purposeol,Antihypertensive,12,450
P64Z63167,Readvir,Immunosuppressant,12,60
R13W345253,Throwxone,Antipsychotic,12,85
C8S419295,Thoughxone,MuscleRelaxant,12,90
T66E591531,Heartol,Antidepressant,12,300
Z39X909863,Effectcillin,Immunosuppressant,12,150
I15U13675,Wifeol,Immunosuppressant,12,85
N79Q261581,Ratherxone,Anti-inflammatory,12,300
Q23V858693,Trialcillin,Antihistamine,12,400
P18J290790,Policein,Immunosuppressant,12,600
F95D698289,Wecillin,Antipsychotic,12,250
N95Z915148,Peoplein,Vitamin,12,300
C38K27282,Figurein,Antidepressant,12,650
J94Y102358,Ofxone,Antipsychotic,12,100
H8A2571,Couplein,Antibiotic,12,600
B20D453435,Manyvir,Antiviral,12,650
N23E556760,Lifecillin,Antipyretic,12,65
E30B653567,Messageol,Diuretic,12,85
K96G272437,Starxone,Anticoagulant,12,95
B72W957083,Frontxone,Anticonvulsant,12,650
R87R995655,Courtin,Diuretic,12,80
P84J192304,Skinzepam,Analgesic,12,500
D88X549846,Abilitystatin,Diuretic,12,300
T95J669136,Positionzepam,Antidepressant,12,150
I59U792630,Measurecillin,MuscleRelaxant,12,100
L80V27616,Somebodyvir,Antifungal,12,50
H62Z662309,Increasezepam,Anticonvulsant,12,500
B34S516583,Politicscillin,Anticoagulant,12,300
Q32E807216,Nowstatin,Antidepressant,12,350
L2K673559,Pointxone,Steroid,12,85
V22O3533,Sourcexone,Steroid,12,250
O44R536118,Shakestatin,Antihypertensive,12,115
Y47L925372,Politicalol,Steroid,12,200
A37K292518,Conditionstatin,Analgesic,12,450
R97S198890,Thanvir,Vaccine,12,300
S4P675114,Oldol,Antidepressant,12,300
T34T439183,Growthin,Antihypertensive,12,70
B19T374129,Decisionol,Anticoagulant,12,145
D56U595700,Thesein,Antibiotic,12,600
T22U200488,Lessvir,Vaccine,12,600
F56R306746,Buildingin,Antipsychotic,12,70
S29E746301,Turncillin,Antibiotic,12,65
F10Y988439,Enjoyxone,Antihypertensive,12,65
T86Z286590,Enjoyvir,Respiratory,12,400
A82D752358,Everyol,Antidepressant,12,50
L83W411599,Billionstatin,Steroid,12,80
A43M447312,Workin,Analgesic,12,400
O84N816083,Factol,Respiratory,12,200
I26M194879,Towardol,Antihypertensive,12,50
M72L760300,Themcillin,Antihistamine,12,550
N51O738778,Professorin,Antihypertensive,12,250
H16P175845,Rolezepam,Antihypertensive,12,55
X92G742170,Dinnercillin,Vitamin,12,90
K67K813553,Usuallyol,Anti-inflammatory,12,400
V20N877192,Badvir,Antipsychotic,12,300
C74I74999,Agool,MuscleRelaxant,12,550
G69U649779,Fearol,Antipyretic,12,450
Y29R294516,Closevir,Diuretic,12,65
I97D379336,Identifyin,Respiratory,12,650
N46L860556,Electionvir,Antiviral,12,450
U21D835832,Machinestatin,Antifungal,12,350
J32E305951,Reachcillin,Analgesic,12,115
V76D685292,Politicsin,Respiratory,12,60
V57U422929,Oncein,Analgesic,12,80
U2O792315,Populationvir,Antibiotic,12,90
E17G294118,Typestatin,Anticonvulsant,12,45
W71O717197,Savestatin,Antipyretic,12,150
V9A904359,Militaryol,Antibiotic,12,650
E36N226876,Internationalol,Antihypertensive,12,200
P56Z742499,Wallxone,Vaccine,12,115
A73I900261,Lotin,Antihypertensive,12,250
J70F487969,Continuestatin,Anticoagulant,12,75
E60M94880,Specificvir,Antipsychotic,12,350
X92L236830,Existol,Diuretic,12,650
L73W386140,Eventin,Antifungal,12,650
O51N429187,Secondin,Anticonvulsant,12,85
I22G738680,Dropin,Antibiotic,12,70
E95P687783,Firexone,Vitamin,12,110
B57L220942,Messagestatin,Anticoagulant,12,110
G76R474881,Anotherol,Antipyretic,12,60
X51N817848,Quicklycillin,MuscleRelaxant,12,65
O35L816040,Marketxone,Vaccine,12,70
N83B283757,Assumevir,Antidepressant,12,150
C44X650607,Ourzepam,Antipyretic,12,600
D92G799512,Ownol,Antidepressant,12,600
M9Y482318,Seaxone,Anticoagulant,12,450
X48T141261,Decidezepam,Immunosuppressant,12,110
A15L480869,Withoutol,Steroid,12,100
T50E296165,Partyvir,Antiviral,12,120
C30B892890,Capitalstatin,Cardiovascular,12,60
Y65X835222,Candidatein,Antiviral,12,600
D12V746238,Maybexone,Antipyretic,12,300
C70C244353,Candidatevir,Respiratory,12,115
N94W886836,Variousstatin,Antidepressant,12,350
R91B80162,Checkol,Vitamin,12,105
H19K158363,Informationxone,Analgesic,12,70
Q55L341696,Althoughxone,Anticonvulsant,12,105
Y57Z75601,Physicalxone,Antipsychotic,12,600
H56S667133,Mexone,Vaccine,12,300
R51D77488,Withstatin,Anticonvulsant,12,80
W98D134591,Churchin,Antihypertensive,12,250
N79E884221,Seaol,Diuretic,12,105
H43X742833,Indicatestatin,Anticonvulsant,12,150
U70V494572,Treatmentcillin,Antifungal,12,600
K4K472428,Yesin,Antihistamine,12,70
O10J13229,Courtol,Antipsychotic,12,300
S19Y251302,Focusol,Antiviral,12,100
Q2H169568,Outvir,Antihypertensive,12,50
B50C998343,Waterol,Anti-inflammatory,12,200
K69D621731,Productol,Steroid,12,550
W73D215901,Resourcezepam,Antipyretic,12,200
H58N480993,Variousin,Anticonvulsant,12,85
D9H666315,Energystatin,Antihistamine,12,90
S12I136546,Talkzepam,Anticoagulant,12,500
M90C404145,Fastzepam,Vaccine,12,115
W80D827950,Tendvir,Antihistamine,12,300
O30M133823,Positioncillin,Immunosuppressant,12,500
V93Z115820,Sensezepam,Antibiotic,12,600
Y43U791474,Readycillin,Anti-inflammatory,12,115
J14G532408,Itselfstatin,Anticonvulsant,12,95
H45L376533,Classstatin,Vitamin,12,70
L68M225588,Performanceol,Anticonvulsant,12,70
I43A395615,Behindol,Cardiovascular,12,120
B44X76550,Attorneyol,Antihistamine,12,150
Q9I581785,Responsibilitycillin,Vaccine,12,70
U18Q654648,Lightcillin,Analgesic,12,120
J4K896247,Suddenlycillin,Anticoagulant,12,110
Y83V224509,Economyzepam,Antihistamine,12,55
F96D489222,Somebodycillin,Antibiotic,12,50
T71O781203,Admitxone,Anti-inflammatory,12,115
V20J822093,Sendvir,Antihypertensive,12,300
N83F111953,Byxone,Antihypertensive,12,500
Q42H283448,Yescillin,MuscleRelaxant,12,350
T83Y636893,Wifevir,Antifungal,12,85
J22H949985,Skillxone,Antidepressant,12,300
Q19Z873354,Smallzepam,Antipyretic,12,55
N24R381706,Responsibilityin,Immunosuppressant,12,55
V55Q423203,Takein,Respiratory,12,135
F83J864302,Pricestatin,Steroid,12,45
D66O910263,Landzepam,Analgesic,12,350
J11Z378240,Preventxone,Antibiotic,12,55
N82F871215,Songstatin,Antiviral,12,100
I94P736461,Customercillin,Antihistamine,12,150
Z92P465902,Agovir,Antidepressant,12,110
G97O273119,Throwol,Steroid,12,250
T61G232815,Springzepam,Immunosuppressant,12,100
V69N61988,Worrystatin,Anti-inflammatory,12,115
V19Q247100,Howeverstatin,Analgesic,12,400
H55C730679,Scenezepam,Antipsychotic,12,120
K36V582200,Costxone,Vitamin,12,600
X67S192829,Stockstatin,Respiratory,12,60
S64B961020,Wrongstatin,Vitamin,12,120
P43M133840,Beatzepam,Diuretic,12,300
U70S97433,Worldin,Immunosuppressant,12,350
X87B498393,Seemin,Antihypertensive,12,450
F25K622756,Nearin,Respiratory,12,300
U57K162788,Reportvir,Vitamin,12,95
C23Z479731,Churchstatin,Antipyretic,12,500
E26C757774,Fearzepam,Antidepressant,12,50
E49F597550,Bigvir,Antihistamine,12,200
N7K517602,Okzepam,Antipsychotic,12,90
X3W410316,Determinestatin,Anti-inflammatory,12,120
U31I73317,Agencyvir,Vitamin,12,400
Z39S649802,Fivexone,Vaccine,12,350
B35U145061,Lightvir,Anticoagulant,12,105
Y43M262665,Putzepam,Anticonvulsant,12,85
K32R193306,Seekol,Cardiovascular,12,65
N79I241,Onein,Antipyretic,12,95
O54K943195,Performancestatin,Anticonvulsant,12,105
V76O311200,Joinstatin,Vitamin,12,60
V9S171245,Placecillin,Vaccine,12,120
H25Q289889,Songol,Respiratory,12,140
S60T547065,Wrongvir,Cardiovascular,12,250
F84W500915,Colorstatin,Antiviral,12,150
O46V238862,Professorcillin,Anticonvulsant,12,300
X63O544836,Whatevercillin,Antidepressant,12,600
E24S991771,Necessaryin,Antibiotic,12,45
T30R806349,Researchzepam,Cardiovascular,12,300
Q91D748307,Wantxone,Immunosuppressant,12,90
L63T965834,Simplyol,Anticoagulant,12,75
Q72C942000,Easyvir,Steroid,12,75
G73E80201,Culturexone,Anti-inflammatory,12,350
K86U210618,Throwstatin,Respiratory,12,500
X57U461302,Betterol,MuscleRelaxant,12,60
R44B35057,Impactvir,Anticonvulsant,12,60
Z43R780071,Oneol,Vitamin,12,250
V69N724943,Resultvir,Antifungal,12,110
F70K174599,Sendstatin,MuscleRelaxant,12,350
V23D439038,Assumein,Antiviral,12,105
L28K94785,Currentzepam,Anticoagulant,12,300
G13G849323,Fromvir,Antihypertensive,12,200
J7Y603628,Laughin,Diuretic,12,300
Z51C119888,Eightcillin,Antidepressant,12,550
G35E19063,Paintingstatin,Antihistamine,12,300
W26W614288,Positivevir,Vaccine,12,70
U72I539741,Enoughxone,Antidepressant,12,90
I33V358964,Ratherol,Antifungal,12,250
F74Q433149,Windxone,Cardiovascular,12,300
T8V384135,Makecillin,Anticoagulant,12,145
K31W681100,Turnzepam,Diuretic,12,650
K3Y795680,Staffxone,Antihistamine,12,60
I73D152696,Democratcillin,Antiviral,12,150
V66Q370771,Hugezepam,Vaccine,12,150
K97B730687,Itsol,Antihypertensive,12,400
F16G540702,Citystatin,Antipyretic,12,65
F10V920785,Projectstatin,Antidepressant,12,500
O97Q692362,Yourzepam,Diuretic,12,65
H86I254841,Fullzepam,Analgesic,12,85
M51S129579,Necessaryol,Antihistamine,12,115
N70Y527061,Mrsxone,Steroid,12,150
E61R417893,Windstatin,Respiratory,12,300
A59P153331,Capitalol,Vaccine,12,550
I19I100419,Causestatin,Steroid,12,450
I54Z258938,Alreadystatin,Anticonvulsant,12,600
O38Q974790,Drivezepam,Antiviral,12,80
D31W423157,Picturein,Anticoagulant,12,55
Y86C603295,Earlystatin,Anti-inflammatory,12,550
G41O747973,Fishzepam,Antibiotic,12,550
Q78N932155,Usein,Antidepressant,12,120
Y62Y197038,Widexone,Antipsychotic,12,50
T92O586202,Drivevir,Anti-inflammatory,12,200
F31N606654,Historyxone,Diuretic,12,250
S35K902319,Standin,Anticoagulant,12,350
N32K592749,Democraticstatin,MuscleRelaxant,12,250
Y85I674872,Boardcillin,Antipyretic,12,60
X72I188846,Resultol,MuscleRelaxant,12,150
C35P610232,Itsin,Vaccine,12,200
V23F265755,Debatecillin,Antipsychotic,12,650
I35P494582,Answerxone,Antiviral,12,85
N19B765759,Differentol,Antihistamine,12,300
J45R664757,Tozepam,MuscleRelaxant,12,100
T15N774188,Cupstatin,Anticoagulant,12,200
N12K823783,Worryvir,Immunosuppressant,12,85
B69Z711233,Alwayszepam,Analgesic,12,400
B73D588593,Chancexone,Steroid,12,300
S1V50494,Standin,Vaccine,12,300
U38S37051,Statestatin,Diuretic,12,75
O61K18590,Oncillin,Immunosuppressant,12,115
T2V116772,Pmin,Antihistamine,12,200
I46T501139,Personxone,Respiratory,12,60
X14S798628,Naturalzepam,Antidepressant,12,200
L56D239066,Taskstatin,Anticonvulsant,12,115
R34R62788,Officercillin,Antihypertensive,12,150
A38H63885,Specificin,Immunosuppressant,12,200
U21Y582855,Roadol,Cardiovascular,12,300
Y93R368385,Americanol,Vitamin,12,110
X63P170434,Fourstatin,Antifungal,12,650
G68G945852,Groundzepam,Anticoagulant,12,65
B17O342210,Datacillin,Antidepressant,12,200
O8S342198,Safevir,Antihistamine,12,450
B35T804888,Lawzepam,Cardiovascular,12,200
L67C81890,Awaycillin,Antihistamine,12,105
C22C568937,Hospitalvir,Analgesic,12,110
O56Y273131,Remainol,Immunosuppressant,12,100
P6S835826,Democraticxone,Antipyretic,12,200
A86D507877,Facein,Anticoagulant,12,150
P56K780038,Similarol,Vaccine,12,85
X61E157844,Teamvir,Cardiovascular,12,550
G4M620123,Carryxone,Antipsychotic,12,80
B76E778761,Headol,Anti-inflammatory,12,85
N22A155655,Recognizexone,Anticonvulsant,12,400
B76N77866,Activityxone,Vaccine,12,100
D93J467574,Answerzepam,Antipsychotic,12,450
O33S851911,Rangevir,Antihypertensive,12,400
C50G184690,Oilvir,Steroid,12,250
I44B465205,Scenecillin,Analgesic,12,70
S16H296979,Centralol,Anticoagulant,12,135
W12M478882,Staffcillin,Antibiotic,12,105
P80N318821,Expertcillin,Cardiovascular,12,60
J65S992354,Appearin,MuscleRelaxant,12,110
S55W795396,Matterxone,Steroid,12,50
N60G278085,Eightvir,Antiviral,12,150
Q66Y813037,Parentol,Diuretic,12,450
O78S745646,Clearzepam,Antibiotic,12,55
Z35B874837,Sciencecillin,Antifungal,12,600
V0D143772,Seemxone,MuscleRelaxant,12,300
R23W518513,Simplyxone,Analgesic,12,95
O14M836952,Keepcillin,Anti-inflammatory,12,80
F65E578307,Participantol,Antipyretic,12,300
K0J20764,Bloodvir,Steroid,12,90
T7J562662,Americanin,Anticonvulsant,12,650
Y91I635159,Sostatin,Anticonvulsant,12,450
Y87S787357,Specialstatin,Antipsychotic,12,550
B54U155516,Thiszepam,Antihistamine,12,350
H49P726836,Norol,Respiratory,12,550
U72M456825,Leavevir,Antifungal,12,450
P86E139755,Barin,Steroid,12,500
J86Q554254,Ownol,Antihistamine,12,400
L63H579181,Feelxone,Anticonvulsant,12,450
O59K484557,Approachol,Antihistamine,12,120
V14H551749,Anotherstatin,Respiratory,12,400
T95F19425,Decideol,Antiviral,12,400
X0G637856,Stagevir,Anticonvulsant,12,95
A96V696743,Uponin,Vitamin,12,110
G18T110800,Themselvesstatin,Vaccine,12,90
P92W836596,Sciencexone,Diuretic,12,110
G45L12999,Travelol,Antipsychotic,12,200
G68H874478,Sciencevir,Anti-inflammatory,12,90
B91H934949,Secondin,Analgesic,12,70
G14H520079,Addressstatin,Vaccine,12,100
M20N167663,Occurcillin,Anticoagulant,12,120
N77X821509,Investmentin,Steroid,12,600
V59J674540,Processvir,Antipsychotic,12,250
R86T693532,Soundcillin,Anti-inflammatory,12,105
X58D531365,Treatin,Antipyretic,12,80
H76A699723,Performcillin,Cardiovascular,12,80
F84K677957,Notvir,Anticoagulant,12,450
M40X161528,Dinnervir,Anticoagulant,12,650
S71L726523,Picturecillin,Antiviral,12,150
G75B477277,Thenvir,Anticonvulsant,12,85
N82T83738,Throughoutxone,Antifungal,12,400
T51I755405,Purposecillin,Anti-inflammatory,12,90
F32P917999,Somezepam,MuscleRelaxant,12,300
N94L958238,Speechcillin,Anticonvulsant,12,90
V2O289021,Analysisin,Vaccine,12,150
J30U95761,Instatin,Vaccine,12,450
X84Z388403,Describecillin,Antifungal,12,350
X7B549636,Canol,Antifungal,12,300
G30U786714,Lowol,Steroid,12,250
D14Q425543,Ifvir,Antipyretic,12,250
G70R454835,Candidatexone,Antihypertensive,12,65
V33X404032,Lawvir,Antihypertensive,12,200
T55W214562,Marketxone,MuscleRelaxant,12,350
S70L356995,Writezepam,Vitamin,12,600
Q94M171780,Applyin,Antiviral,12,600
F90M845132,Himselfzepam,Antihistamine,12,500
O20Z105860,Weekin,Anti-inflammatory,12,300
W29N258121,Greenzepam,Antidepressant,12,300
Q77D880736,Bluestatin,Antipsychotic,12,115
S45A448817,Westcillin,Analgesic,12,500
D29N506091,Usuallyxone,MuscleRelaxant,12,115
X29V318037,Visitin,Antidepressant,12,150
U77J422342,Watchol,Anticonvulsant,12,350
Q36T477507,Instatin,Antibiotic,12,85
M14H150964,Phonezepam,Anticonvulsant,12,250
V10I108577,Whosexone,Respiratory,12,80
C89C905484,Subjectol,Analgesic,12,650
D34K546399,Managementzepam,Immunosuppressant,12,400
J42D312257,Administrationzepam,Antibiotic,12,350
A48K32094,Majorcillin,MuscleRelaxant,12,150
X53Y204021,Ideazepam,Anticoagulant,12,500
Q98A514555,Ifxone,Antihistamine,12,650
H89Y544808,Developmentstatin,Antihypertensive,12,500
U5F244342,Machinezepam,Antihistamine,12,350
F23X899394,Currentvir,Analgesic,12,55
U81L870420,Leastvir,Analgesic,12,150
U90L527409,Tonightxone,Respiratory,12,95
F59Y888067,Republicanstatin,Vitamin,12,60
K43W411361,Westatin,Cardiovascular,12,100
P88U373485,Peoplezepam,Steroid,12,650
J91R131737,Againin,Analgesic,12,400
C64F490798,Billzepam,Anti-inflammatory,12,50
V5L846624,Insteadzepam,Anticonvulsant,12,300
Q6V62590,Writercillin,Vaccine,12,650
J10J616738,Individualxone,Vaccine,12,80
H73I126179,Flyzepam,Antifungal,12,450
N61M253048,Animalcillin,Antihistamine,12,450
Z33B312934,Businesszepam,Antihistamine,12,500
R98M306691,Collectioncillin,Antidepressant,12,600
P45W46599,Collegecillin,Vaccine,12,300
W40F761372,Mediain,Steroid,12,350
B72B975338,Positioncillin,Cardiovascular,12,115
Z66P998077,Valueol,Anti-inflammatory,12,300
S94B103890,Himselfxone,Diuretic,12,150
J20Y785070,Artistcillin,Antiviral,12,300
M57E763978,Quicklyxone,Anticoagulant,12,60
U49G945257,Fourzepam,Antidepressant,12,70
A82W143361,Phoneol,Anti-inflammatory,12,110
B46Q320810,Sciencevir,MuscleRelaxant,12,75
T95H350422,Successfulvir,Anticoagulant,12,105
V78E789719,Particularlyin,Respiratory,12,115
B36I13583,Whateverin,Vitamin,12,65
E89Q608903,Similarxone,Diuretic,12,100
G44K711635,Stagestatin,Anti-inflammatory,12,350
W5A661517,Populationzepam,Antifungal,12,500
A99K208000,Americanzepam,Antipyretic,12,300
P24R92151,Itscillin,Antipyretic,12,150
Q22R550214,Cityzepam,Antihistamine,12,650
P53W787332,Processzepam,Vaccine,12,300
Y11M504857,Processvir,Antipsychotic,12,100
X6U67740,Membercillin,MuscleRelaxant,12,140
U25K730794,Allowin,Cardiovascular,12,135
C18T97262,Summercillin,Vitamin,12,300
Z70W41689,Administrationvir,Anticonvulsant,12,250
J34P584200,Smilecillin,Anticoagulant,12,650
V11H348322,Seriouscillin,Antibiotic,12,200
L72A441670,Safestatin,Vaccine,12,600
M77Y892203,Sendin,MuscleRelaxant,12,650
C42U565665,Healthin,Anticonvulsant,12,145
N12Z162752,Ownerin,Antipyretic,12,400
E87Z559506,Ontostatin,Antihypertensive,12,100
R97G678021,Centerin,Diuretic,12,115
U83P688602,Hevir,Antifungal,12,650
A68F267169,Tendin,Anti-inflammatory,12,65
Q89Q682865,Airxone,Steroid,12,50
J92J608527,Defenseol,Antihypertensive,12,550
M14C655859,Treatvir,Steroid,12,500
P1C841338,Formzepam,Steroid,12,110
B22T817670,Typexone,Analgesic,12,50
T24E324545,Thisxone,Antipsychotic,12,350
U79G581308,Politicalzepam,Cardiovascular,12,450
B55V357147,Laughvir,Antifungal,12,200
G94W459619,Reducestatin,Antipyretic,12,95
C73L982634,Statementzepam,Antipsychotic,12,150
J28D283997,Veryin,Immunosuppressant,12,115
B40V672576,Youzepam,Anti-inflammatory,12,300
Z34N914253,Stayxone,Antipyretic,12,650
K57F614565,Yourselfin,Anti-inflammatory,12,500
E80V223325,Prettyvir,Diuretic,12,75
Q91C736736,Businesszepam,Antipsychotic,12,200
B14E416657,Candidatein,Vaccine,12,450
P64I103025,Rangezepam,Respiratory,12,60
P10Z384805,Startin,Immunosuppressant,12,85
V76U256198,Admitcillin,Immunosuppressant,12,300
P95X937362,Willin,Antibiotic,12,650
L32C706791,Breakzepam,Anticoagulant,12,95
M72Y759801,Aboutzepam,Immunosuppressant,12,550
D12N150968,Aroundxone,Anticonvulsant,12,650
O49V941984,Communityxone,Diuretic,12,400
R56Z874409,Bookvir,Anticonvulsant,12,300
W24U832584,Keepvir,Anti-inflammatory,12,100
O24I704629,Thoughtstatin,MuscleRelaxant,12,105
X37Q824904,Usuallyvir,Antihypertensive,12,650
D14V761651,Arrivexone,Antibiotic,12,80
X44U404940,Shexone,Cardiovascular,12,70
N61X349166,Speakcillin,Antifungal,12,200
O21M222072,Approachin,Vitamin,12,200
C9P490791,Alwaysstatin,Vaccine,12,650
L24K367326,Appearxone,Antipsychotic,12,350
L56U85336,Namezepam,Antipyretic,12,80
Z66T612818,Returnvir,Antidepressant,12,650
T41E27568,Haircillin,Antipyretic,12,70
F96Y375664,Lastvir,Anticoagulant,12,60
O12T741698,Anyonein,Antifungal,12,115
Y46J832757,Despitexone,Antihistamine,12,550
X79L398549,Duringzepam,Diuretic,12,100
J11O635454,Computerxone,Antipsychotic,12,600
J84K486083,Forwardvir,Cardiovascular,12,500
A15M116723,Ratherol,Antiviral,12,650
A78B273900,Leaderin,Anticoagulant,12,70
H13K351217,Productionol,Analgesic,12,400
A11V773669,Onlyin,Diuretic,12,450
E5N791125,Rolevir,Vitamin,12,70
O55M394764,Watchin,Antihistamine,12,90
Q4Z860888,Althoughzepam,Antifungal,12,90
W65B410743,Suddenlyin,Cardiovascular,12,250
M93C917185,Whyin,Cardiovascular,12,300
U26W251121,Attackzepam,Anticoagulant,12,95
A46S125378,Shouldzepam,Cardiovascular,12,300
M59S784929,Whozepam,Antifungal,12,120
Y85A377666,Energyzepam,Antihypertensive,12,75
O3Z188523,Challengein,Antihypertensive,12,200
B42R613611,Buildzepam,Antihistamine,12,300
X94O198183,Rockstatin,Antihypertensive,12,55
F25M444616,Bettercillin,Steroid,12,550
V35Q531387,Suchin,Vitamin,12,150
K52W59867,Describexone,Anticonvulsant,12,95
W57F996199,Managementxone,Steroid,12,600
Y34F217220,Startol,Anticonvulsant,12,70
K89W149758,Sevencillin,Antipsychotic,12,60
V71K186664,Musicstatin,Antiviral,12,300
I41K940220,Resultin,Antiviral,12,550
Y53A838489,Responsecillin,Vitamin,12,150
B52K561305,Decadestatin,MuscleRelaxant,12,250
R44C558290,Followstatin,Analgesic,12,90
H80N26624,Determinexone,Vaccine,12,200
X82B205542,Betweenzepam,Respiratory,12,75
T25B869644,Coldol,Vitamin,12,80
K75T990449,Enjoycillin,Antipyretic,12,55
O60E857492,Controlstatin,Cardiovascular,12,300
E37V644567,Threezepam,Antihypertensive,12,350
B32N71797,Youngin,Antihypertensive,12,300
P12U648336,Backzepam,Anticonvulsant,12,500
P72Z106282,Capitalin,Cardiovascular,12,125
T50Q639841,Materialstatin,Antiviral,12,95
S34O437208,Conditionin,Antiviral,12,150
K75J393408,Flyol,Antiviral,12,75
G98K137234,Informationol,Antiviral,12,105
Z42R809576,Religiouszepam,MuscleRelaxant,12,70
E53N112630,Thirdcillin,Antipsychotic,12,75
S60I135560,Brotherin,Antipyretic,12,650
U90Z190148,Hardxone,Respiratory,12,90
W17I299499,Offxone,Antidepressant,12,550
I71X47933,Finishcillin,Vitamin,12,140
C6S478611,Taxstatin,Antihistamine,12,500
R7D568093,Classol,Respiratory,12,75
N2H968592,Writerstatin,Vaccine,12,300
I89D193615,Stockcillin,Antihistamine,12,450
O97Z582800,Treexone,Vaccine,12,110
B58E426617,Majorityxone,Antifungal,12,400
R8D310403,Underxone,Anticonvulsant,12,250
L20Q757349,Skillzepam,Steroid,12,75
M4V4583,Learncillin,Vaccine,12,450
L68J594623,Windcillin,Antifungal,12,135
E87R857118,Throwin,Antiviral,12,500
M63N101425,Camerastatin,Antiviral,12,550
L64S997571,Wallol,Anti-inflammatory,12,600
B27P121977,Mightol,Antibiotic,12,50
M4A927926,Actzepam,Antihistamine,12,500
V37S484897,Bagxone,Anticoagulant,12,70
W53Z361408,Radiocillin,Antipsychotic,12,120
R97J999103,Statein,Steroid,12,110
V87C354588,Musiczepam,Analgesic,12,70
S80A976977,Twoxone,Diuretic,12,550
X98D71432,Streetzepam,Anticonvulsant,12,85
M86O127671,Missionzepam,Diuretic,12,300
X16Z971411,Ideaol,Respiratory,12,80
X29C811172,Thexone,Diuretic,12,85
I16R654905,Operationcillin,Anti-inflammatory,12,120
B89V425515,Audiencezepam,Immunosuppressant,12,120
K8W354899,Musicin,Analgesic,12,200
T55V897248,Generationvir,Anticoagulant,12,450
N41R162637,Futurecillin,Vaccine,12,60
U10D270752,Surfacecillin,Antipsychotic,12,50
C93N495604,Whyol,Diuretic,12,90
I68P153556,Prepareol,Anti-inflammatory,12,300
J55C423676,Seatxone,Immunosuppressant,12,500
B20P305241,Collegestatin,Respiratory,12,60
O10M431248,Wallol,Anticonvulsant,12,650
N59V598397,Firmstatin,Anti-inflammatory,12,200
R19B71163,Earlycillin,MuscleRelaxant,12,50
T12S12456,Blackstatin,Antipsychotic,12,150
S0U763680,Eyeol,Diuretic,12,150
R48C723605,Bestin,Antiviral,12,60
S27E984132,Conditionin,Vitamin,12,90
W17K505035,Teachvir,Steroid,12,350
N47T788403,Earlyvir,Antifungal,12,250
K9G949311,Twocillin,MuscleRelaxant,12,60
P49G625839,Certainlystatin,Vaccine,12,120
D75R170053,Evidencevir,Antifungal,12,115
O93K612093,Withoutstatin,Antipsychotic,12,600
E67J912175,Usein,Anticoagulant,12,400
Y35J722439,Beautifulcillin,Respiratory,12,400
P35E350965,Twoin,Antihypertensive,12,500
U2C875702,Alongcillin,Cardiovascular,12,200
J90Y287958,Orderstatin,Antipyretic,12,75
T35L857290,Includestatin,Antipyretic,12,90
G99M866953,Byol,Anticoagulant,12,300
A4Q282017,Behaviorol,Antibiotic,12,90
G33S180790,Frontcillin,Antiviral,12,90
B76T146969,Finallyvir,Immunosuppressant,12,95
N35Z103354,Yetol,Cardiovascular,12,400
D17B200084,Bodystatin,Analgesic,12,75
R49N482417,Commercialstatin,Antipyretic,12,450
Q44K693297,Budgetvir,Antifungal,12,115
L57V675511,Wrongzepam,Vitamin,12,100
D13Z949099,Officialin,Analgesic,12,70
K56Y364749,Differentin,Antipyretic,12,105
U40S361506,Lastcillin,Antipyretic,12,650
V89Y913820,Scientistol,Anticonvulsant,12,110
H2B545027,Yearin,Antiviral,12,90
A0Z938578,Practicecillin,Antidepressant,12,55
E83X830506,Halfcillin,Respiratory,12,55
O36P739966,Mostin,Antibiotic,12,150
L33B327074,Economicstatin,Vitamin,12,600
F87T745353,Buildin,Steroid,12,350
B2N702167,Makestatin,Antihistamine,12,600
U17Y608392,Meetstatin,Antidepressant,12,80
L46M575592,Holdvir,Anti-inflammatory,12,300
Z60M702577,Piececillin,Anticoagulant,12,550
Z19I526692,Leftcillin,Antidepressant,12,65
E32Y581169,Attackstatin,MuscleRelaxant,12,350
Q34U902835,Machineol,Respiratory,12,100
B9M970367,Certainlystatin,MuscleRelaxant,12,65
D96U514278,Likevir,Antiviral,12,250
O82T208387,Managementol,Vitamin,12,400
A99O133673,Increasevir,Steroid,12,150
P79V49254,Byzepam,Antipsychotic,12,500
S11N802208,Getcillin,Anti-inflammatory,12,80
B88D693280,Hopevir,Cardiovascular,12,70
V42R843024,Wouldzepam,MuscleRelaxant,12,500
X32A744249,Religiousxone,Anticonvulsant,12,75
F8Z148359,Mightcillin,Immunosuppressant,12,200
Z23W751009,Civilcillin,Anticoagulant,12,50
T25L554974,Performancexone,Antibiotic,12,60
R49H834442,Amongcillin,Immunosuppressant,12,105
T41T246221,Addressvir,Steroid,12,90
Z39C527992,Participantstatin,MuscleRelaxant,12,70
L13L806357,Windxone,Antibiotic,12,55
A91A831369,Peacevir,Diuretic,12,110
L25Y856170,Howeverstatin,Antibiotic,12,650
D34G403598,Sometimeszepam,Antipsychotic,12,300
X89R48079,Givevir,Steroid,12,100
D70S996376,Leastin,Antipyretic,12,500
R41L996851,Realzepam,Vitamin,12,400
D87R162755,Becomestatin,Antifungal,12,400
E97E138005,Naturalvir,Immunosuppressant,12,400
M33U273196,Nearstatin,Anticonvulsant,12,250
X63R241283,Glasscillin,Antihypertensive,12,500
N31U165390,Headxone,Anticonvulsant,12,85
T26E419961,Modernol,Antipsychotic,12,105
V7Q164981,Whethervir,Antifungal,12,300
J56E985176,Fieldzepam,Antifungal,12,250
S32I28160,Callstatin,Analgesic,12,60
G22S872191,Earlyin,Antiviral,12,200
A53Q117072,Threestatin,Anticonvulsant,12,200
B12Y845808,Twoin,Antipsychotic,12,250
G97S629886,Mediastatin,Diuretic,12,600
L49H119896,Doorxone,Anticoagulant,12,400
U84S414797,Totalol,Cardiovascular,12,300
I15S613766,Meetingcillin,Antipyretic,12,110
U39V892126,Setol,Antipyretic,12,110
O79J881019,Noticexone,Vitamin,12,550
Y78C972992,Homexone,Antipsychotic,12,55
Y28P561453,Treatmentstatin,Antipsychotic,12,50
X88I845217,Wallcillin,Antibiotic,12,550
E10H978731,Newsstatin,Steroid,12,650
E6H620148,Projectstatin,Anti-inflammatory,12,200
Z47A523958,Everyin,Analgesic,12,85
U22M593065,Herecillin,Antidepressant,12,250
C85G97822,Remainxone,Vitamin,12,450
Z2Y628880,Timeol,Antihistamine,12,350
H28W556398,Democraticxone,Antipsychotic,12,600
F98H592601,Beautifulzepam,Anticoagulant,12,90
F41O302421,Yearstatin,Antipsychotic,12,80
V81G604737,Examplexone,Antiviral,12,100
E90F693136,Centralin,Anticonvulsant,12,300
R76Y251782,Understandin,Steroid,12,150
E72W301798,Easyzepam,Vitamin,12,250
Q42S49818,Chanceol,Anticonvulsant,12,90
D10I932086,Servicestatin,Vitamin,12,550
X91W641742,Townol,Antifungal,12,200
I18D902539,Theyzepam,MuscleRelaxant,12,300
K6E28696,Majorol,Antiviral,12,400
G21Q532006,Executivestatin,Respiratory,12,95
B48E695363,Meetingxone,Antibiotic,12,550
W91X344378,Tablecillin,Respiratory,12,450
M38E749883,Environmentvir,Diuretic,12,115
L94O734337,Viewol,Cardiovascular,12,500
E37M387085,Taxvir,Vaccine,12,120
O15I102386,Stagexone,Vitamin,12,115
K64J376371,Abilitystatin,Antidepressant,12,110
G31U511883,Whethercillin,Immunosuppressant,12,550
N48P533992,Recognizein,MuscleRelaxant,12,600
G29C341894,Unitvir,Antidepressant,12,550
K98L667045,Bornzepam,Antipyretic,12,60
X74T227128,Althoughin,Anticonvulsant,12,250
W76A509716,Sensevir,MuscleRelaxant,12,110
A44D157774,Securityxone,MuscleRelaxant,12,75
X58W905069,Bedxone,Analgesic,12,600
E2V432013,Alwaysin,Antipyretic,12,110
V5E758032,Backstatin,Antiviral,12,115
Z15D338871,Butzepam,Anti-inflammatory,12,650
T1B476449,Successfulvir,Analgesic,12,450
M81P6408,Communitystatin,Anti-inflammatory,12,55
Q66X350602,Sufferstatin,Steroid,12,550
Z54C76310,Finishzepam,Antidepressant,12,300
L28Q534032,Wherestatin,Antibiotic,12,60
D10C774880,Stylezepam,Steroid,12,200
A76D191792,Watchol,Antipsychotic,12,85
G19G301271,Discussionin,Anti-inflammatory,12,100
